Ticker,Name,Industry,Sub-Industry,Headquarters Location,Date added,Founded,description
MMM,3M,Industrials,Industrial Conglomerates,"Saint Paul, Minnesota",3/4/1957,1902,"3M Company develops, manufactures, and markets various products worldwide. It operates through four business segments: Safety and Industrial, Transportation and Electronics, Health Care, and Consumer. The Safety and Industrial segment offers personal safety products, industrial adhesives and tapes, abrasives, closure and masking systems, electrical markets, automotive aftermarket, and roofing granules to industrial, electrical, and safety markets. The Transportation and Electronics provides electronics, such as display materials and systems, electronic materials solutions; automotive and aerospace, and commercial solutions; advanced materials; and transportation safety products to transportation and electronic original equipment manufacturer customers. The Health Care segment offers medical and surgical supplies, skin health and infection prevention products, oral care, separation and purification sciences, health information systems, drug delivery systems, and food safety products to healthcare industry. The Consumer segment provides home improvement, home care, and consumer health care products, as well as stationery and office supplies to various consumers. This segment is also involved in the retail auto care business. It offers its products through various e-commerce and traditional wholesalers, retailers, jobbers, distributors, and dealers, as well as directly to users. 3M Company has a strategic collaboration with Merry Maids in residential cleaning sector. The company was founded in 1902 and is headquartered in St. Paul, Minnesota."
AOS,A. O. Smith,Industrials,Building Products,"Milwaukee, Wisconsin",7/26/2017,1916,"A. O. Smith Corporation manufactures and markets residential and commercial gas and electric water heaters, boilers, tanks, and water treatment products in North America, China, Europe, and India. It operates through two segments, North America and Rest of World. The company offers water heaters for residences, restaurants, hotels and motels, office buildings, laundries, car washes, and small businesses; residential and commercial boilers for space heating applications in hospitals, schools, hotels, and other commercial buildings; and water treatment products, including on-the-go filtration bottles, point-of-use carbon and reverse osmosis products, point-of-entry water softeners, and whole-home water filtration products for residences, restaurants, hotels, and offices. It also provides food and beverage filtration products; expansion tanks, commercial solar water heating systems, swimming pool and spa heaters, and related products and parts; and heat pumps, combi-boilers, solar tank units, and air purification products. The company offers its products primarily under the A. O. Smith, State, Lochinvar, and water softener brands. It distributes its products through independent wholesale plumbing distributors, as well as through retail channels consisting of hardware and home center chains, and manufacturer representative firms; and offers Aquasana branded products directly to consumers through e-commerce, as well as other online retailers. The company was founded in 1874 and is headquartered in Milwaukee, Wisconsin."
ABT,Abbott,Health Care,Health Care Equipment,"North Chicago, Illinois",3/4/1957,1888,"Abbott Laboratories discovers, develops, manufactures, and sells health care products worldwide. It operates in four segments: Established Pharmaceutical Products, Diagnostic Products, Nutritional Products, and Medical Devices. The Established Pharmaceutical Products segment provides generic pharmaceuticals for the treatment of pancreatic exocrine insufficiency, irritable bowel syndrome or biliary spasm, intrahepatic cholestasis or depressive symptoms, gynecological disorder, hormone replacement therapy, dyslipidemia, hypertension, hypothyroidism, M√É¬©ni√É¬®re's disease and vestibular vertigo, pain, fever, inflammation, and migraine, as well as provides anti-infective clarithromycin, influenza vaccine, and products to regulate physiological rhythm of the colon. The Diagnostic Products segment offers laboratory systems in the areas of immunoassay, clinical chemistry, hematology, and transfusion; molecular diagnostics systems that automate the extraction, purification, and preparation of DNA and RNA from patient samples, as well as detect and measure infectious agents; point of care systems; cartridges for testing blood; rapid diagnostics lateral flow testing products; molecular point-of-care testing for HIV, SARS-CoV-2, influenza A and B, RSV, and strep A; cardiometabolic test systems; drug and alcohol test, and remote patient monitoring and consumer self-test systems; and informatics and automation solutions for use in laboratories. The Nutritional Products segment provides pediatric and adult nutritional products. The Medical Devices segment offers rhythm management, electrophysiology, heart failure, vascular, and structural heart devices for the treatment of cardiovascular diseases; and diabetes care products, as well as neuromodulation devices for the management of chronic pain and movement disorders. The company was founded in 1888 and is based in North Chicago, Illinois."
ABBV,AbbVie,Health Care,Pharmaceuticals,"North Chicago, Illinois",12/31/2012,2013 (1888),"AbbVie Inc. discovers, develops, manufactures, and sells pharmaceuticals in the worldwide. The company offers HUMIRA, a therapy administered as an injection for autoimmune and intestinal Beh√É¬ßet's diseases; SKYRIZI to treat moderate to severe plaque psoriasis in adults; RINVOQ, a JAK inhibitor for the treatment of moderate to severe active rheumatoid arthritis in adult patients; IMBRUVICA to treat adult patients with chronic lymphocytic leukemia (CLL), small lymphocytic lymphoma (SLL), mantle cell lymphoma, waldenstr√É¬∂m's macroglobulinemia, marginal zone lymphoma, and chronic graft versus host disease; VENCLEXTA, a BCL-2 inhibitor used to treat adults with CLL or SLL; and MAVYRET to treat patients with chronic HCV genotype 1-6 infection. It also provides CREON, a pancreatic enzyme therapy for exocrine pancreatic insufficiency; Synthroid used in the treatment of hypothyroidism; AndroGel for males diagnosed with symptomatic low testosterone; Linzess/Constella to treat irritable bowel syndrome with constipation and chronic idiopathic constipation; Lupron for the palliative treatment of advanced prostate cancer, endometriosis and central precocious puberty, and patients with anemia caused by uterine fibroids; and Botox therapeutic. In addition, the company offers ORILISSA, a nonpeptide small molecule gonadotropin-releasing hormone antagonist for women with moderate to severe endometriosis pain; Duopa and Duodopa, a levodopa-carbidopa intestinal gel to treat Parkinson's disease; Lumigan/Ganfort, a bimatoprost ophthalmic solution for the reduction of elevated intraocular pressure (IOP) in patients with open angle glaucoma (OAG) or ocular hypertension; Ubrelvy to treat migraine with or without aura in adults; Alphagan/ Combigan, an alpha-adrenergic receptor agonist for the reduction of IOP in patients with OAG; and Restasis, a calcineurin inhibitor immunosuppressant to increase tear production. The company was incorporated in 2012 and is based in North Chicago, Illinois."
ACN,Accenture,Information Technology,IT Consulting & Other Services,"Dublin, Ireland",7/6/2011,1989,"Accenture plc, a professional services company, provides strategy and consulting, interactive, and technology and operations services worldwide. The company also provides outsourcing services. It serves communications, media, high tech, software, and platform companies; banking, capital market, and insurance industries; and consumer goods, retail, travel services, industrial, and life science industries, as well as clients in health, public service, chemicals and natural resources, energy, and utilities sectors. Accenture plc has alliance relationships with Adobe, Alibaba, Amazon Web Services, Blue Yonder, Cisco, Dell, Google, HPE, IBM RedHat, Microsoft, Oracle, Pegasystems, Salesforce, SAP, ServiceNow, VMWare, Workday, Massachusetts Institute of Technology, Institut Polytechnique de Paris, CNH Industrial, and Reactive Technologies. The company was incorporated in 2009 and is based in Dublin, Ireland."
ATVI,Activision Blizzard,Communication Services,Interactive Home Entertainment,"Santa Monica, California",8/31/2015,2008,"Activision Blizzard, Inc., together with its subsidiaries, develops and publishes interactive entertainment content and services in the Americas, Europe, the Middle East, Africa, and the Asia Pacific. The company operates through three segments: Activision Publishing, Inc.; Blizzard Entertainment, Inc.; and King Digital Entertainment. It develops and distributes content and services on video game consoles, personal computers, and mobile devices, including subscription, full-game, and in-game sales, as well as by licensing software to third-party or related-party companies that distribute Activision and Blizzard products. The company also maintains a proprietary online gaming service, Battle.net that facilitates digital distribution of content, online social connectivity, and the creation of user-generated content. In addition, it operates esports leagues and offer digital advertising content; and provides warehousing, logistics, and sales distribution services to third-party publishers of interactive entertainment software, as well as manufacturers of interactive entertainment hardware products. The company's key product franchises include Call of Duty, World of Warcraft, Diablo, Hearthstone, Overwatch, and Candy Crush. It serves retailers and distributors, including mass-market retailers, consumer electronics stores, discount warehouses, and game specialty stores through third-party distribution and licensing arrangements. Activision Blizzard, Inc. is headquartered in Santa Monica, California."
ADM,ADM,Consumer Staples,Agricultural Products,"Chicago, Illinois",3/4/1957,1902,"Archer-Daniels-Midland Company procures, transports, stores, processes, and merchandises agricultural commodities, products, and ingredients in the United States and internationally. The company operates through three segments: Ag Services and Oilseeds, Carbohydrate Solutions, and Nutrition. It procures, stores, cleans, and transports agricultural raw materials, such as oilseeds, corn, wheat, milo, oats, and barley. The company also engages in the agricultural commodity and feed product import, export, and distribution; and structured trade finance activities. In addition, it offers vegetable oils and protein meals; ingredients for the food, feed, energy, and industrial customers; crude vegetable oils, salad oils, margarine, shortening, and other food products; and partially refined oils to produce biodiesel and glycols for use in chemicals, paints, and other industrial products. Further, the company provides peanuts, peanut-derived ingredients, and cotton cellulose pulp; sweeteners, corn and wheat starches, syrup, glucose, wheat flour, and dextrose; alcohol and other food and animal feed ingredients; ethyl alcohol and ethanol; corn gluten feed and meal, as well as distillers' grains; and citric acids. Additionally, the company provides natural flavor ingredients, flavor systems, natural colors, proteins, emulsifiers, soluble fiber, polyols, hydrocolloids, and natural health and nutrition products, including probiotics, prebiotics, enzymes, and botanical extracts; and other specialty food and feed ingredients; edible beans; formula feeds, and animal health and nutrition products; and contract and private label pet treats and foods. It also offers futures commission merchant and insurance services. The company was founded in 1902 and is headquartered in Chicago, Illinois."
ADBE,Adobe Inc.,Information Technology,Application Software,"San Jose, California",5/5/1997,1982,"Adobe Inc. operates as a diversified software company worldwide. Its Digital Media segment provides tools and solutions that enable individuals, teams, and enterprises to create, publish, promote, and monetize their digital content. Its flagship product is Creative Cloud, a subscription service that allows customer to download and access the latest versions of its creative products. This segment serves content creators, experience designers, app developers, enthusiasts, students, social media users, and creative professionals; and marketing departments and agencies, companies, and publishers. The company's Digital Experience segment offers products, services, and solutions for creating, managing, executing, measuring, monetizing, and optimizing customer experiences from analytics to commerce. This segment serves marketers, advertisers, agencies, publishers, merchandisers, merchants, web analysts, data scientists, developers, marketing executives, information management and technology executives, product development executives, and sales and support executives. Its Publishing and Advertising segment offers products and services, such as e-learning solutions, technical document publishing, web conferencing, document and forms platform, web application development, and high-end printing, as well as publishing needs of technical and business, and original equipment manufacturers (OEMs) printing businesses. The company offers its products and services directly to enterprise customers through its sales force and local field offices, as well as to end users through app stores and through its website at adobe.com. It also distributes products and services through a network of distributors, value-added resellers, systems integrators, software vendors and developers, retailers, and OEMs. The company was formerly known as Adobe Systems Incorporated and changed its name to Adobe Inc. in October 2018. The company was founded in 1982 and is headquartered in San Jose, California."
ADP,ADP,Information Technology,Data Processing & Outsourced Services,"Roseland, New Jersey",3/31/1981,1949,"Automatic Data Processing, Inc. provides cloud-based human capital management solutions worldwide. It operates through two segments, Employer Services and Professional Employer Organization (PEO). The Employer Services segment offers strategic, cloud-based platforms, and human resources (HR) outsourcing solutions. Its offerings include payroll, benefits administration, talent management, HR management, workforce management, insurance, retirement, and compliance services. The PEO Services segment provides HR outsourcing solutions to small and mid-sized businesses through a co-employment model. This segment offers benefits package, protection and compliance, talent engagement, comprehensive outsourcing, and recruitment process outsourcing services. The company was founded in 1949 and is headquartered in Roseland, New Jersey."
AAP,Advance Auto Parts,Consumer Discretionary,Automotive Retail,"Raleigh, North Carolina",7/9/2015,1932,"Advance Auto Parts, Inc. provides automotive replacement parts, accessories, batteries, and maintenance items for domestic and imported cars, vans, sport utility vehicles, and light and heavy duty trucks. The company offers battery accessories; belts and hoses; brakes and brake pads; chassis and climate control parts; clutches and drive shafts; engines and engine parts; exhaust systems and parts; hub assemblies; ignition components and wires; radiators and cooling parts; starters and alternators; and steering and alignment parts. It also offers air conditioning chemicals and accessories; air fresheners; antifreeze and washer fluids; electrical wires and fuses; electronics; floor mats, seat covers, and interior accessories; hand and specialty tools; lighting products; performance parts; sealants, adhesives and compounds; tire repair accessories; vent shades, mirrors and exterior accessories; washes, waxes and cleaning supplies; and wiper blades. In addition, the company offers air filters; fuel and oil additives; fuel filters; grease and lubricants; motor oils; oil filters, part cleaners and treatments; and transmission fluids for engine maintenance. Further, it offers battery and wiper installation; engine light scanning and checking; electrical system testing; video clinic; oil and battery recycling; and loaner tool program services. Additionally, the company sells its products through its Website. It serves professional installers and do-it-yourself customers. The company operates stores under the Advance Auto Parts, Autopart International, and Carquest brands, as well as branches under the Worldpac name. As of January 2, 2021, it operated 4,806 stores and 170 branches in the United States, Puerto Rico, the U.S. Virgin Islands, and Canada; and served 1,277 independently owned Carquest branded stores in Mexico, Grand Cayman, the Bahamas, Turks and Caicos, and the British Virgin Islands. The company was founded in 1929 and is based in Raleigh, North Carolina."
AES,AES Corporation,Utilities,Independent Power Producers & Energy Traders,"Arlington, Virginia",10/2/1998,1981,"The AES Corporation operates as a diversified power generation and utility company. It owns and/or operates power plants to generate and sell power to customers, such as utilities, industrial users, and other intermediaries. The company also owns and/or operates utilities to generate or purchase, distribute, transmit, and sell electricity to end-user customers in the residential, commercial, industrial, and governmental sectors; and generates and sells electricity on the wholesale market. It uses a range of fuels and technologies to generate electricity, including natural gas, coal, pet coke, diesel, and oil, as well as renewables, such as hydro, solar, wind, energy storage, biomass, and landfill gas. The company owns and/or operates a generation portfolio of approximately 30,308 megawatts. It has operations in the United States, Puerto Rico, El Salvador, Chile, Colombia, Argentina, Brazil, Mexico, Central America, the Caribbean, Europe, and Asia. The company was formerly known as Applied Energy Services, Inc. and changed its name to The AES Corporation in April 2000. The AES Corporation was incorporated in 1981 and is headquartered in Arlington, Virginia."
AFL,Aflac,Financials,Life & Health Insurance,"Columbus, Georgia",5/28/1999,1955,"Aflac Incorporated, through its subsidiaries, provides supplemental health and life insurance products. It operates through two segments, Aflac Japan and Aflac U.S. The Aflac Japan segment offers cancer, medical, income support, GIFT, and whole and term life insurance products, as well as WAYS and child endowment plans under saving type insurance products in Japan. The Aflac U.S. segment provides cancer, accident, short-term disability, critical care, hospital indemnity, dental, vision, long-term care and disability, and term and whole life insurance products in the United States. It sells its products through sales associates, brokers, independent corporate agencies, individual agencies, and affiliated corporate agencies. The company was founded in 1955 and is headquartered in Columbus, Georgia."
A,Agilent Technologies,Health Care,Health Care Equipment,"Santa Clara, California",6/5/2000,1999,"Agilent Technologies, Inc. provides application focused solutions to the life sciences, diagnostics, and applied chemical markets worldwide. The Life Sciences and Applied Markets segment offers liquid and gas chromatography systems and components; liquid and gas chromatography mass spectrometry systems; inductively coupled plasma mass and optical emission spectrometry instruments; atomic absorption instruments; microwave plasma-atomic emission spectrometry instruments; raman spectroscopy; cell analysis plate based assays; flow cytometer; real-time cell analyzer; cell imaging systems; microplate readers; laboratory software, information management, and analytics; laboratory automation and robotic systems; dissolution testing; vacuum pumps; and measurement technologies. The Diagnostics and Genomics segment provides arrays for DNA mutation detection, genotyping, gene copy number determination, identification of gene rearrangements, DNA methylation profiling, and gene expression profiling, as well as sequencing target enrichment, genetic data management, and interpretation support software; and equipment to produce synthesized oligonucleotide. It also offers immunohistochemistry, in situ hybridization, and hematoxylin and eosin staining and special staining; instruments, consumables, and software for quality control analysis of nucleic acid samples; and reagents for use in turbidimetry and flow cytometry, as well as develops pharmacodiagnostics. The Agilent CrossLab segment provides GC and LC columns, sample preparation products, custom chemistries, and laboratory instrument supplies; and startup, operational, training, compliance support, software as a service, asset management, and consultation services. The company markets its products through direct sales, distributors, resellers, manufacturer's representatives, and electronic commerce. It has collaboration agreement with SGS AXYS. The company was incorporated in 1999 and is headquartered in Santa Clara, California."
APD,Air Products and Chemicals,Materials,Industrial Gases,"Allentown, Pennsylvania",4/30/1985,1940,"Air Products and Chemicals, Inc. provides atmospheric gases, process and specialty gases, equipment, and services worldwide. The company produces atmospheric gases, including oxygen, nitrogen, argon, and rare gases; process gases, such as hydrogen, helium, carbon dioxide, carbon monoxide, syngas, and specialty gases; and equipment for the production or processing of gases comprising air separation units and non-cryogenic generators for customers in various industries, including refining, chemical, gasification, metals, manufacturing, food and beverage, electronics, magnetic resonance imaging, energy production and refining, and metals. It also designs and manufactures equipment for air separation, hydrocarbon recovery and purification, natural gas liquefaction, and liquid helium and liquid hydrogen transport and storage. Air Products and Chemicals, Inc. was founded in 1940 and is headquartered in Allentown, Pennsylvania."
AKAM,Akamai,Information Technology,Internet Services & Infrastructure,"Cambridge, Massachusetts",7/12/2007,1998,"Akamai Technologies, Inc. provides cloud services for securing, delivering, and optimizing content and business applications over the internet in the United States and internationally. The company offers cloud and enterprise security solutions to keep infrastructure, websites, applications, application programming interfaces, and users safe from various cyberattacks and online threats while enhancing performance. It also provides web and mobile performance solutions to enable dynamic websites and applications; media delivery solutions, including video streaming and video player services, game and software delivery, broadcast operations, authoritative domain name system, resolution, and data and analytics; and edge compute solutions to enable developers to deploy and distribute code at the edge. In addition, the company offers carrier offerings, including cyberthreat protection, parental controls, DNS infrastructure and content delivery solutions; and an array of service and support to assist customers with integrating, configuring, optimizing, and managing its offerings. It sells its solutions through direct sales and service organizations, as well as through various channel partners. Akamai Technologies, Inc. has a strategic partnership with Queue-It to deliver a cure for Covid vaccine registration. The company was founded in 1998 and is headquartered in Cambridge, Massachusetts."
ALK,Alaska Air Group,Industrials,Airlines,"SeaTac, Washington",5/13/2016,1985,"Alaska Air Group, Inc., through its subsidiaries, provides passenger and cargo air transportation services. The company operates through three segments: Mainline, Regional, and Horizon. It flies to approximately 115 destinations throughout the United States and North America. The company was founded in 1932 and is based in Seattle, Washington."
ALB,Albemarle Corporation,Materials,Specialty Chemicals,"Charlotte, North Carolina",7/1/2016,1994,"Albemarle Corporation develops, manufactures, and markets engineered specialty chemicals worldwide. It operates through three segments: Lithium, Bromine Specialties, and Catalysts. The Lithium segment offers lithium compounds, including lithium carbonate, lithium hydroxide, lithium chloride, and lithium specialties; and reagents, such as butyllithium and lithium aluminum hydride for use in lithium batteries for consumer electronics and electric vehicles, high performance greases, thermoplastic elastomers for car tires, rubber soles, plastic bottles, catalysts for chemical reactions, organic synthesis processes in the areas of steroid chemistry and vitamins, life sciences, pharmaceutical industry, and other markets. It also provides cesium products for the chemical and pharmaceutical industries; zirconium, barium, and titanium products for pyrotechnical applications; technical services for the handling and use of reactive lithium products; and lithium-containing by-products recycling services. The Bromine Specialties segment offers bromine and bromine-based fire safety solutions; specialty chemicals, including elemental bromine, alkyl and inorganic bromides, brominated powdered activated carbon, and other bromine fine chemicals for use in chemical synthesis, oil and gas well drilling and completion fluids, mercury control, water purification, beef and poultry processing, and other industrial applications; and other specialty chemicals, such as tertiary amines, biocides, disinfectants, and sanitizers. The Catalysts segment provides hydroprocessing, isomerization, and akylation catalysts; fluidized catalytic cracking catalysts and additives; and organometallics and curatives. The company serves the energy storage, petroleum refining, consumer electronics, construction, automotive, lubricants, pharmaceuticals, crop protection, and custom chemistry services markets. Albemarle Corporation was founded in 1887 and is headquartered in Charlotte, North Carolina."
ARE,Alexandria Real Estate Equities,Real Estate,Office REITs,"Pasadena, California",3/20/2017,1994,"Alexandria Real Estate Equities, Inc. (NYSE:ARE), an S&P 500<sup>√Ç¬Æ</sup> urban office real estate investment trust (""REIT""), is the first, longest-tenured, and pioneering owner, operator, and developer uniquely focused on collaborative life science, technology, and agtech campuses in AAA innovation cluster locations, with a total market capitalization of $31.9 billion as of December 31, 2020, and an asset base in North America of 49.7 million square feet (""SF""). The asset base in North America includes 31.9 million RSF of operating properties and 3.3 million RSF of Class A properties undergoing construction, 7.1 million RSF of near-term and intermediate-term development and redevelopment projects, and 7.4 million SF of future development projects. Founded in 1994, Alexandria pioneered this niche and has since established a significant market presence in key locations, including Greater Boston, San Francisco, New York City, San Diego, Seattle, Maryland, and Research Triangle. Alexandria has a longstanding and proven track record of developing Class A properties clustered in urban life science, technology, and agtech campuses that provide our innovative tenants with highly dynamic and collaborative environments that enhance their ability to successfully recruit and retain world-class talent and inspire productivity, efficiency, creativity, and success. Alexandria also provides strategic capital to transformative life science, technology, and agtech companies through our venture capital platform. We believe our unique business model and diligent underwriting ensure a high-quality and diverse tenant base that results in higher occupancy levels, longer lease terms, higher rental income, higher returns, and greater long-term asset value."
ALGN,Align Technology,Health Care,Health Care Supplies,"Tempe, Arizona",6/19/2017,1997,"Align Technology, Inc., a medical device company, designs, manufactures, and markets Invisalign clear aligners and iTero intraoral scanners and services for orthodontists and general practitioner dentists, and restorative and aesthetic dentistry. It operates in two segments, Clear Aligner; and Scanners and Services. The Clear Aligner segment consists of comprehensive products, including Invisalign comprehensive treatment that addresses the orthodontic needs of teenage patients, such as mandibular advancement, compliance indicators, and compensation for tooth eruption; and Invisalign First Phase I and Invisalign First Comprehensive Phase 2 package for younger patients generally between the ages of seven and ten years, which is a mixture of primary/baby and permanent teeth. This segment's non-comprehensive products comprise Invisalign moderate, lite and express packages, and Invisalign go; and non-case products include retention products, Invisalign training fees, and sales of ancillary products, such as cleaning material, and adjusting tools used by dental professionals during the course of treatment. The Scanners and Services segment offers iTero scanner, a single hardware platform with software options for restorative or orthodontic procedures; restorative software for general practitioner dentists, prosthodontists, periodontists, and oral surgeons; and software for orthodontists for digital records storage, orthodontic diagnosis, and for the fabrication of printed models and retainers. This segment also provides computer-aided design and computer-aided manufacturing services; ancillary products, such as disposable sleeves for the wand; iTero model and dies; third party scanners and digital scans; Invisalign outcome simulator, a chair-side and cloud-based application for the iTero scanner; Invisalign progress assessment tool; and TimeLapse technology, which allows doctors or practitioners to compare a patient's historic 3D scans to the present-day scan. The company sells its products in the United States, Switzerland, China, and internationally. Align Technology, Inc. was incorporated in 1997 and is headquartered in Tempe, Arizona."
ALLE,Allegion,Industrials,Building Products,"New York City, New York",12/2/2013,1908,"Allegion plc manufactures and sells mechanical and electronic security products and solutions worldwide. The company offers door closers and controls; doors and door systems; electronic security products; electronic, biometric, and mobile access control systems; exit devices; locks, locksets, portable locks, and key systems; time, attendance, and workforce productivity systems; and other accessories. The company sells its products and solutions to end-users in commercial, institutional, and residential facilities, including education, healthcare, government, hospitality, commercial office, and single and multi-family residential markets under the CISA, Interflex, LCN, Schlage, SimonsVoss, and Von Duprin brands. It sells its products and solutions through distribution and retail channels, such as specialty distribution, e-commerce, and wholesalers, as well as through various retail channels comprising do-it-yourself home improvement centers, on-line and e-commerce platforms, and small specialty showroom outlets. Allegion plc was incorporated in 2013 and is headquartered in Dublin, Ireland."
LNT,Alliant Energy,Utilities,Electric Utilities,"Madison, Wisconsin",7/1/2016,1917,"Alliant Energy Corporation operates as a utility holding company that provides regulated electricity and natural gas services in the Midwest region of the United States. It operates in three segments: Utility Electric Operations, Utility Gas Operations, and Utility Other. The company, through its subsidiary, Interstate Power and Light Company (IPL), primarily generates and distributes electricity, and distributes and transports natural gas to retail customers in Iowa; sells electricity to wholesale customers in Minnesota, Illinois, and Iowa; and generates and distributes steam in Cedar Rapids, Iowa. Alliant Energy Corporation, through its other subsidiary, Wisconsin Power and Light Company (WPL), generates and distributes electricity, and distributes and transports natural gas to retail customers in Wisconsin; and sells electricity to wholesale customers in Wisconsin. As of December 31, 2020, IPL supplied electric and natural gas service to approximately 495,000 and 225,000 retail customers respectively; and WPL supplied electric and natural gas service to approximately 480,000 and 195,000 retail customers, respectively. It serves retail customers in the farming, agriculture, industrial manufacturing, chemical, and packaging and food industries. In addition, the company owns and operates a short-line rail freight service in Iowa; a barge, rail, and truck freight terminal on the Mississippi River; and a rail-served warehouse in Cedar Rapids, Iowa, as well as offers freight brokerage and logistics management services. Further, it holds interests in a 347 megawatt (MW) natural gas-fired electric generating unit near Sheboygan Falls, Wisconsin; and a 225 MW wind farm located in Oklahoma. The company was incorporated in 1981 and is headquartered in Madison, Wisconsin."
ALL,Allstate,Financials,Property & Casualty Insurance,"Northfield Township, Illinois",7/13/1995,1931,"The Allstate Corporation, through its subsidiaries, provides property and casualty, and other insurance products in the United States and Canada. The company operates through Allstate Protection, Protection Services, Allstate Life, and Allstate Benefits segments. The Allstate Protection segment offers private passenger auto and homeowners insurance; specialty auto products, including motorcycle, trailer, motor home, and off-road vehicle insurance; other personal lines products, such as renter, condominium, landlord, boat, umbrella, and manufactured home and stand-alone scheduled personal property; and commercial lines products under the Allstate and Encompass brand names. The Protection Services segment provides consumer product protection plans and related technical support for mobile phones, consumer electronics, furniture, and appliances; finance and insurance products, including vehicle service contracts, guaranteed asset protection waivers, road hazard tire and wheel, and paintless dent repair protection; roadside assistance; device and mobile data collection services; data and analytic solutions using automotive telematics information; and identity protection services. This segment offers its products under various brands including Allstate Protection Plans, Allstate Dealer Services, Allstate Roadside Services, Arity, and Allstate Identity Protection. The Allstate Life Segment offers traditional, interest-sensitive, and variable life insurance products, as well as non-proprietary products offered by third-party providers. Its Allstate Benefits segment provides life, accident, critical illness, short-term disability, and other health insurance products. The company sells its products through call centers, agencies, financial specialists, brokers, wholesale partners, and affinity groups, as well as through online and mobile applications. The Allstate Corporation was founded in 1931 and is based in Northbrook, Illinois."
GOOGL,Alphabet Inc. (Class A),Communication Services,Interactive Media & Services,"Mountain View, California",4/3/2014,1998,"Alphabet Inc. provides online advertising services in the United States, Europe, the Middle East, Africa, the Asia-Pacific, Canada, and Latin America. The company offers performance and brand advertising services. It operates through Google Services, Google Cloud, and Other Bets segments. The Google Services segment provides products and services, such as ads, Android, Chrome, hardware, Google Maps, Google Play, Search, and YouTube, as well as technical infrastructure; and digital content. The Google Cloud segment offers infrastructure and data analytics platforms, collaboration tools, and other services for enterprise customers. The Other Bets segment sells internet and TV services, as well as licensing and research and development services. The company was founded in 1998 and is headquartered in Mountain View, California."
GOOG,Alphabet Inc. (Class C),Communication Services,Interactive Media & Services,"Mountain View, California",4/3/2006,1998,"Alphabet Inc. provides online advertising services in the United States, Europe, the Middle East, Africa, the Asia-Pacific, Canada, and Latin America. The company offers performance and brand advertising services. It operates through Google Services, Google Cloud, and Other Bets segments. The Google Services segment provides products and services, such as ads, Android, Chrome, hardware, Google Maps, Google Play, Search, and YouTube, as well as technical infrastructure; and digital content. The Google Cloud segment offers infrastructure and data analytics platforms, collaboration tools, and other services for enterprise customers. The Other Bets segment sells internet and TV services, as well as licensing and research and development services. The company was founded in 1998 and is headquartered in Mountain View, California."
MO,Altria,Consumer Staples,Tobacco,"Richmond, Virginia",3/4/1957,1985,"Altria Group, Inc., through its subsidiaries, manufactures and sells cigarettes, oral tobacco products, and wine in the United States. It offers cigarettes primarily under the Marlboro brand; cigars principally under the Black & Mild brand; and moist smokeless tobacco products under the Copenhagen, Skoal, Red Seal, and Husky brands, as well as provides on! oral nicotine pouches. The company also produces and sells varietal and blended table wines, and sparkling wines under the Chateau Ste. Michelle and 14 Hands names; and imports and markets Antinori, Torres, and Villa Maria Estate wines, as well as Champagne Nicolas Feuillatte in the United States. In addition, it provides finance leasing services primarily in transportation, power generation, real estate, and manufacturing equipment industries. The company sells its tobacco products primarily to wholesalers, including distributors; and large retail organizations, such as chain stores. Altria Group, Inc. was founded in 1822 and is headquartered in Richmond, Virginia."
AMZN,Amazon,Consumer Discretionary,Internet & Direct Marketing Retail,"Seattle, Washington",11/18/2005,1994,"Amazon.com, Inc. engages in the retail sale of consumer products and subscriptions in North America and internationally. The company operates through three segments: North America, International, and Amazon Web Services (AWS). It sells merchandise and content purchased for resale from third-party sellers through physical and online stores. The company also manufactures and sells electronic devices, including Kindle, Fire tablets, Fire TVs, Rings, and Echo and other devices; provides Kindle Direct Publishing, an online service that allows independent authors and publishers to make their books available in the Kindle Store; and develops and produces media content. In addition, it offers programs that enable sellers to sell their products on its websites, as well as its stores; and programs that allow authors, musicians, filmmakers, skill and app developers, and others to publish and sell content. Further, the company provides compute, storage, database, analytics, machine learning, and other services, as well as fulfillment, advertising, publishing, and digital content subscriptions. Additionally, it offers Amazon Prime, a membership program, which provides free shipping of various items; access to streaming of movies and TV episodes; and other services. The company serves consumers, sellers, developers, enterprises, and content creators. Amazon.com, Inc. was founded in 1994 and is headquartered in Seattle, Washington."
AMCR,Amcor,Materials,Paper Packaging,"Warmley, Bristol, United Kingdom",6/7/2019,2019 (1860),"Amcor plc develops, manufactures, and sells various packaging products for food, beverage, medical and pharmaceutical, fresh produce, snack food, personal care, and other industries worldwide. It operates through two segments, Flexibles and Rigid Packaging. The company provides flexible packaging products, rigid packaging containers, specialty cartons, and closures. The company is headquartered in Z√É¬ºrich, Switzerland."
AMD,AMD,Information Technology,Semiconductors,"Santa Clara, California",3/20/2017,1969,"Advanced Micro Devices, Inc. operates as a semiconductor company worldwide. The company operates in two segments, Computing and Graphics; and Enterprise, Embedded and Semi-Custom. Its products include x86 microprocessors as an accelerated processing unit, chipsets, discrete and integrated graphics processing units (GPUs), data center and professional GPUs, and development services; and server and embedded processors, and semi-custom System-on-Chip (SoC) products, development services, and technology for game consoles. The company provides x86 microprocessors for desktop PCs under the AMD Ryzen, AMD Ryzen PRO, Ryzen, Threadripper, AMD A-Series, AMD FX, AMD Athlon, AMD Athlon PRO, and AMD Pro A-Series processors brands; microprocessors for notebook and 2-in-1s under the AMD Ryzen, AMD A-Series, AMD Athlon, AMD Ryzen PRO, AMD Athlon PRO, and AMD Pro A-Series processors brands; microprocessors for servers under the AMD EPYC and AMD Opteron brands; and chipsets under the AMD trademark. It also offers discrete GPUs for desktop and notebook PCs under the AMD Radeon graphics and AMD Embedded Radeon brands; professional graphics products under the AMD Radeon Pro and AMD FirePro graphics brands; and Radeon Instinct and AMD Instinct accelerators for servers. In addition, the company provides embedded processor solutions under the AMD Opteron, AMD Athlon, AMD Geode, AMD Ryzen, AMD EPYC, AMD R-Series, and G-Series processors brands; and customer-specific solutions based on AMD CPU, GPU, and multi-media technologies, as well as semi-custom SoC products. It serves original equipment manufacturers, public cloud service providers, original design manufacturers, system integrators, independent distributors, online retailers, and add-in-board manufacturers through its direct sales force, independent distributors, and sales representatives. Advanced Micro Devices, Inc. was founded in 1969 and is headquartered in Santa Clara, California."
AEE,Ameren,Utilities,Multi-Utilities,"St. Louis, Missouri",9/19/1991,1902,"Ameren Corporation, together with its subsidiaries, operates as a public utility holding company in the United States. It operates through four segments: Ameren Missouri, Ameren Illinois Electric Distribution, Ameren Illinois Natural Gas, and Ameren Transmission. The company engages in the rate-regulated electric generation, transmission, and distribution activities; and rate-regulated natural gas distribution and transmission businesses. It primarily generates electricity through coal, nuclear, and natural gas, as well as renewable sources, such as hydroelectric, wind, methane gas, and solar. The company serves residential, commercial, and industrial customers. The company was founded in 1881 and is headquartered in St. Louis, Missouri."
AAL,American Airlines Group,Industrials,Airlines,"Fort Worth, Texas",3/23/2015,1934,"American Airlines Group Inc., through its subsidiaries, operates as a network air carrier. The company provides scheduled air transportation services for passengers and cargo through its hubs in Charlotte, Chicago, Dallas/Fort Worth, Los Angeles, Miami, New York, Philadelphia, Phoenix, and Washington, D.C., as well as through partner gateways in London, Madrid, Seattle/Tacoma, Sydney, and Tokyo. As of December 31, 2020, it operated a mainline fleet of 855 aircraft. The company was formerly known as AMR Corporation and changed its name to American Airlines Group Inc. in December 2013. American Airlines Group Inc. was founded in 1930 and is headquartered in Fort Worth, Texas."
AEP,American Electric Power,Utilities,Electric Utilities,"Columbus, Ohio",3/4/1957,1906,"American Electric Power Company, Inc., an electric public utility holding company, engages in the generation, transmission, and distribution of electricity for sale to retail and wholesale customers in the United States. It operates through Vertically Integrated Utilities, Transmission and Distribution Utilities, AEP Transmission Holdco, and Generation & Marketing segments. The company generates electricity using coal and lignite, natural gas, nuclear, and hydroelectric, as well as solar, wind, and other energy sources. It also supplies and markets electric power at wholesale to other electric utility companies, rural electric cooperatives, municipalities, and other market participants. The company owns, leases, or controls approximately 3,016 railcars, 411 barges, 6 towboats, and a coal handling terminal with approximately 18 million tons of annual capacity. American Electric Power Company, Inc. was incorporated in 1906 and is headquartered in Columbus, Ohio."
AXP,American Express,Financials,Consumer Finance,"New York City, New York",6/30/1976,1850,"American Express Company, together with its subsidiaries, provides charge and credit payment card products, and travel-related services worldwide. The company operates through three segments: Global Consumer Services Group, Global Commercial Services, and Global Merchant and Network Services. Its products and services include payment and financing products; network services; accounts payable expense management products and services; and travel and lifestyle services. The company's products and services also comprise merchant acquisition and processing, servicing and settlement, point-of-sale marketing, and information products and services for merchants; and fraud prevention services, as well as the design and operation of customer loyalty programs. It sells its products and services to consumers, small businesses, mid-sized companies, and large corporations through mobile and online applications, third-party vendors and business partners, direct mail, telephone, in-house sales teams, and direct response advertising. American Express Company was founded in 1850 and is headquartered in New York, New York."
AIG,American International Group,Financials,Property & Casualty Insurance,"New York City, New York",3/31/1980,1919,"American International Group, Inc. provides insurance products for commercial, institutional, and individual customers in North America and internationally. The company's General Insurance segment offers general liability, environmental, commercial automobile liability, workers' compensation, casualty, and crisis management insurance products; commercial, industrial, and energy-related property insurance; and aerospace, political risk, trade credit, portfolio solutions, crop, and marine insurance. It also provides professional liability insurance products for a range of businesses and risks, including directors and officers, mergers and acquisitions, fidelity, employment practices, fiduciary liability, cyber risk, kidnap and ransom, and errors and omissions insurance. In addition, this segment offers personal auto and property insurance, voluntary and sponsor-paid personal accident, and supplemental health products; extended warranty insurance products; and travel insurance products. Its Life and Retirement segment offers variable annuities, fixed index and fixed annuities, and retail mutual funds; group mutual funds, group and individual annuities, and investment products, and financial planning and advisory services; plan administrative and compliance services; and term life and universal life insurance. It also provides stable value wrap products, and structured settlement and pension risk transfer annuities; and corporate- and bank-owned life insurance and guaranteed investment contracts. This segment sells its products through independent marketing organizations, independent insurance agents, financial advisors, direct marketing, banks, and broker-dealers. American International Group, Inc. was founded in 1919 and is headquartered in New York, New York."
AMT,American Tower,Real Estate,Specialized REITs,"Boston, Massachusetts",11/19/2007,1995,"American Tower, one of the largest global REITs, is a leading independent owner, operator and developer of multitenant communications real estate with a portfolio of approximately 181,000 communications sites."
AWK,American Water Works,Utilities,Water Utilities,"Camden, New Jersey",3/4/2016,1886,"American Water Works Company, Inc., through its subsidiaries, provides water and wastewater services in the United States. It offers water and wastewater services to approximately 1,700 communities in 16 states serving approximately 3.5 million active customers. The company serves residential customers; commercial customers, such as food and beverage providers, commercial property developers and proprietors, and energy suppliers; fire service and private fire customers; industrial customers, such as large-scale manufacturers, mining, and production operations; public authorities comprising government buildings and other public sector facilities, such as schools and universities; and other utilities and community water and wastewater systems. It also provides various warranty protection programs to residential customers; and water and wastewater services on various military installations. In addition, the company undertakes contracts with municipal customers, primarily to operate and manage water and wastewater facilities, as well as offers other related services. It operates approximately 79 surface water treatment plants; 530 groundwater treatment plants; 150 wastewater treatment plants; 53,200 miles of transmission, distribution, and collection mains and pipes; 1,100 groundwater wells; 1,600 water and wastewater pumping stations; 1,300 treated water storage facilities; and 75 dams. The company serves approximately 15 million people with drinking water, wastewater, and other water-related services in 46 states. The company was founded in 1886 and is headquartered in Camden, New Jersey."
AMP,Ameriprise Financial,Financials,Asset Management & Custody Banks,"Minneapolis, Minnesota",10/3/2005,1894,"Ameriprise Financial, Inc., through its subsidiaries, provides various financial products and services to individual and institutional clients in the United States and internationally. It operates through four segments: Advice & Wealth Management, Asset Management, Retirement & Protection Solutions, and Corporate & Other. The Advice & Wealth Management segment provides financial planning and advice; brokerage products and services for retail and institutional clients; discretionary and non-discretionary investment advisory accounts; mutual funds; insurance and annuities products; cash management and banking products; and face-amount certificates. The Asset Management segment offers investment management and advice, and investment products to retail, high net worth, and institutional clients through unaffiliated third-party financial institutions and institutional sales force. This segment products also include U.S. mutual funds and their non-U.S. equivalents, exchange-traded funds, variable product funds underlying insurance, and annuity separate accounts; and institutional asset management products, such as traditional asset classes, separately managed accounts, individually managed accounts, collateralized loan obligations, hedge funds, collective funds, and property and infrastructure funds. The Retirement & Protection Solutions segment provides variable annuity products to individual clients, as well as life and DI insurance products to retail clients. The company was formerly known as American Express Financial Corporation and changed its name to Ameriprise Financial, Inc. in September 2005. Ameriprise Financial, Inc. was founded in 1894 and is headquartered in Minneapolis, Minnesota."
ABC,AmerisourceBergen,Health Care,Health Care Distributors,"Conshohocken, Pennsylvania",8/30/2001,1985,"AmerisourceBergen Corporation sources and distributes pharmaceutical products in the United States and internationally. Its Pharmaceutical Distribution segment distributes brand-name and generic pharmaceuticals, over-the-counter healthcare products, home healthcare supplies and equipment, outsourced compounded sterile preparations, and related services to various healthcare providers, including acute care hospitals and health systems, independent and chain retail pharmacies, mail order pharmacies, medical clinics, long-term care and other alternate site pharmacies, and other customers. It also provides pharmacy management, staffing, and other consulting services; supply management software to retail and institutional healthcare providers; and packaging solutions to various institutional and retail healthcare providers. In addition, this segment distributes plasma and other blood products, injectable pharmaceuticals, vaccines, and other specialty products; provides other services primarily to physicians who specialize in various disease states, primarily oncology, as well as to other healthcare providers, including hospitals and dialysis clinics; and offers data analytics, outcomes research, and additional services for biotechnology and pharmaceutical manufacturers. The company's Other segment provides integrated manufacturer services, such as clinical trial support, product post-approval, and commercialization support; offers specialty transportation and logistics services for the biopharmaceutical industry; and sells pharmaceuticals, vaccines, parasiticides, diagnostics, micro feed ingredients, and various other products to customers in both the companion animal and production animal markets, as well as provides demand-creating sales force services to manufacturers. AmerisourceBergen Corporation was founded in 1985 and is headquartered in Chesterbrook, Pennsylvania."
AME,Ametek,Industrials,Electrical Components & Equipment,"Berwyn, Pennsylvania",9/23/2013,1930,"AMETEK, Inc. manufactures and sells electronic instruments and electromechanical devices worldwide. It operates in two segments, Electronic Instruments (EIG) and Electromechanical (EMG). The company's EIG segment offers advanced instruments for the process, aerospace, power, and industrial markets; process and analytical instruments for the oil and gas, petrochemical, pharmaceutical, semiconductor, automation, and food and beverage industries; and instruments to the laboratory equipment, ultra-precision manufacturing, medical, and test and measurement markets. This segment also provides power quality monitoring and metering devices, uninterruptible power supplies, programmable power equipment, electromagnetic compatibility test equipment, sensors for gas turbines, dashboard instruments for heavy trucks and other vehicles, and instrumentation and controls for the food and beverage industries; and aircraft and engine sensors, monitoring systems, power supplies, fuel and fluid measurement systems, and data acquisition units for the aerospace industry. Its EMG segment offers engineered electrical connectors and electronics packaging for protecting sensitive electronic devices; precision motion control products for data storage, medical devices, business equipment, automation and other applications; high-purity powdered metals, strip and foil, specialty clad metals, and metal matrix composites; motor-blower systems and heat exchangers for use in thermal management, military, commercial aircraft, and military ground vehicles; and motors for use in commercial appliances, fitness equipment, food and beverage machines, hydraulic pumps, and industrial blowers. This segment also operates a network of aviation maintenance, repair, and overhaul facilities. In addition, the company offers clinical and education communication solutions for healthcare facilities and educational institutions. AMETEK, Inc. was incorporated in 1930 and is headquartered in Berwyn, Pennsylvania."
AMGN,Amgen,Health Care,Biotechnology,"Thousand Oaks, California",1/2/1992,1980,"Amgen Inc. discovers, develops, manufactures, and delivers human therapeutics worldwide. It focuses on inflammation, oncology/hematology, bone health, cardiovascular disease, nephrology and neuroscience areas. The company's products include Enbrel to treat plaque psoriasis, rheumatoid arthritis, and psoriatic arthritis; Neulasta that reduces the chance of infection due a low white blood cell count in patients cancer; Prolia to treat postmenopausal women with osteoporosis; Xgeva for skeletal-related events prevention; Otezla for the treatment of adult patients with plaque psoriasis, psoriatic arthritis, and oral ulcers associated with Beh√É¬ßet's disease; Aranesp to treat a lower-than-normal number of red blood cells and anemia; KYPROLIS to treat patients with relapsed or refractory multiple myeloma; and Repatha, which reduces the risks of myocardial infarction, stroke, and coronary revascularization. It also markets Nplate, Vectibix, MVASI, Parsabiv, EPOGEN, KANJINTI, BLINCYTO, Aimovig, EVENITY, AMGEVITATM, Sensipar/Mimpara, NEUPOGEN, IMLYGIC, Corlanor, and AVSOLA. Amgen Inc. serves healthcare providers, including physicians or their clinics, dialysis centers, hospitals, and pharmacies. It distributes its products through pharmaceutical wholesale distributors, as well as direct-to-consumer channels. The company has collaboration agreements with Novartis Pharma AG; UCB; Bayer HealthCare LLC; BeiGene, Ltd.; Eli Lilly and Company; and Datos Health. Amgen Inc. was founded in 1980 and is headquartered in Thousand Oaks, California."
APH,Amphenol,Information Technology,Electronic Components,"Wallingford, Connecticut",9/30/2008,1932,"Amphenol Corporation, together with its subsidiaries, primarily designs, manufactures, and markets electrical, electronic, and fiber optic connectors in the United States, China, and internationally. It operates in two segments, Interconnect Products and Assemblies, and Cable Products and Solutions. The Interconnect Products and Assemblies segment offers connector and connector systems, including fiber optic, harsh environment, high-speed, and radio frequency interconnect products, as well as antennas; power interconnect products, busbars, and distribution systems; and other connectors. It also provides value-add products, such as backplane interconnect systems, cable assemblies and harnesses, and cable management products; and other products comprising antennas, flexible and rigid printed circuit boards, hinges, molded parts, and production-related products. The Cable Products and Solutions segment offers coaxial, power, and specialty cables; cable assemblies; and components, which include combiner/splitter products, connector and connector systems, and fiber optic components. The company sells its products through its sales force, independent representatives, and a network of electronics distributors to original equipment manufacturers, electronic manufacturing services companies, original design manufacturers, and service providers in the automotive, broadband communication, commercial aerospace, industrial, information technology and data communication, military, mobile device, and mobile network markets. Amphenol Corporation was founded in 1932 and is headquartered in Wallingford, Connecticut."
ADI,Analog Devices,Information Technology,Semiconductors,"Wilmington, Massachusetts",10/12/1999,1965,"Analog Devices, Inc. designs, manufactures, tests, and markets integrated circuits (ICs), software, and subsystems that leverage analog, mixed-signal, and digital signal processing technologies. The company offers data converter products, which translate real-world analog signals into digital data, as well as translates digital data into analog signals; high-performance amplifiers to condition analog signals; and radio frequency and microwave ICs to support cellular infrastructure. It also provides power management and reference products for power management and conversion applications in the automotive, communications, industrial, and high-end consumer markets; and microelectromechanical systems technology solutions, including accelerometers used to sense acceleration, gyroscopes to sense rotation, and inertial measurement units to sense multiple degrees of freedom, as well as isolators. In addition, the company offers digital signal processing and system products for high-speed numeric calculations. The company serves clients in the industrial, automotive, consumer, and communications markets through a direct sales force, third-party distributors, and independent sales representatives in the United States, the rest of North and South America, Europe, Japan, China, and rest of Asia, as well as through its Website. Analog Devices, Inc. was founded in 1965 and is headquartered in Wilmington, Massachusetts."
ANSS,Ansys,Information Technology,Application Software,"Canonsburg, Pennsylvania",6/19/2017,1969,"ANSYS, Inc. develops and markets engineering simulation software and services worldwide. The company offers ANSYS Workbench, a framework upon which its engineering simulation technologies are built; multiphysics software to simulate the interactions between structures, heat transfer, fluids, and electronics in a unified engineering simulation environment; high-performance computing product suite; and structural analysis product suite that provides simulation tools for product design and optimization. It also provides fluids product suite that enables modeling of fluid flow and other related physical phenomena; and electronics product suite that offers field simulation software for designing electronic and electromechanical products. In addition, the company offers power analysis and optimization software suite that manages the power budget, power delivery integrity, and power-induced noise in an electronic design; SCADE product suite, a solution for embedded software simulation, code production, and automated certification; system simulation capability for the design of automated products; and optical sensor and closed-loop, and real-time simulation, as well as safety-certified embedded software solutions. Further, it provides Discovery product family for use in the simulation of product design; Ansys Granta products to give access to material intelligence; and academic product suite with a portfolio of academic products based on associate, research, and teaching, as well as develops photonic design and simulation tools. The company serves engineers, designers, researchers, and students in the aerospace and defense, automotive, electronics, semiconductors, energy, materials and chemical processing, turbomachinery, consumer products, healthcare, and sports industries. It has a collaboration with Velodyne to develop software models of next-generation automotive lidar sensors. ANSYS, Inc. was founded in 1970 and is headquartered in Canonsburg, Pennsylvania."
AON,Aon,Financials,Insurance Brokers,"London, UK",4/23/1996,1982 (1919),"Aon plc, a professional services firm, provides advice and solutions to clients focused on risk, retirement, and health worldwide. It offers commercial risk solutions, including retail brokerage, cyber, and global risk consulting solutions, as well as acts as a captive insurance solutions provider; and health solutions, such as health and benefits brokerages, and health care exchanges. The company also provides treaty and facultative reinsurance, as well as insurance-linked securities, capital raising, strategic advice, restructuring, and mergers and acquisitions services; and corporate finance advisory services and capital markets solutions products. In addition, it offers strategic design consulting services on their retirement programs, actuarial services, and risk management services; advice services on developing and maintaining investment programs across a range of plan types, including defined benefit plans, defined contribution plans, endowments, and foundations for public and private companies, and other institutions; and advice and solutions that help clients in accelerating business outcomes by enhancing the performance of their people, including assessment and optimized deployment, as well as the design, alignment, and benchmarking of compensation to business strategy and performance outcomes. Further, the company develops, markets, and administers customized insurance programs and specialty market solutions for organizations, and their members or affiliates; operates the Global Risk Insight Platform, which provides data, analytics, engagement, and consulting services; offers CoverWallet, a digital insurance platform for small- and medium-sized businesses; and provides ReView that provides advisory, analysis, and benchmarking services to help reinsurers. Aon plc was founded in 1919 and is headquartered in Dublin, Ireland."
APA,APA Corporation,Energy,Oil & Gas Exploration & Production,"Houston, Texas",7/28/1997,1954,"APA Corporation, through its subsidiaries, explores for and produces oil and gas properties. It has operations in the United States, Egypt, and the United Kingdom, as well as has exploration activities offshore Suriname. It also operates gathering, processing, and transmission assets in West Texas, as well as holds ownership in four Permian-to-Gulf Coast pipelines. The company was founded in 1954 and is based in Houston, Texas."
AAPL,Apple Inc.,Information Technology,"Technology Hardware, Storage & Peripherals","Cupertino, California",11/30/1982,1977,"Apple Inc. designs, manufactures, and markets smartphones, personal computers, tablets, wearables, and accessories worldwide. It also sells various related services. The company offers iPhone, a line of smartphones; Mac, a line of personal computers; iPad, a line of multi-purpose tablets; and wearables, home, and accessories comprising AirPods, Apple TV, Apple Watch, Beats products, HomePod, iPod touch, and other Apple-branded and third-party accessories. It also provides AppleCare support services; cloud services store services; and operates various platforms, including the App Store, that allow customers to discover and download applications and digital content, such as books, music, video, games, and podcasts. In addition, the company offers various services, such as Apple Arcade, a game subscription service; Apple Music, which offers users a curated listening experience with on-demand radio stations; Apple News+, a subscription news and magazine service; Apple TV+, which offers exclusive original content; Apple Card, a co-branded credit card; and Apple Pay, a cashless payment service, as well as licenses its intellectual property. The company serves consumers, and small and mid-sized businesses; and the education, enterprise, and government markets. It sells and delivers third-party applications for its products through the App Store. The company also sells its products through its retail and online stores, and direct sales force; and third-party cellular network carriers, wholesalers, retailers, and resellers. Apple Inc. was founded in 1977 and is headquartered in Cupertino, California."
AMAT,Applied Materials,Information Technology,Semiconductor Equipment,"Santa Clara, California",3/16/1995,1967,"Applied Materials, Inc. provides manufacturing equipment, services, and software to the semiconductor, display, and related industries. It operates through three segments: Semiconductor Systems, Applied Global Services, and Display and Adjacent Markets. The Semiconductor Systems segment develops, manufactures, and sells various manufacturing equipment that is used to fabricate semiconductor chips or integrated circuits. This segment also offers various technologies, including epitaxy, ion implantation, oxidation/nitridation, rapid thermal processing, physical vapor deposition, chemical vapor deposition, chemical mechanical planarization, electrochemical deposition, atomic layer deposition, etching, and selective deposition and removal, as well as metrology and inspection tools. The Applied Global Services segment provides integrated solutions to optimize equipment and fab performance and productivity comprising spares, upgrades, services, remanufactured earlier generation equipment, and factory automation software for semiconductor, display, and other products. The Display and Adjacent Markets segment offers products for manufacturing liquid crystal displays; organic light-emitting diodes; and other display technologies for TVs, monitors, laptops, personal computers, electronic tablets, smart phones, and other consumer-oriented devices, as well as equipment for processing flexible substrates. The company operates in the United States, China, Korea, Taiwan, Japan, Southeast Asia, and Europe. Applied Materials, Inc. was founded in 1967 and is headquartered in Santa Clara, California."
APTV,Aptiv,Consumer Discretionary,Auto Parts & Equipment,"Dublin, Ireland",12/24/2012,1994,"Aptiv PLC designs, manufacturers, and sells vehicle components worldwide. The company provides electrical, electronic, and safety technology solutions to the automotive and commercial vehicle markets. It operates through two segment, Signal and Power Solutions, and Advanced Safety and User Experience. The Signal and Power Solutions segment designs, manufactures, and assembles vehicle's electrical architecture, including engineered component products, connectors, wiring assemblies and harnesses, cable management products, electrical centers, and hybrid high voltage and safety distribution systems. The Advanced Safety and User Experience segment provides critical components, systems integration, and software development for vehicle safety, security, comfort, and convenience, such as sensing and perception systems, electronic control units, multi-domain controllers, vehicle connectivity systems, application software, and autonomous driving technologies. The company was formerly known as Delphi Automotive PLC and changed its name to Aptiv PLC in December 2017. Aptiv PLC was founded in 2011 and is headquartered in Dublin, Ireland."
ACGL,Arch Capital Group,Financials,Reinsurance,"Hamilton, Bermuda",11/1/2022,1995,"Arch Capital Group Ltd., together with its subsidiaries, provides insurance, reinsurance, and mortgage insurance products worldwide. The company's Insurance segment offers primary and excess casualty coverages; loss sensitive primary casualty insurance programs; collateral protection, debt cancellation, and service contract reimbursement products; directors' and officers' liability, errors and omissions liability, employment practices and fiduciary liability, crime, professional indemnity, and other financial related coverages; medical professional and general liability insurance coverages; and workers' compensation and umbrella liability, as well as commercial automobile, and inland marine products. It also provides property, energy, marine, and aviation insurance; travel insurance; accident, disability, and medical plan insurance coverages; captive insurance programs; employer's liability; and contract and commercial surety coverages. This segment markets its products through a group of licensed independent retail and wholesale brokers. Its Reinsurance segment provides reinsurance for third party liability and workers' compensation exposures; marine and aviation reinsurance; surety, accident and health, workers' compensation catastrophe, agriculture, trade credit, and political risk products; reinsurance protection for catastrophic losses, and personal lines and commercial property exposures; life reinsurance; casualty clash; and risk management solutions. This segment markets its reinsurance products through brokers. The company's Mortgage segment offers direct mortgage insurance and mortgage reinsurance. The company was founded in 1995 and is based in Pembroke, Bermuda."
ANET,Arista Networks,Information Technology,Communications Equipment,"Santa Clara, California",8/28/2018,2004,"two is a blank check company. The company was incorporated in 2021 and is based in San Francisco, California."
AJG,Arthur J. Gallagher & Co.,Financials,Insurance Brokers,"Rolling Meadows, Illinois",5/31/2016,1927,"Arthur J. Gallagher & Co., together with its subsidiaries, provides insurance brokerage, consulting, and third party claims settlement and administration services in the United States, Australia, Bermuda, Canada, the Caribbean, New Zealand, India, and the United Kingdom. Its Brokerage segment consists of retail and wholesale insurance brokerage operations. It offers brokerage and consulting services to businesses and organizations, including commercial, not-for-profit, and public entities, as well as individuals in the areas of insurance placement, risk of loss management, and management of employer sponsored benefit programs. This segment also assist retail brokers and other non-affiliated brokers in the placement of specialized and hard-to-place insurance; acts as a brokerage wholesaler, and managing general agent or managing general underwriter distributing specialized insurance coverage's for underwriting enterprises; and performs activities, including marketing, underwriting, issuing policies, collecting premiums, appointing and supervising other agents, paying claims, and negotiating reinsurance. The company's Risk Management segment provides contract claim settlement and administration services for enterprises and public entities; and claims management, loss control consulting, and insurance property appraisal services. The company offers its services through a network of correspondent insurance brokers and consultants. It serves commercial, industrial, public entity, religious, and not-for-profit entities. Arthur J. Gallagher & Co. was founded in 1927 and is headquartered in Rolling Meadows, Illinois."
AIZ,Assurant,Financials,Multi-line Insurance,"New York City, New York",4/10/2007,1892,"Assurant, Inc., together with its subsidiaries, provides lifestyle and housing solutions that support, protect, and connect consumer purchases in North America, Latin America, Europe, and the Asia Pacific. The company operates through three segments: Global Lifestyle, Global Housing, and Global Preneed. The Global Lifestyle segment offers mobile device solutions, and extended service products and related services for mobile devices, consumer electronics, and appliances; vehicle protection and related services; and credit protection and other insurance products. The Global Housing segment provides lender-placed homeowners insurance, manufactured housing, and flood insurance; and renters insurance and related products, as well as voluntary manufactured housing insurance, voluntary homeowners insurance, and other specialty products. The Global Preneed segment offers pre-funded funeral insurance, final need insurance, and related services. The company was formerly known as Fortis, Inc. and changed its name to Assurant, Inc. in February 2004. Assurant, Inc. was founded in 1892 and is headquartered in New York, New York."
T,AT&T,Communication Services,Integrated Telecommunication Services,"Dallas, Texas",11/30/1983,1983 (1885),"AT&T Inc. provides telecommunication, media, and technology services worldwide. The company operates through Communications, WarnerMedia, and Latin America segments. The Communications segment offers wireless voice and data communications services; video and targeted advertising services; broadband, including fiber, and legacy telephony internet and voice communication; and wireline telecom services. It also sells handsets, wirelessly enabled computers, wireless data cards, and IP-based set-top boxes, as well as various accessories, such as carrying cases and hands-free devices through the company-owned stores, agents, and third-party retail stores. This segment markets its communications services and products under the AT&T, Cricket, AT&T PREPAIDSM, AT&T TV, AT&T Fiber, and DIRECTV brand names. The WarnerMedia segment primarily produces, distributes, and licenses television programming and feature films; distributes home entertainment products in physical and digital formats; and produces and distributes mobile and console games, and consumer products, as well as offers brand licensing services, and advertising services. It also operates cable networks; video on demand streaming platform under the HBO Max and HBO GO names; multichannel pay television services under the HBO and Cinemax; and digital media properties, as well as licenses its content to television networks and over-the-top services. The Latin America segment offers video entertainment and audio programming services under the DIRECTV and SKY brands primarily to residential customers; pay-TV services, including HD sports video content; and postpaid and prepaid wireless services under the AT&T and Unefon brands, as well as sells various handsets through company-owned stores, agents, and third-party retail stores. The company was formerly known as SBC Communications Inc. and changed its name to AT&T Inc. in November 2005. AT&T Inc. was incorporated in 1983 and is headquartered in Dallas, Texas."
ATO,Atmos Energy,Utilities,Gas Utilities,"Dallas, Texas",2/15/2019,1906,"Atmos Energy Corporation, together with its subsidiaries, engages in the regulated natural gas distribution, and pipeline and storage businesses in the United States. It operates in two segments, Distribution, and Pipeline and Storage. The Distribution segment is involved in the regulated natural gas distribution and related sales operations in eight states. This segment distributes natural gas to approximately three million residential, commercial, public authority, and industrial customers. As of September 30, 2020, it owned 71,558 miles of underground distribution and transmission mains. The Pipeline and Storage segment engages in the pipeline and storage operations. This segment transports natural gas for third parties and manages five underground storage reservoirs in Texas; and provides ancillary services to the pipeline industry, including parking arrangements, lending, and inventory sales. As of September 30, 2020, it owned 5,684 miles of gas transmission lines. Atmos Energy Corporation was founded in 1906 and is headquartered in Dallas, Texas."
ADSK,Autodesk,Information Technology,Application Software,"San Francisco, California",12/1/1989,1982,"Autodesk, Inc. provides 3D design, engineering, and entertainment software and services worldwide. The company offers AutoCAD Civil 3D, a surveying, design, analysis, and documentation solution for civil engineering, including land development, transportation, and environmental projects; BIM 360, a construction management cloud-based software; AutoCAD, a software for professional design, drafting, detailing, and visualization; AutoCAD LT, a drafting and detailing software; computer-aided manufacturing (CAM) software for computer numeric control machining, inspection, and modelling for manufacturing; Fusion 360, a 3D CAD, CAM, and computer-aided engineering tool; and Industry Collections tools for professionals in architecture, engineering and construction, product design and manufacturing, and media and entertainment collection industries. It also provides Inventor tools for 3D mechanical design, simulation, analysis, tooling, visualization, and documentation; Vault, a data management software to manage data in one central location, accelerate design processes, and streamline internal/external collaboration; Maya and 3ds Max software products that offer 3D modeling, animation, effects, rendering, and compositing solutions; and Shotgun, a cloud-based software for review and production tracking in the media and entertainment industry. In addition, the company offers PlanGrid, a cloud-based field collaboration software, which provides general contractors, subcontractors, owners, and architects access to construction information in real-time; Revit software for building information modeling; and BuildingConnected, a bid-management solution. Autodesk, Inc. sells its products and services to customers directly, as well as through a network of resellers and distributors. The company was founded in 1982 and is headquartered in San Rafael, California."
AZO,AutoZone,Consumer Discretionary,Specialty Stores,"Memphis, Tennessee",1/2/1997,1979,"one does not have significant operations. It intends to effect a merger, capital stock exchange, asset acquisition, stock purchase, reorganization, or other similar business combination with one or more operating businesses. The company was incorporated in 2020 and is based in San Francisco, California."
AVB,AvalonBay Communities,Real Estate,Residential REITs,"Arlington, Virginia",1/10/2007,1978,"As of December 31, 2020, the Company owned or held a direct or indirect ownership interest in 291 apartment communities containing 86,025 apartment homes in 11 states and the District of Columbia, of which 18 communities were under development and one community was under redevelopment. The Company is an equity REIT in the business of developing, redeveloping, acquiring and managing apartment communities in leading metropolitan areas in New England, the New York/New Jersey Metro area, the Mid-Atlantic, the Pacific Northwest, and Northern and Southern California, as well as in the Company's expansion markets consisting of Southeast Florida and Denver, Colorado (the ""Expansion Markets"")."
AVY,Avery Dennison,Materials,Paper Packaging,"Glendale, California",12/31/1987,1990,"Avery Dennison Corporation manufactures and markets pressure-sensitive materials in the United States, Europe, Asia, Latin America, and internationally. The company's Label and Graphic Materials segment offers pressure-sensitive label and packaging materials; and graphics and reflective products under the Fasson, JAC, Avery Dennison, and Mactac brands, as well as durable cast and reflective films. It provides its products to the home and personal care, beer and beverage, durables, pharmaceutical, wine and spirits, and food market segments; architectural, commercial sign, digital printing, and other related market segments; construction, automotive, and fleet transportation market segments, as well as traffic and safety applications; and sign shops, commercial printers, and designers. The company's Retail Branding and Information Solutions segment designs, manufactures, and sells brand embellishments, graphic tickets, tags and labels, and sustainable packaging solutions, as well as offers creative services; item-level radio-frequency identification solutions; visibility and loss prevention solutions; price ticketing and marking solutions; care, content, and country of origin compliance solutions; and brand protection and security solutions. It serves retailers, brand owners, apparel manufacturers, distributors, and industrial customers. The company's Industrial and Healthcare Materials segment offers tapes; pressure-sensitive adhesive based materials and converted products; medical fasteners; and performance polymers under the Fasson, Avery Dennison, and Yongle brands. It serves automotive, electronics, building and construction, general industrial, personal care, and medical markets. The company was formerly known as Avery International Corporation and changed its name to Avery Dennison Corporation in 1990. Avery Dennison Corporation was founded in 1935 and is headquartered in Glendale, California."
BKR,Baker Hughes,Energy,Oil & Gas Equipment & Services,"Houston, Texas",7/7/2017,2017,"Baker Hughes Company provides a portfolio of technologies and services worldwide. The company operates through four segments: Oilfield Services (OFS), Oilfield Equipment (OFE), Turbomachinery & Process Solutions (TPS), and Digital Solutions (DS). The OFS segment offers exploration, drilling, wireline, evaluation, completion, production, and intervention services; and drilling and completions fluids, completions tools and systems, wellbore intervention tools and services, artificial lift systems, pressure pumping systems, and oilfield and industrial chemicals for oil and natural gas, and oilfield service companies. The OFE segment designs and manufactures products and services, including subsea and surface pressure control and production systems and services, capital drilling equipment and services, and flexible pipe systems for offshore and onshore applications; and provides well intervention solutions, as well as services related to onshore and offshore drilling and production operations. The TPS segment provides equipment and related services for mechanical-drive, compression, and power-generation applications across the oil and gas industry. Its product portfolio includes drivers, compressors, and turnkey solutions; and pumps, valves, and compressed natural gas and small-scale liquefied natural gas solutions. This segment serves upstream, midstream, onshore and offshore, and industrial, as well as engineering, procurement, and construction companies. The DS segment provides sensor-based measurement, non-destructive testing and inspection, turbine, generator and plant controls, and condition monitoring, as well as pipeline integrity solutions for a range of industries, including oil and gas, power generation, aerospace, metals, and transportation. It serves through direct and indirect channels. The company was formerly known as Baker Hughes, a GE company and changed its name to Baker Hughes Company in October 2019. Baker Hughes Company is based in Houston, Texas."
BALL,Ball Corporation,Materials,Metal & Glass Containers,"Broomfield, Colorado",10/31/1984,1880,"Ball Corporation is a global supplier of aluminum packaging for beverage, personal care, and household products, as well as aerospace and other technologies and services. Ball manufactures aluminum beverage cans and provides innovative, sustainable packaging solutions. The company is headquartered in Broomfield, Colorado."
BAC,Bank of America,Financials,Diversified Banks,"Charlotte, North Carolina",6/30/1976,1998 (1923 / 1874),"Bank of America Corporation, through its subsidiaries, provides banking and financial products and services for individual consumers, small and middle-market businesses, institutional investors, large corporations, and governments worldwide. Its Consumer Banking segment offers traditional and money market savings accounts, certificates of deposit and IRAs, noninterest-and interest-bearing checking accounts, and investment accounts and products; and credit and debit cards, residential mortgages, and home equity loans, as well as direct and indirect loans, such as automotive, recreational vehicle, and consumer personal loans. The company's Global Wealth & Investment Management segment offers investment management, brokerage, banking, and trust and retirement products and services; and wealth management solutions, as well as customized solutions, including specialty asset management services. Its Global Banking segment provides lending products and services, including commercial loans, leases, commitment facilities, trade finance, and commercial real estate and asset-based lending; treasury solutions, such as treasury management, foreign exchange, and short-term investing options and merchant services; working capital management solutions; and debt and equity underwriting and distribution, and merger-related and other advisory services. The company's Global Markets segment offers market-making, financing, securities clearing, settlement, and custody services, as well as risk management products using interest rate, equity, credit, currency and commodity derivatives, foreign exchange, fixed-income, and mortgage-related products. As of April 15, 2021, it served approximately 66 million consumer and small business clients with approximately 4,300 retail financial centers; approximately 17,000 ATMs; and digital banking platforms with approximately 40 million active users. The company was founded in 1784 and is headquartered in Charlotte, North Carolina."
BBWI,"Bath & Body Works, Inc.",Consumer Discretionary,Specialty Stores,"Columbus, Ohio",9/30/1983,1963,"Bath & Body Works, Inc. is a specialty retailer of home fragrance, body care, and soaps & sanitizer products. The company operates through retail stores and online channels, offering a variety of products under the Bath & Body Works brand, and is headquartered in Columbus, Ohio. Bath & Body Works focuses on creating and selling fragrances for the body and home, including candles, lotions, and shower gels."
BAX,Baxter International,Health Care,Health Care Equipment,"Deerfield, Illinois",9/30/1972,1931,"Baxter International Inc., through its subsidiaries, develops and provides a portfolio of healthcare products worldwide. The company offers peritoneal dialysis and hemodialysis, and additional dialysis therapies and services; renal replacement therapies and other organ support therapies focused in the intensive care unit; sterile intravenous (IV) solutions, IV therapies, infusion pumps, administration sets, and drug reconstitution devices; and parenteral nutrition therapies. It also provides biological products and medical devices, and surgical hemostat and sealant products used in surgical procedures for hemostasis, tissue sealing, and adhesion prevention; premixed and oncology drug platforms, inhaled anesthesia and critical care products, and pharmacy compounding services; and generic injectable pharmaceuticals. Its products are used in hospitals, kidney dialysis centers, nursing homes, rehabilitation centers, doctors' offices, and patients at home under physician supervision. The company sells its products through direct sales force, as well as through independent distributors, drug wholesalers, and specialty pharmacy or other alternate site providers in approximately 100 countries. It has an agreement with Celerity Pharmaceutical, LLC to develop acute care generic injectable premix and oncolytic molecules. Baxter International Inc. was founded in 1931 and is headquartered in Deerfield, Illinois."
BDX,Becton Dickinson,Health Care,Health Care Equipment,"Franklin Lakes, New Jersey",9/30/1972,1897,"Becton, Dickinson and Company develops, manufactures, and sells medical supplies, devices, laboratory equipment, and diagnostic products worldwide. The company's BD Medical segment offers peripheral intravenous (IV) and advanced peripheral catheters, central lines, acute dialysis catheters, vascular care and preparation products, needle-free IV connectors and extensions sets, closed-system drug transfer devices, hazardous drug detection, hypodermic syringes and needles, anesthesia needles and trays, enteral syringes, sharps disposal systems; infusion pumps, dedicated disposables, IV fluids, medication compounding workflow systems, automated medication dispensing, automated supply management systems, medication inventory optimization and tracking systems; syringes, pen needles, and other products for diabetes care; and prefillable drug delivery systems. Its BD Life Sciences segment provides specimen and blood collection products and systems; automated blood and tuberculosis culturing, molecular testing, microorganism identification and drug susceptibility, and liquid-based cytology systems, as well as rapid diagnostic assays, microbiology laboratory automation products, and plated media products; and fluorescence-activated cell sorters and analyzers, antibodies and kits, reagent systems, and solutions for high-throughput single-cell gene expression analysis, as well as clinical oncology, immunological, and transplantation diagnostic/monitoring reagents and analyzers. The company's BD Interventional segment offers hernia and soft tissue repair, biological and bioresorbable grafts, biosurgery, and other surgical products; surgical infection prevention, surgical and laparoscopic instrumentation products; peripheral intervention products; and urology and critical care products. Becton, Dickinson and Company was founded in 1897 and is based in Franklin Lakes, New Jersey."
WRB,Berkley,Financials,Property & Casualty Insurance,"Greenwich, Connecticut",12/5/2019,1967,"W. R. Berkley Corporation, an insurance holding company, operates as a commercial lines writer in the United States and internationally. It operates in two segments, Insurance and Reinsurance & Monoline Excess. The Insurance segment underwrites commercial insurance business, including premises operations, commercial automobile, property, products liability, and general and professional liability lines. It also provides workers' compensation insurance products; accident and health insurance and reinsurance products; insurance for commercial risks; specialty environmental products for contractors, consultants, and property owners and facilities operators; specialized insurance coverages for fine arts and jewelry exposures; umbrella and excess liability coverage products; and liquor liability and inland marine coverage for small to medium-sized insureds. In addition, this segment offers directors and officers, and surety risk products, as well as products for technology, and life sciences and travel industries; cyber risk solutions; casualty, group life, and crime and fidelity related insurance products; personal lines insurance solutions, including home, condo/co-op, auto, and collectibles; automobile, law enforcement, public officials and educator's legal, and employment practices liability, as well as incidental medical insurance products; and at-risk and alternative risk insurance program management services. The Reinsurance & Monoline Excess segment provides other insurance companies and self-insureds with assistance in managing their net risk through reinsurance on a portfolio basis through treaty reinsurance or on an individual basis through facultative reinsurance. W. R. Berkley Corporation was founded in 1967 and is headquartered in Greenwich, Connecticut."
BRK.B,Berkshire Hathaway,Financials,Multi-Sector Holdings,"Omaha, Nebraska",2/16/2010,1839,Description non trouvée
BBY,Best Buy,Consumer Discretionary,Computer & Electronics Retail,"Richfield, Minnesota",6/29/1999,1966,"Best Buy Co., Inc. retails technology products in the United States and Canada. The company operates in two segments, Domestic and International. Its stores provide computing and mobile phones, such as computing covering desktops, notebooks, and peripherals; mobile phones comprising related mobile network carrier commissions, networking products, tablets covering e-readers, and wearables, such as smartwatches; and consumer electronics consisting of digital imaging, health and fitness, home theater, portable audio comprising headphones and portable speakers, and smart home products. The company's stores also offer appliances, such as dishwashers, laundry appliances, ovens, refrigerators, blenders, coffee makers, and vacuums; entertainment products consisting of drones, peripherals, movies, music, and toys, as well as gaming hardware and software, and virtual reality and other software products; and other products, such as beverages, snacks, and sundry items, as well as baby products, furniture, luggage, and sporting goods. In addition, it provides consultation, delivery, design, installation, memberships, protection plans, repair, set-up, and technical support services, as well as connected health services for aging consumers. The company offers its products through stores and websites under the BestBuy, Best Buy Business, Best Buy Express, Best Buy Health, CST, Geek Squad, GreatCall, Lively, Magnolia, Pacific Kitchen, and Home, as well as the domain names bestbuy.com and greatcall.com. As of January 30, 2021, it had 1,126 large-format and 33 small-format stores. The company was formerly known as Sound of Music, Inc. Best Buy Co., Inc. was incorporated in 1966 and is headquartered in Richfield, Minnesota."
BIO,Bio-Rad,Health Care,Life Sciences Tools & Services,"Hercules, California",6/22/2020,1952,"Bio-Rad Laboratories, Inc. develops, manufactures, and markets life science research and clinical diagnostic products in the United States, Europe, Asia, Canada, and Latin America. The company offers products and systems to separate complex chemical and biological materials, as well as to identify, analyze, and purify components. It operates in two segments, Life Science and Clinical Diagnostics. The Life Science segment develops, manufactures, and markets a range of reagents, apparatus, and laboratory instruments that are used in research techniques, biopharmaceutical production processes, and food testing regimes. It focuses on selected segments of the life sciences market in proteomics, genomics, biopharmaceutical production, cell biology, and food safety. This segment serves universities and medical schools, industrial research organizations, government agencies, pharmaceutical manufacturers, biotechnology researchers, food producers, and food testing laboratories. The Clinical Diagnostics segment designs, manufactures, sells, and supports test systems, informatics systems, test kits, and specialized quality controls for clinical laboratories in the diagnostics market. This segment offers reagents, instruments, and software, which address specific niches within the in vitro diagnostics test market. It sells its products to reference laboratories, hospital laboratories, state newborn screening facilities, physicians' office laboratories, transfusion laboratories, and insurance and forensic testing laboratories. The company offers its products through its direct sales force, as well as through distributors, agents, brokers, and resellers. Bio-Rad Laboratories, Inc. was founded in 1952 and is headquartered in Hercules, California."
TECH,Bio-Techne,Health Care,Life Sciences Tools & Services,"Minneapolis, Minnesota",8/30/2021,1976,"Bio-Techne Corporation, together with its subsidiaries, develops, manufactures, and sells life science reagents, instruments, and services for the research and clinical diagnostic markets worldwide. The company operates in two segments, Protein Sciences, and Diagnostics and Genomics. The Protein Sciences segment offers proteins and reagent solutions, including cytokines and growth factors, antibodies, immunoassays, biologically active small molecule compounds, tissue culture reagents, and T-Cell activation technologies. This segment also provides manual and automated protein analysis instruments and immunoassays for use in quantifying proteins in various biological fluids. The Diagnostics and Genomics segment develops and manufactures diagnostic products, including Food and Drug Administration -regulated controls, calibrators, blood gas and clinical chemistry controls, and other reagents for original equipment manufacturers and clinical customers, as well as a portfolio of clinical molecular diagnostic oncology assays comprising the ExoDx Prostate test for prostate cancer diagnosis. This segment also manufactures and sells tissue-based in-situ hybridization assays for research and clinical use. The company was formerly known as Techne Corporation and changed its name to Bio-Techne Corporation in November 2014. Bio-Techne Corporation was founded in 1976 and is headquartered in Minneapolis, Minnesota."
BIIB,Biogen,Health Care,Biotechnology,"Cambridge, Massachusetts",11/13/2003,1978,"Biogen Inc. discovers, develops, manufactures, and delivers therapies for treating neurological and neurodegenerative diseases worldwide. The company offers TECFIDERA, VUMERITY, AVONEX, PLEGRIDY, TYSABRI, and FAMPYRA for multiple sclerosis (MS); SPINRAZA for spinal muscular atrophy; and FUMADERM to treat plaque psoriasis. It also provides BENEPALI, an etanercept biosimilar referencing ENBREL; IMRALDI, an adalimumab biosimilar referencing HUMIRA; and FLIXABI, an infliximab biosimilar referencing REMICADE. In addition, the company offers RITUXAN for treating non-Hodgkin's lymphoma, chronic lymphocytic leukemia (CLL), rheumatoid arthritis, two forms of ANCA-associated vasculitis, and pemphigus vulgaris; RITUXAN HYCELA for non-Hodgkin's lymphoma and CLL; GAZYVA to treat CLL and follicular lymphoma; and OCREVUS for treating relapsing MS and primary progressive MS; and other anti-CD20 therapies. Further, it develops BIIB061, BIIB091, and BIIB107 for MS and neuroimmunology; Aducanumab, BAN2401, BIIB092, BIIB076, and BIIB080 to treat Alzheimer's disease and dementia; BIIB067, BIIB078, BIIB105, BIIB100, and BIIB110 to treat neuromuscular disorders; BIIB124, BIIB094, BIIB118, BIIB101, and BIIB122 for treating Parkinson's disease and movement disorders; BIIB111 and BIIB112 to treat ophthalmology related diseases; BIIB125 and BIIB104 for treating neuropsychiatry; Dapirolizumab pegol and BIIB059 to treat immunology related diseases; BIIB093 and TMS-007 to treat acute neurology; BIIB074 and BIIB095 for neuropathic pain; and SB11 and SB15 biosimilars, which are under various stages of development. The company offers products through its sales force and marketing groups. It has collaboration and license agreements with Acorda Therapeutics, Inc.; Alkermes Pharma Ireland Limited; Bristol-Myers Squibb Company; Eisai Co., Ltd.; Genentech, Inc.; Neurimmune SubOne AG; and Ionis Pharmaceuticals, Inc. The company was founded in 1978 and is headquartered in Cambridge, Massachusetts."
BLK,BlackRock,Financials,Asset Management & Custody Banks,"New York City, New York",4/4/2011,1988,"BlackRock, Inc. is a publicly owned investment manager. The firm primarily provides its services to institutional, intermediary, and individual investors including corporate, public, union, and industry pension plans, insurance companies, third-party mutual funds, endowments, public institutions, governments, foundations, charities, sovereign wealth funds, corporations, official institutions, and banks. It also provides global risk management and advisory services. The firm manages separate client-focused equity, fixed income, and balanced portfolios. It also launches and manages open-end and closed-end mutual funds, offshore funds, unit trusts, and alternative investment vehicles including structured funds. The firm launches equity, fixed income, balanced, and real estate mutual funds. It also launches equity, fixed income, balanced, currency, commodity, and multi-asset exchange traded funds. The firm also launches and manages hedge funds. It invests in the public equity, fixed income, real estate, currency, commodity, and alternative markets across the globe. The firm primarily invests in growth and value stocks of small-cap, mid-cap, SMID-cap, large-cap, and multi-cap companies. It also invests in dividend-paying equity securities. The firm invests in investment grade municipal securities, government securities including securities issued or guaranteed by a government or a government agency or instrumentality, corporate bonds, and asset-backed and mortgage-backed securities. It employs fundamental and quantitative analysis with a focus on bottom-up and top-down approach to make its investments. The firm employs liquidity, asset allocation, balanced, real estate, and alternative strategies to make its investments. In real estate sector, it seeks to invest in Poland and Germany. The firm benchmarks the performance of its portfolios against various S&P, Russell, Barclays, MSCI, Citigroup, and Merrill Lynch indices. BlackRock, Inc. was founded in 1988 and is based in New York City with additional offices in Boston, Massachusetts; London, United Kingdom; Gurgaon, India; Hong Kong; Greenwich, Connecticut; Princeton, New Jersey; Edinburgh, United Kingdom; Sydney, Australia; Taipei, Taiwan; Singapore; Sao Paulo, Brazil; Philadelphia, Pennsylvania; Washington, District of Columbia; Toronto, Canada; Wilmington, Delaware; and San Francisco, California."
BK,BNY Mellon,Financials,Asset Management & Custody Banks,"New York City, New York",3/31/1995,1784,"The Bank of New York Mellon Corporation provides a range of financial products and services in the United States and internationally. The company operates through three segments: Investment Services, Investment and Wealth Management, and Other. The Investment Service segment offers custody, trust and depositary, accounting, exchange-traded funds services, middle-office solutions, transfer agency, services for private equity and real estate funds, foreign exchange, securities lending, liquidity/lending services, brokerage and data analytics, clearing, investment, wealth and retirement solutions, technology and enterprise data management, trading, corporate trust, depositary receipts, payments, foreign exchange, liquidity management, receivables processing and payables management, trade finance and processing, collateral management, and tri-party services. The Investment and Wealth Management segment provides diversified investment management strategies and distribution of investment products, investment management, custody, wealth and estate planning, private banking, investment, and information management services. The Other segment engages in the leasing, corporate treasury, derivative and other trading, corporate and bank-owned life insurance, renewable energy investment, and business exit activities. It serves central banks and sovereigns, financial institutions, asset managers, insurance companies, corporations, local authorities and high net-worth individuals, and family offices. The company was founded in 1784 and is headquartered in New York, New York."
BA,Boeing,Industrials,Aerospace & Defense,"Chicago, Illinois",3/4/1957,1916,"The Boeing Company, together with its subsidiaries, designs, develops, manufactures, sales, services, and supports commercial jetliners, military aircraft, satellites, missile defense, human space flight and launch systems, and services worldwide. The company operates through four segments: Commercial Airplanes; Defense, Space & Security; Global Services; and Boeing Capital. The Commercial Airplanes segment provides commercial jet aircraft for passenger and cargo requirements, as well as fleet support services. The Defense, Space & Security segment engages in the research, development, production, and modification of manned and unmanned military aircraft and weapons systems; strategic defense and intelligence systems, which include strategic missile and defense systems, command, control, communications, computers, intelligence, surveillance and reconnaissance, cyber and information solutions, and intelligence systems; and satellite systems, such as government and commercial satellites, and space exploration. The Global Services segment offers products and services, including supply chain and logistics management, engineering, maintenance and modifications, upgrades and conversions, spare parts, pilot and maintenance training systems and services, technical and maintenance documents, and data analytics and digital services to commercial and defense customers. The Boeing Capital segment offers financing services and manages financing exposure for a portfolio of equipment under operating and finance leases, notes and other receivables, assets held for sale or re-lease, and investments. The company was founded in 1916 and is based in Chicago, Illinois."
BKNG,Booking Holdings,Consumer Discretionary,Internet & Direct Marketing Retail,"Norwalk, Connecticut",11/6/2009,1996,"Booking Holdings Inc. provides travel and restaurant online reservation and related services worldwide. The company operates Booking.com, which offers online accommodation reservations; Rentalcars.com that provides online rental car reservation services; Priceline, which offer online travel reservation services, including hotel, rental car and airline ticket reservation services, as well as vacation packages and cruises; and Agoda that provides online accommodation reservation services, as well as flight, ground transportation and activities reservation services. It also operates KAYAK, an online price comparison service that allows consumers to search and compare travel itineraries and prices, comprising airline ticket, accommodation reservation, and rental car reservation information; and OpenTable for booking online restaurant reservations. Further, it offers travel-related insurance products, and restaurant management services. The company was formerly known as The Priceline Group Inc. and changed its name to Booking Holdings Inc. in February 2018. Booking Holdings Inc. was founded in 1997 and is headquartered in Norwalk, Connecticut."
BWA,BorgWarner,Consumer Discretionary,Auto Parts & Equipment,"Auburn Hills, Michigan",12/19/2011,1880,"BorgWarner Inc. provides solutions for combustion, hybrid, and electric vehicles worldwide. The company's Engine segment offers turbocharger and turbocharger actuators; eBoosters; and timing systems products, including timing chains, variable cam timing, crankshaft and camshaft sprockets, tensioners, guides and snubbers, front-wheel drive transmission chains, four-wheel drive chains, and hybrid power transmission chains. It also provides emissions systems, such as electric air pumps and exhaust gas recirculation (EGR) modules, EGR coolers and valves, glow plugs, and instant starting systems; thermal systems products comprising viscous fan drives, polymer fans, coolant pumps, cabin heaters, battery heaters, and battery charging; and gasoline ignition technologies. The company's Drivetrain segment offers friction and mechanical products that include dual and friction clutch modules, friction and separator plates, transmission bands, torque converter and one-way clutches, and torsional vibration dampers. It also provides electro-hydraulic solenoids, transmission solenoid modules, and dual clutch control modules; rear-wheel drive/all-wheel drive (AWD) transfer case systems, front wheel drive-AWD coupling systems, and cross-axle coupling systems; starters, alternators, and hybrid electric motors; and motor controllers, battery chargers, and uninterrupted power source systems. The company sells its products to original equipment manufacturers of light vehicles, which comprise passenger cars, sport-utility vehicles, vans, and light trucks; commercial vehicles, including medium-duty and heavy-duty trucks, and buses; and off-highway vehicles, such as agricultural and construction machinery, and marine applications, as well as to tier one vehicle systems suppliers and the aftermarket for light, commercial, and off-highway vehicles. The company was formerly known as Borg-Warner Automotive, Inc. BorgWarner Inc. was founded in 1987 and is headquartered in Auburn Hills, Michigan."
BXP,Boston Properties,Real Estate,Office REITs,"Boston, Massachusetts",4/3/2006,1970,"Boston Properties (NYSE:BXP) is the largest publicly-held developer and owner of Class A office properties in the United States, concentrated in five markets - Boston, Los Angeles, New York, San Francisco and Washington, DC. The Company is a fully integrated real estate company, organized as a real estate investment trust (REIT), that develops, manages, operates, acquires and owns a diverse portfolio of primarily Class A office space. The Company's portfolio totals 51.2 million square feet and 196 properties, including six properties under construction/redevelopment."
BSX,Boston Scientific,Health Care,Health Care Equipment,"Marlborough, Massachusetts",2/24/1995,1979,"Boston Scientific Corporation is a global medical technology leader, designing, manufacturing, and selling a wide range of medical devices used in interventional medical specialties. The company's products are used in various medical fields, including cardiology, electrophysiology, endoscopy, urology and neuromodulation. Headquartered in Marlborough, Massachusetts, Boston Scientific operates in numerous countries around the world."
BMY,Bristol Myers Squibb,Health Care,Pharmaceuticals,"New York City, New York",3/4/1957,1989 (1887),"Bristol-Myers Squibb Company discovers, develops, licenses, manufactures, and markets biopharmaceutical products worldwide. The company offers products in hematology, oncology, cardiovascular, and immunology therapeutic classes. Its products include Revlimid, an oral immunomodulatory drug for the treatment of multiple myeloma; Opdivo for anti-cancer indications; Eliquis, an oral inhibitor indicated for the reduction in risk of stroke/systemic embolism in NVAF, and for the treatment of DVT/PE; and Orencia for adult patients with active RA and psoriatic arthritis, as well as reducing signs and symptoms in pediatric patients with active polyarticular juvenile idiopathic arthritis. The company also provides Sprycel for the treatment of Philadelphia chromosome-positive chronic myeloid leukemia; Yervoy for the treatment of patients with unresectable or metastatic melanoma; Abraxane, a solvent-free protein-bound chemotherapy product; mpliciti for the treatment of multiple myeloma; and Reblozyl for the treatment of anemia in adult patients with beta thalassemia. In addition, it offers Onureg for the continued treatment of adult patients with AML; Zeposia to treat relapsing forms of multiple sclerosis; Vidaza for the treatment of myelodysplastic syndrome subtypes; Baraclude, an oral antiviral agent for the treatment of chronic hepatitis B; and Breyanzi, a CD19-directed genetically modified autologous T cell immunotherapy for the treatment of adult patients with relapsed or refractory large B-cell lymphoma. The company sells products to wholesalers, distributors, pharmacies, retailers, hospitals, clinics, and government agencies. It has collaboration agreements with Pfizer, Inc.; Otsuka Pharmaceutical Co., Ltd.; Ono Pharmaceutical Co., Ltd.; Nektar Therapeutics; AVEO Pharmaceuticals, Inc.; and Huyabio. The company was formerly known as Bristol-Myers Company. Bristol-Myers Squibb Company was founded in 1887 and is headquartered in New York, New York."
AVGO,Broadcom Inc.,Information Technology,Semiconductors,"San Jose, California",5/8/2014,1961,"Broadcom Inc. designs, develops, and supplies semiconductor infrastructure software solutions. It offers semiconductor devices with a focus on complex digital and mixed signal complementary metal oxide semiconductor based devices and analog III-V based products worldwide. The company's infrastructure software solutions enable customers to plan, develop, automate, manage, and secure applications across mainframe, distributed, mobile, and cloud platforms. It operates through two segments, Semiconductor Solutions and Infrastructure Software. The company was incorporated in 2018 and is based in San Jose, California."
BR,Broadridge Financial Solutions,Information Technology,Data Processing & Outsourced Services,"Lake Success, New York",6/18/2018,1962,"Broadridge Financial Solutions, Inc. provides investor communications and technology-driven solutions for the financial services industry worldwide. The company's Investor Communication Solutions segment processes and distributes proxy materials to investors in equity securities and mutual funds, as well as facilitates related vote processing services; and offers ProxyEdge, an electronic proxy delivery and voting solution. It also distributes regulatory reports and corporate action/reorganization event information, as well as tax reporting solutions; and provides end-to-end platform for content management, composition, and multi-channel distribution of regulatory, marketing, and transactional information, as well as mutual fund trade processing services. In addition, this segment offers financial reporting document composition and management solutions; SEC disclosure and filing services; registrar, stock transfer, and record-keeping services; customer communication solutions; cloud-based marketing and customer communication tools; customer and account data aggregation and reporting services, as well as creates sales and educational content, including seminars and a library of financial planning topics; and mutual fund trade processing services. The company's Global Technology and Operations segment offers desktop productivity tools, data aggregation, performance reporting, portfolio management, order capture and execution, trade confirmation, margin, cash management, clearance and settlement, asset servicing, reference data management, reconciliations, securities financing and collateral optimization, compliance and regulatory reporting, and accounting. It also provides capital market, wealth management, asset management, and international securities processing solutions; managed services; and customizable advisor Websites, search engine marketing, and electronic and print newsletters. The company was founded in 1962 and is headquartered in Lake Success, New York."
BRO,Brown & Brown,Financials,Insurance Brokers,"Daytona Beach, Florida",9/20/2021,1939,"Brown & Brown, Inc. markets and sells insurance products and services in the United States, Bermuda, Canada, Cayman Islands, Ireland, and the United Kingdom. It operates through four segments: Retail, National Programs, Wholesale Brokerage, and Services. The company offers builders risk, group medical and pharmaceutical, property, commercial auto, homeowners, reinsurance, crop and hail, inland marine, retirement benefit, cyber, disability, risk mitigating warranty products, directors and officers, management liability, errors and omissions, medical stop loss, term life, excess liability, personal auto, umbrella, general liability, prescription drug, workers compensation, and group dental insurance products. It also provides professional liability and related package insurance products for dentistry, legal, eyecare, insurance, financial, physicians, and real estate title professionals, as well as supplementary insurance-related products for weddings, events, medical facilities, and cyber liability; homeowners and personal property policies, residential earthquake, and private passenger automobile and motorcycle coverage; commercial and public entity-related programs; and flood insurance, commercial difference-in-conditions, all-risk commercial property, coastal property programs, lender-placed solutions, sovereign Indian nations, and parcel insurance. In addition, it provides markets and sells excess and surplus commercial insurance products, such as personal lines, homeowners, yachts, jewelry, commercial property and casualty, commercial automobile, garage, restaurant, builder's risk, and inland marine lines; and third-party claims administration and medical utilization management services in the workers' compensation and all-lines liability arenas, as well as Medicare Set-aside, Social Security disability, Medicare benefits advocacy, and claims adjusting services. The company was founded in 1939 and is headquartered in Daytona Beach, Florida."
BF.B,Brown–Forman,Consumer Staples,Distillers & Vintners,"Louisville, Kentucky",10/31/1982,1870,Description non trouvée
BG,Bunge Limited,Consumer Staples,Agricultural Products,"Chesterfield, Missouri",3/15/2023,1818,"Bunge Limited operates as an agribusiness and food company worldwide. It operates through five segments: Agribusiness, Edible Oil Products, Milling Products, Fertilizer, and Sugar and Bioenergy. The Agribusiness segment purchases, stores, transports, processes, and sells agricultural commodities and commodity products, including oilseeds primarily soybeans, rapeseed, canola, and sunflower seeds, as well as grains primarily wheat and corn; and vegetable oils and protein meals. It provides its products for animal feed manufacturers, livestock producers, wheat and corn millers, and other oilseed processors, as well as third-party edible oil processing companies; and for industrial and biodiesel production applications. The Edible Oil Products segment provides packaged and bulk oils and fats, including cooking oils, shortenings, margarines, mayonnaise, and others for baked goods companies, snack food producers, confectioners, restaurant chains, foodservice operators, infant nutrition companies, and other food manufacturers, as well as grocery chains, wholesalers, distributors, and other retailers. The Milling Products segment offers wheat flours and bakery mixes; corn milling products that include dry-milled corn meals and flours, wet-milled masa and flours, and flaking and brewer's grits, as well as soy-fortified corn meal, corn-soy blends, and other products; and whole grain and fiber ingredients. The Fertilizer segment offers nitrogen, phosphate, and potassium fertilizers; and SSP, ammonia, ammonium thiosulfate, monoammonium phosphate, diammonium phosphate, triple superphosphate, urea, urea-ammonium nitrate, ammonium sulfate, and potassium chloride. The Sugar and Bioenergy segment produces sugar and ethanol; and generates electricity from burning sugarcane bagasse. The company was founded in 1818 and is headquartered in St. Louis, Missouri."
CHRW,C.H. Robinson,Industrials,Air Freight & Logistics,"Eden Prairie, Minnesota",3/2/2007,1905,"C.H. Robinson Worldwide, Inc., together with its subsidiaries, provides freight transportation services and logistics solutions to companies in various industries worldwide. The company operates through two segments, North American Surface Transportation and Global Forwarding. It offers transportation and logistics services, such as truckload; less than truckload transportation, which include the shipment of single or multiple pallets of freight; intermodal transportation that include the shipment service of freight in trailers or containers by a combination of truck and rail; and non-vessel ocean common carrier and freight forwarding services, as well as organizes air shipments and offers door-to-door services. The company also provides customs broker services; and other logistics services, including fee-based managed, warehousing, small parcel, and other services. It has contractual relationships with approximately 73,000 transportation companies, including motor carriers, railroads, and air and ocean carriers. In addition, the company is involved in buying, selling, and marketing of fresh produce, including fresh fruits, vegetables, and other perishable items under the Robinson Fresh name. Further, it provides transportation management services or managed TMS; and other surface transportation services. The company offers its fresh produce to grocery retailers, restaurants, produce wholesalers, and foodservice distributors through a network of independent produce growers and suppliers. C.H. Robinson Worldwide, Inc. was founded in 1905 and is headquartered in Eden Prairie, Minnesota."
CDNS,Cadence Design Systems,Information Technology,Application Software,"San Jose, California",9/18/2017,1988,"Cadence Design Systems, Inc. provides software, hardware, services, and reusable integrated circuit (IC) design blocks worldwide. The company offers functional verification services, including emulation and prototyping hardware. Its functional verification offering consists of JasperGold, a formal verification platform; Xcelium, a parallel logic simulation platform; Palladium, an enterprise emulation platform; and Protium, a prototyping platform for chip verification. The company also provides digital IC design products, including Genus logic synthesis and RTL power solutions, as well as Modus software solution to reduce systems-on-chip design-for-test time; physical implementation tools, including place and route, optimization, and multiple patterning preparation; and signoff products to signoff the design as ready for manufacture by a silicon foundry. In addition, it offers custom IC design and simulation products to create schematic and physical representations of circuits down to the transistor level for analog, mixed-signal, custom digital, memory, and radio frequency designs; and system design and analysis products to develop printed circuit boards and IC packages, as well as to analyze electromagnetic, electro-thermal, and other multi-physics effects. Further, the company provides intellectual property (IP) products consisting of pre-verified and customizable functional blocks to integrate into customer's ICs; and verification IP and memory models to verify the correct interaction with dozens of design IP interface protocols. Additionally, it offers services related to methodology, education, and hosted design solutions, as well as technical support and maintenance services. Cadence Design Systems, Inc. was incorporated in 1988 and is headquartered in San Jose, California."
CZR,Caesars Entertainment,Consumer Discretionary,Casinos & Gaming,"Reno, Nevada",3/22/2021,1973,"Caesars Entertainment, Inc. operates as a gaming and hospitality company in the United States. The company operates casinos, including poker, keno, and race and online sportsbooks; dining venues, bars, nightclubs, and lounges; hotels; and entertainment venues. It also offers staffing and management services; accessories, souvenirs, and decorative items through retail stores; and online sports betting and iGaming services. As of December 31,2020, the company owned, leased, or managed 54 domestic properties in 16 states, consisting of approximately 54,600 slot machines, video lottery terminals, and e-tables; 3,200 table games; and 47,700 hotel rooms. Caesars Entertainment, Inc. was founded in 1937 and is based in Reno, Nevada."
CPT,Camden Property Trust,Real Estate,Residential REITs,"Houston, Texas",4/4/2022,1981,"Camden Property Trust, an S&P 400 Company, is a real estate company primarily engaged in the ownership, management, development, redevelopment, acquisition, and construction of multifamily apartment communities. Camden owns interests in and operates 167 properties containing 56,850 apartment homes across the United States. Upon completion of 7 properties currently under development, the Company's portfolio will increase to 59,104 apartment homes in 174 properties. Camden has been recognized as one of the 100 Best Companies to Work For√Ç¬Æ by FORTUNE magazine for 13 consecutive years, most recently ranking #18. The Company also received a Glassdoor Employees' Choice Award in 2020, ranking #25 for large U.S. companies."
CPB,Campbell Soup Company,Consumer Staples,Packaged Foods & Meats,"Camden, New Jersey",3/4/1957,1869,"Campbell Soup Company, together with its subsidiaries, engages in the manufacture and market food and beverage products. It operates through Meals & Beverages and Snacks segments. The Meals & Beverages segment engages in the retail and foodservice businesses in the United States and Canada. This segment provides Campbell's condensed and ready-to-serve soups; Swanson broth and stocks; Pacific Foods broth, soups, and non-dairy beverages; Prego pasta sauces; Pace Mexican sauces; Campbell's gravies, pasta, beans, and dinner sauces; Swanson canned poultry; Plum baby food and snacks; V8 juices and beverages; V8 juices and beverages; and Campbell's tomato juice. The Snacks segment retails Pepperidge Farm cookies, crackers, fresh bakery, and frozen products in the United States; Milano cookies and Goldfish crackers; and Snyder's of Hanover pretzels, Lance sandwich crackers, Cape Cod and Kettle Brand potato chips, Late July snacks, Snack Factory Pretzel Crisps, Pop Secret popcorn, Emerald nuts, and other snacking products in the United States and Canada. This segment is also involved in the retail business in Latin America. The company sells its products through retail food chains, mass discounters and merchandisers, club stores, convenience stores, drug stores, and dollar stores, as well as e-commerce and other retail, commercial, and non-commercial establishments; and independent contractor distributors. Campbell Soup Company was founded in 1869 and is headquartered in Camden, New Jersey."
COF,Capital One,Financials,Consumer Finance,"Tysons Corner, Virginia",7/1/1998,1994,"one does not have significant operations. It intends to effect a merger, capital stock exchange, asset acquisition, stock purchase, reorganization, or other similar business combination with one or more operating businesses. The company was incorporated in 2020 and is based in San Francisco, California."
CAH,Cardinal Health,Health Care,Health Care Distributors,"Dublin, Ohio",5/27/1997,1971,"Cardinal Health, Inc. operates as an integrated healthcare services and products company in the United States and internationally. It provides customized solutions for hospitals, healthcare systems, pharmacies, ambulatory surgery centers, clinical laboratories, and physician offices. The company operates through two segments, Pharmaceutical and Medical. The Pharmaceutical segment distributes branded and generic pharmaceutical, specialty pharmaceutical, and over-the-counter healthcare and consumer products. It also provides services to pharmaceutical manufacturers and healthcare providers for specialty pharmaceutical products; operates nuclear pharmacies and radiopharmaceutical manufacturing facilities; and offers pharmacy management services to hospitals, as well as medication therapy management and patient outcomes services to hospitals, other healthcare providers, and payers. In addition, this segment repackages generic pharmaceuticals and over-the-counter healthcare products. The Medical segment manufactures, sources, and distributes Cardinal Health branded medical, surgical, and laboratory products. It also provides incontinence, nutritional delivery, wound care, cardiovascular, and endovascular products; single-use surgical drapes, gowns and apparel, and fluid suction and collection systems; urology products; operating room supplies; and electrode products. In addition, this segment distributes a range of national brand products, including medical, surgical, and laboratory products; and provides supply chain services and solutions to hospitals, ambulatory surgery centers, clinical laboratories, and other healthcare providers. Cardinal Health, Inc. was founded in 1979 and is headquartered in Dublin, Ohio."
KMX,CarMax,Consumer Discretionary,Automotive Retail,"Richmond, Virginia",6/28/2010,1993,"CarMax, Inc., through its subsidiaries, operates as a retailer of used vehicles in the United States. The company operates in two segments, CarMax Sales Operations and CarMax Auto Finance. It offers customers a range of makes and models of used vehicles, including domestic, imported, and luxury vehicles; vehicles that do not meet its retail standards to licensed dealers through on-site wholesale auctions; and extended protection plans to customers at the time of sale. The company also provides reconditioning and vehicle repair services; and financing alternatives for retail customers across a range of credit spectrum through its CarMax Auto Finance and arrangements with various financial institutions. As of February 29, 2020, it operated approximately 216 stores and 2 new car franchises. CarMax, Inc. was founded in 1993 and is based in Richmond, Virginia."
CCL,Carnival,Consumer Discretionary,"Hotels, Resorts & Cruise Lines","Miami, Florida",12/22/1998,1972,"Carnival Corporation & plc operates as a leisure travel company. Its ships visit approximately 700 ports under the Carnival Cruise Line, Princess Cruises, Holland America Line, P&O Cruises (Australia), Seabourn, Costa Cruises, AIDA Cruises, P&O Cruises (UK), and Cunard brand names. The company also provides port destinations and other services, as well as owns and operates hotels, lodges, glass-domed railcars, and motor coaches. It sells its cruises primarily through travel agents and tour operators. The company operates in the United States, Canada, Continental Europe, the United Kingdom, Australia, New Zealand, Asia, and internationally. It operates 87 ships with 223,000 lower berths. The company was incorporated in 1972 and is headquartered in Miami, Florida."
CARR,Carrier Global,Industrials,Building Products,"Palm Beach Gardens, Florida",4/3/2020,2020 (1915),"Carrier Global Corporation provides heating, ventilating, and air conditioning (HVAC), refrigeration, fire, security, and building automation technologies worldwide. It operates through three segments: HVAC, Refrigeration, and Fire & Security. The HVAC segment provides products, controls, services, and solutions to meet the heating and cooling needs of residential and commercial customers. Its products include air conditioners, heating systems, controls, and aftermarket components, as well as aftermarket repair and maintenance services and building automation solutions. The Refrigeration segment offers transport refrigeration products and services, including refrigeration and monitoring systems for trucks, trailers, shipping containers, intermodal, and rail; and commercial refrigeration solutions, such as refrigerated cabinets, freezers, systems, and controls. The Fire & Security segment provides various residential and building systems, including fire, flame, gas, smoke, and carbon monoxide detection; portable fire extinguishers; fire suppression systems; intruder alarms; access control systems; video management systems; and electronic controls. Its other fire and security service offerings comprise audit, design, installation, and system integration, as well as aftermarket maintenance and repair and monitoring services. The company offers its products under the Autronica, Chubb, Det-Tronics, Edwards, Fireye, GST, Kidde, LenelS2, Marioff, Onity, and Supra; and Carrier, Automated Logic, BluEdge, Bryant, CIAT, Day & Night, Heil, NORESCO, and Riello brands. It sells its products directly to building contractors and owners, transportation companies and retail stores, and end customers, as well as indirectly through equity method investees, independent sales representatives, distributors, wholesalers, dealers, retail outlets, manufacturers' representatives, and value-added resellers. The company was incorporated in 2019 and is headquartered in Palm Beach Gardens, Florida."
CTLT,Catalent,Health Care,Pharmaceuticals,"Somerset, New Jersey",9/21/2020,2007,"Catalent, Inc., together with its subsidiaries, provides delivery technologies and development solutions for drugs, biologics, and consumer and animal health products worldwide. It operates through four segments: Softgel and Oral Technologies, Biologics, Oral and Specialty Delivery, and Clinical Supply Services. The Softgel and Oral Technologies segment provides formulation, development, and manufacturing services for soft capsules for use in a range of customer products, such as prescription drugs, over-the-counter medications, dietary supplements, unit-dose cosmetics, and animal health medicinal preparations. The Biologics segment provides biologic cell-line; develops and manufactures cell therapy and viral vector gene therapy; formulation, development, and manufacturing for parenteral dose forms, including prefilled syringes, vials, and cartridges; and analytical development and testing services. The Oral and Specialty Delivery segment offers formulation, development, and manufacturing across a range of technologies along with integrated downstream clinical development and commercial supply solutions. This segment also offers oral delivery solutions platform comprising pre-clinical screening, formulation, analytical development, and current good manufacturing practices services. The Clinical Supply Services segment offers manufacturing, packaging, storage, distribution, and inventory management for drugs and biologics clinical trials. It also offers FastChain demand-led clinical supply services. The company serves pharmaceutical, biotechnology, and consumer health companies; and companies in other healthcare market segments, such as animal health and medical devices, as well as in cosmetics industries. It has a collaboration with the Janssen Pharmaceutical Companies; Arcturus Therapeutics Holdings Inc.; and BrainStorm Cell Therapeutics Inc. Catalent, Inc. was founded in 2007 and is headquartered in Somerset, New Jersey."
CAT,Caterpillar Inc.,Industrials,Construction Machinery & Heavy Trucks,"Irving, Texas",3/4/1957,1925,"Caterpillar Inc. manufactures and sells construction and mining equipment, diesel and natural gas engines, industrial gas turbines, and diesel-electric locomotives worldwide. Its Construction Industries segment offers asphalt pavers, compactors, cold planers, motorgraders, pipelayers, road reclaimers, telehandlers, and utility vehicles; backhoe, compact track, multi-terrain, skid steer, and track-type loaders; forestry and wheel excavators; and site prep and track-type tractors. The company's Resource Industries segment provides electric rope and hydraulic shovels, draglines, rotary drills, hard rock vehicles, track-type tractors, mining trucks, longwall miners, wheel loaders, off-highway and articulated trucks, wheel tractor scrapers, wheel dozers, landfill and soil compactors, machinery components, autonomous ready vehicles and solutions, and select work tools. Its Energy & Transportation segment offers reciprocating engine powered generator sets; reciprocating engines and integrated systems for the power generation, marine, oil, and gas industries; turbines, centrifugal gas compressors, and related services; remanufactured reciprocating engines and components; and diesel-electric locomotives and components, and other rail-related products. The company's Financial Products segment provides operating and finance leases, installment sale contracts, working capital loans, and wholesale financing; and insurance and risk management, as well as other equipment-related loans. Its All Other Operating segment offers filters and fluids, undercarriage, ground engaging tools, fluid transfer products, precision seals, and rubber sealing and connecting components; parts distribution; integrated logistics solutions; portfolio management; brand management and marketing strategy; and digital investments services. The company was formerly known as Caterpillar Tractor Co. The company was founded in 1925 and is headquartered in Deerfield, Illinois."
CBOE,Cboe Global Markets,Financials,Financial Exchanges & Data,"Chicago, Illinois",3/1/2017,1973,"Cboe Global Markets, Inc., through its subsidiaries, operates as an options exchange worldwide. It operates through five segments: Options, North American Equities, Futures, European Equities, and Global FX. The Options segment trades in listed market indices. The North American Equities segment trades in listed U.S. and Canadian equities; and offers exchange-traded products (ETP) transaction and ETP listing services. The Futures segment trades in futures. The European Equities segment offers pan-European listed equities transaction services, ETPs, exchange-traded commodities, and international depository receipts, as well as ETP listings and clearing services. The Global FX segment provides institutional foreign exchange (FX) trading and non-deliverable forward FX transactions services. The company has strategic relationships with S&P Dow Jones Indices, LLC; FTSE International Limited; Frank Russell Company; MSCI Inc.; and DJI Opco, LLC. The company was formerly known as CBOE Holdings, Inc. and changed its name to Cboe Global Markets, Inc. in October 2017. Cboe Global Markets, Inc. was founded in 1973 and is headquartered in Chicago, Illinois."
CBRE,CBRE Group,Real Estate,Real Estate Services,"Dallas, Texas",11/10/2006,1906,"CBRE Group, Inc. operates as a commercial real estate services and investment company worldwide. It operates through Advisory Services, Global Workplace Solutions, and Real Estate Investments segments. The Advisory Services segment provides strategic advice and execution to owners, investors, and occupiers of real estate in connection with leasing; property sales and mortgage services under the CBRE Capital Markets brand; property and project management services, including construction management, marketing, building engineering, accounting, and financial services for owners of and investors in office, industrial, and retail properties; and valuation services that include market value appraisals, litigation support, discounted cash flow analyses, and feasibility studies, as well as consulting services, such as property condition reports, hotel advisory, and environmental consulting. The Global Workplace Solutions segment offers facilities management, project management, and transaction management services. The Real Estate Investments segment provides investment management services under the CBRE Global Investors brand to pension funds, insurance companies, sovereign wealth funds, foundations, endowments, and other institutional investors; development services under the Trammell Crow Company brand primarily to users of and investors in commercial real estate; and flexible-space solutions under the CBRE Hana brand, which includes office suites, conference rooms and event space, and communal co-working space for institutional property owners. It also develops residential-led and mixed-use sites in London under the Telford Homes brand. The company was founded in 1906 and is headquartered in Dallas, Texas."
CDW,CDW,Information Technology,Technology Distributors,"Lincolnshire, Illinois",9/23/2019,1984,"CDW Corporation provides integrated information technology (IT) solutions to business, government, education, and healthcare customers in the United States, the United Kingdom, and Canada. It operates through three segments: Corporate, Small Business, and Public. The company offers discrete hardware and software products, as well as integrated IT solutions, including on-premise, hybrid and cloud capabilities across data center and networking, digital workspace, security, and virtualization. Its hardware products comprise notebooks/mobile devices, network communications, desktop computers, video monitors, enterprise and data storage, and other hardware; and software products include application suites, security, virtualization, operating systems, and network management. The company also provides field services, managed services, warranties, configuration services, partner services, and telecom services. CDW Corporation was founded in 1984 and is based in Lincolnshire, Illinois."
CE,Celanese,Materials,Specialty Chemicals,"Irving, Texas",12/24/2018,1918,"Celanese Corporation, a technology and specialty materials company, manufactures and sells high performance engineered polymers in the United States and internationally. The company operates through Engineered Materials, Acetate Tow, and Acetyl Chain segments. The Engineered Materials segment develops, produces, and supplies specialty polymers for automotive and medical applications, as well as for use in industrial products and consumer electronics. It also offers acesulfame potassium, a sweetener for use in various beverages, confections, and dairy products; and food protection ingredients, such as potassium sorbate and sorbic acid for use in foods, beverages, and personal care products. The Acetate Tow segment provides acetate tows and flakes for use in filter products applications. The Acetyl Chain segment produces and supplies acetyl products, including acetic acid, vinyl acetate monomers, acetic anhydride, and acetate esters that are used as starting materials for colorants, paints, adhesives, coatings, and pharmaceuticals; and organic solvents and intermediates for pharmaceutical, agricultural, and chemical products. It also offers vinyl acetate-based emulsions for use in paints and coatings, adhesives, construction, glass fiber, textiles, and paper applications; and ethylene vinyl acetate resins and compounds, as well as low-density polyethylene for use in flexible packaging films, lamination film products, hot melt adhesives, automotive parts, and carpeting applications. In addition, it manufactures ultra-high molecular weight polyethylene. Celanese Corporation was founded in 1918 and is headquartered in Irving, Texas."
CNC,Centene Corporation,Health Care,Managed Health Care,"St. Louis, Missouri",3/30/2016,1984,"Centene Corporation operates as a multi-national healthcare enterprise that provides programs and services to under-insured and uninsured individuals in the United States. Its Managed Care segment offers health plan coverage to individuals through government subsidized programs, including Medicaid, the State children's health insurance program, long-term services and support, foster care, and medicare-medicaid plans, which cover dually eligible individuals, as well as aged, blind, or disabled programs. Its health plans include primary and specialty physician care, inpatient and outpatient hospital care, emergency and urgent care, prenatal care, laboratory and X-ray, home-based primary care, transportation assistance, vision care, dental care, telehealth, immunization, specialty pharmacy, therapy, social work, nurse advisory, and care coordination services, as well as prescriptions and limited over-the-counter drugs, medical equipment, and behavioral health and abuse services. This segment also offers various individual, small group, and large group commercial healthcare products to employers and directly to members in the Managed Care segment. The company's Specialty Services segment provides pharmacy benefits management services; nurse advice line and after-hours support services; and vision and dental services, as well as staffing services to correctional systems and other government agencies; and services to Military Health System eligible beneficiaries. This segment offers its services and products to state programs, correctional facilities, healthcare organizations, employer groups, and other commercial organizations. The company provides its services through primary and specialty care physicians, hospitals, and ancillary providers. Centene Corporation was founded in 1984 and is headquartered in St. Louis, Missouri."
CNP,CenterPoint Energy,Utilities,Multi-Utilities,"Houston, Texas",7/31/1985,1882,"CenterPoint Energy, Inc. operates as a public utility holding company in the United States. The company operates through Electric, Natural Gas, and Midstream Investments segments. The Electric segment includes electric transmission and distribution services to electric customers and electric generation assets, as well as assets in the wholesale power market. The Natural Gas segment provides natural gas distribution services, as well as home appliance maintenance and repair services to customers in Minnesota; and home repair protection plans to natural gas customers in Texas and Louisiana through a third party. This segment also sells regulated intrastate natural gas, as well as natural gas transportation and storage services for residential, commercial, industrial, and transportation customers. The Midstream Investments segment provides natural gas and crude oil gathering, and natural gas processing services to its producer customers, as well as crude oil, condensate, and produced water gathering services to its producer and refiner customers; and interstate and intrastate natural gas pipeline transportation and storage services to its producer, power plant, local distribution company, and industrial end-user customers. As of December 31, 2020, it served approximately 2.6 million metered customers; owned 239 substation sites with a total installed rated transformer capacity of 69,915 megavolt amperes; operated approximately 99,000 linear miles of natural gas distribution mains, as well as 77,000 linear miles of natural gas transmission mains; and owned and operated 264 miles of intrastate pipeline in Louisiana, Texas, and Oklahoma. CenterPoint Energy, Inc. was founded in 1866 and is headquartered in Houston, Texas."
CDAY,Ceridian,Information Technology,Application Software,"Minneapolis, Minnesota",9/20/2021,1992,"Ceridian HCM Holding Inc., together with its subsidiaries, operates as a human capital management (HCM) software company in the United States, Canada, and internationally. The company offers Dayforce, a cloud HCM platform that provides human resources (HR), payroll, benefits, workforce management, and talent management functionality; and Powerpay, a cloud HR and payroll solution for the small business market. It also provides Bureau solutions for payroll and payroll-related services. The company sells its solutions through direct sales force and third-party channels. Ceridian HCM Holding Inc. was incorporated in 2013 and is headquartered in Minneapolis, Minnesota."
CF,CF Industries,Materials,Fertilizers & Agricultural Chemicals,"Deerfield, Illinois",8/27/2008,1946,"IES Holdings, Inc. designs and installs integrated electrical and technology systems, and provides infrastructure products and services in the United States. Its Commercial & Industrial segment offers electrical and mechanical design, construction, and maintenance services for office buildings, manufacturing facilities, data centers, chemical plants, refineries, wind farms, solar facilities, municipal infrastructures, and health care facilities. Its Communications segment designs, installs, and maintains network infrastructure within data centers for co-location and managed hosting customers; corporate, educational, financial, hospitality, and healthcare buildings; e-commerce distribution centers; and high-tech manufacturing facilities. This segment also provides design and installation services for audio/visual, telephone, fire, and wireless access and intrusion alarm systems; and engages in designing/building, servicing, and maintaining data network systems. Its Infrastructure Solutions segment maintains and repairs alternating and direct current electric motors and generators, and power generating and distribution equipment; manufactures custom-engineered metal enclosed bus duct solutions used in power distribution; manufactures custom commercial and industrial generator enclosures; manufactures, re-manufactures, and repairs industrial lifting magnets; and maintains and repairs railroad main and auxiliary generators, main alternators, and traction motors. Its Residential segment offers electrical installations to single-family housing and multi-family apartments; and cable television installations to residential and light commercial applications, as well as installs residential solar power for new construction and existing residences. The company was formerly known as Integrated Electrical Services, Inc. and changed its name to IES Holdings, Inc. in May 2016. The company was founded in 1997 and is headquartered in Houston, Texas."
CRL,Charles River Laboratories,Health Care,Life Sciences Tools & Services,"Wilmington, Massachusetts",5/14/2021,1947,"Charles River Laboratories International, Inc., an early-stage contract research company, provides drug discovery, non-clinical development, and safety testing services in the United States, Europe, Canada, the Asia Pacific, and internationally. It operates through three segments: Research Models and Services (RMS), Discovery and Safety Assessment (DSA), and Manufacturing Support (Manufacturing). The RMS segment produces and sells research model strains and purpose-bred rats and mice for use by researchers. It also provides a range of services to assist its clients in supporting the use of research models in research and screening non-clinical drug candidates, including research models, genetically engineered models and services, insourcing solutions, and research animal diagnostic services. The DSA segment offers early and in vivo discovery services for the identification and validation of novel targets and chemical compounds through delivery of non-clinical drug and therapeutic candidates ready for safety assessment; and safety assessment services, such as toxicology, pathology, safety pharmacology, bioanalysis, drug metabolism, and pharmacokinetics services. The Manufacturing segment provides in vitro methods for conventional and rapid quality control testing of sterile and non-sterile pharmaceuticals and consumer products. It also offers specialized testing of biologics that are outsourced by pharmaceutical and biotechnology companies; and avian vaccine services that provide specific-pathogen-free (SPF) fertile chicken eggs, SPF chickens, and diagnostic products used to manufacture vaccines. The company was founded in 1947 and is based in Wilmington, Massachusetts."
SCHW,Charles Schwab Corporation,Financials,Investment Banking & Brokerage,"Westlake, Texas",6/2/1997,1971,"The Charles Schwab Corporation, through its subsidiaries, provides wealth management, securities brokerage, banking, asset management, custody, and financial advisory services. The company operates in two segments, Investor Services and Advisor Services. The Investor Services segment provides retail brokerage and banking services, retirement plan services, and other corporate brokerage services; equity compensation plan sponsors full-service recordkeeping for stock plans, stock options, restricted stock, performance shares, and stock appreciation rights; and retail investor, retirement plan, and mutual fund clearing services. The Advisor Services segment offers custodial, trading, banking, and support services; and retirement business and corporate brokerage retirement services. This segment provides brokerage accounts with cash management capabilities; third-party mutual funds, as well as proprietary mutual funds, plus mutual fund trading, and clearing services to broker-dealers; and exchange-traded funds (ETFs), including proprietary and third-party ETFs. It also offers advice solutions, such as managed portfolios of proprietary and third-party mutual funds and ETFs, separately managed accounts, customized personal advice for tailored portfolios, and specialized planning and portfolio management. In addition, this segment provides banking products and services, including checking and savings accounts, first lien residential real estate mortgage loans, home equity lines of credit, and pledged asset lines; and trust services comprising trust custody services, personal trust reporting services, and administrative trustee services. The company serves individuals and institutional clients in the United States, the Commonwealth of Puerto Rico, the United Kingdom, Hong Kong, and Singapore. The Charles Schwab Corporation was incorporated in 1971 and is headquartered in Westlake, Texas."
CHTR,Charter Communications,Communication Services,Cable & Satellite,"Stamford, Connecticut",9/8/2016,1993,"Charter Communications, Inc. operates as a broadband connectivity and cable operator company serving residential and commercial customers in the United States. The company provides Internet services, such as security suite that protects computers from viruses and spyware; in-home WiFi, which provides customers with high performance wireless routers to enhance their in-home wireless Internet experience; out-of-home WiFi; and Spectrum WiFi services, as well as video services. It also offers voice communications services using voice over Internet protocol technology; and broadband communications solutions, such as Internet access, data networking, fiber connectivity, video entertainment, and business telephone services to cellular towers and office buildings for business and carrier organizations. In addition, the company provides mobile services; offers video programming, static IP and business WiFi, email and security, and multi-line telephone services, as well as Web-based service management; sells local advertising across various platforms for networks, such as MTV, CNN, and ESPN; sells advertising inventory to local sports and news channels; and offers Audience App for optimizes linear inventory. Further, it offers communications products and managed service solutions; data connectivity services to mobile and wireline carriers on a wholesale basis; and owns and operates regional sports and news networks. The company serves approximately 31 million customers in 41 states. Charter Communications, Inc. was founded in 1993 and is headquartered in Stamford, Connecticut."
CVX,Chevron Corporation,Energy,Integrated Oil & Gas,"San Ramon, California",3/4/1957,1879,"Chevron Corporation, through its subsidiaries, engages in integrated energy, chemicals, and petroleum operations worldwide. The company operates in two segments, Upstream and Downstream. The Upstream segment is involved in the exploration, development, and production of crude oil and natural gas; processing, liquefaction, transportation, and regasification associated with liquefied natural gas; transportation of crude oil through pipelines; and transportation, storage, and marketing of natural gas, as well as operates a gas-to-liquids plant. The Downstream segment engages in refining crude oil into petroleum products; marketing crude oil, refined products, and lubricants; transporting crude oil and refined products through pipeline, marine vessel, motor equipment, and rail car; and manufacturing and marketing commodity petrochemicals, and fuel and lubricant additives, as well as plastics for industrial uses. Chevron Corporation is also involved in the cash management and debt financing activities; insurance operations; real estate activities; and technology businesses. The company was formerly known as ChevronTexaco Corporation and changed its name to Chevron Corporation in 2005. Chevron Corporation was founded in 1879 and is headquartered in San Ramon, California."
CMG,Chipotle Mexican Grill,Consumer Discretionary,Restaurants,"Newport Beach, California",4/28/2011,1993,"Chipotle Mexican Grill, Inc., together with its subsidiaries, owns and operates Chipotle Mexican Grill restaurants. As of December 31, 2020, it owned and operated 2,724 Chipotle restaurants in the United States, 40 international Chipotle restaurants, and 4 non-Chipotle restaurants. The company was founded in 1993 and is headquartered in Newport Beach, California."
CB,Chubb Limited,Financials,Property & Casualty Insurance,"Zurich, Switzerland",7/15/2010,1985,"Chubb Limited provides insurance and reinsurance products worldwide. The company's North America Commercial P&C Insurance segment offers commercial property, casualty, workers' compensation, package policies, risk management, financial lines, marine, construction, environmental, medical, cyber risk, surety, and excess casualty; and group accident and health insurance to large, middle market, and small commercial businesses. Its North America Personal P&C Insurance segment provides affluent and high net worth individuals and families with homeowners, automobile and collector cars, valuable articles, personal and excess liability, travel insurance, and recreational marine insurance and services. The company's North America Agricultural Insurance segment offers multiple peril crop and crop-hail insurance; and coverage for farm and ranch property, and commercial agriculture products. Its Overseas General Insurance segment provides coverage for traditional commercial property and casualty; specialty categories, such as financial lines, marine, energy, aviation, political risk, and construction risk; and group accident and health, and traditional and specialty personal lines for corporations, middle markets, and small customers through retail brokers, agents, and other channels. The company's Global Reinsurance segment offers traditional and specialty reinsurance under the Chubb Tempest Re brand to property and casualty companies. Its Life Insurance segment provides protection and savings products comprising whole life, endowment plans, individual term life, group term life, medical and health, personal accident, credit life, universal life, and unit linked contracts. Chubb has collaboration with Marsh to secure insurance coverage for the COVAX no-fault compensation program. The company was formerly known as ACE Limited and changed its name to Chubb Limited in January 2016. Chubb Limited was incorporated in 1985 and is headquartered in Zurich, Switzerland."
CHD,Church & Dwight,Consumer Staples,Household Products,"Ewing, New Jersey",12/29/2015,1847,"Church & Dwight Co., Inc. develops, manufactures, and markets household, personal care, and specialty products in the United States and internationally. It operates in three segments: Consumer Domestic, Consumer International, and Specialty Products Division. The company offers cat litters, carpet deodorizers, laundry detergents, and baking soda, as well as other baking soda based products under the ARM & HAMMER brand; condoms, lubricants, and vibrators under the TROJAN brand; stain removers, cleaning solutions, laundry detergents, and bleach alternatives under the OXICLEAN brand; battery-operated and manual toothbrushes under the SPINBRUSH brand; home pregnancy and ovulation test kits under the FIRST RESPONSE brand; depilatories under the NAIR brand; oral analgesics under the ORAJEL brand; laundry detergents under the XTRA brand; gummy dietary supplements under the L'IL CRITTERS and VITAFUSION brands; dry shampoos under the BATISTE brand; water flossers and replacement showerheads under the WATERPIK brand; FLAWLESS products; and cold remedy products under the ZICAM brand. It also provides specialty products, including animal productivity products, such as MEGALAC rumen bypass fat, a supplement that enables cows to maintain energy levels during the period of high milk production; BIO-CHLOR and FERMENTEN, which are used to reduce health issues associated with calving, as well as provides needed protein; and CELMANAX refined functional carbohydrate, a yeast based prebiotic. In addition, the company offers sodium bicarbonate; and cleaning and deodorizing products. It sells its consumer products through supermarkets, mass merchandisers, wholesale clubs, drugstores, convenience stores, home stores, dollar and other discount stores, pet and other specialty stores, and websites and other e-commerce channels; and specialty products to industrial customers and livestock producers through distributors. The company was founded in 1846 and is headquartered in Ewing, New Jersey."
CI,Cigna,Health Care,Managed Health Care,"Bloomfield, Connecticut",6/30/1976,1982,"Cigna Corporation provides insurance and related products and services in the United States. Its Evernorth segment provides a range of coordinated and point solution health services, including pharmacy, benefits management, care, and intelligence solutions to health plans, employers, government organizations, and health care providers. The company's U.S. Medical segment offers commercial products and services, including medical, pharmacy, behavioral health, dental, vision, health advocacy programs, and other products and services for insured and self-insured customers; Medicare Advantage, Medicare Supplement, and Medicare Part D plans for seniors, as well as Medicaid plans; and individual health insurance plans to on and off the public exchanges. Its International Markets segment offers health coverage, hospitalization, dental, critical illness, personal accident, term life, medical cost containment, and variable universal life products, as well as health care benefits to mobile employees of multinational organizations. The company distributes its products and services through insurance brokers and consultants; directly to employers, unions and other groups, or individuals; and private and public exchanges. The company was founded in 1792 and is headquartered in Bloomfield, Connecticut."
CINF,Cincinnati Financial,Financials,Property & Casualty Insurance,"Fairfield, Ohio",12/18/1997,1950,"Cincinnati Financial Corporation, together with its subsidiary, provides property casualty insurance products in the United States. The company operates through five segments: Commercial Lines Insurance, Personal Lines Insurance, Excess and Surplus Lines Insurance, Life Insurance, and Investments. The Commercial Lines Insurance segment offers coverage for commercial casualty, commercial property, commercial auto, and workers' compensation. It also provides director and officer liability insurance, contract and commercial surety bonds, and fidelity bonds; and machinery and equipment coverage. The Personal Lines Insurance segment offers personal auto insurance; homeowner insurance; and dwelling fire, inland marine, personal umbrella liability, and watercraft coverages to individuals. The Excess and Surplus Lines Insurance segment offers commercial casualty insurance that covers businesses for third-party liability from accidents occurring on their premises or arising out of their operations, such as injuries sustained from products; and commercial property insurance, which insures buildings, inventory, equipment, and business income from loss or damage due to various causes, such as fire, wind, hail, water, theft, and vandalism. The Life Insurance segment provides term life insurance products; universal life insurance products; worksite products, such as term life; and whole life insurance products, as well as markets deferred and immediate annuities. The Investments segment invests in fixed-maturity investments, including taxable and tax-exempt bonds, and redeemable preferred stocks; and equity investments comprising common and nonredeemable preferred stocks. The company also offers commercial leasing and financing services; and insurance brokerage services. Cincinnati Financial Corporation was founded in 1950 and is headquartered in Fairfield, Ohio."
CTAS,Cintas,Industrials,Diversified Support Services,"Mason, Ohio",3/1/2001,1929,"Cintas Corporation provides corporate identity uniforms and related business services primarily in North America, Latin America, Europe, and Asia. It operates through Uniform Rental and Facility Services and First Aid and Safety Services segments. The company rents and services uniforms and other garments, including flame resistant clothing, mats, mops and shop towels, and other ancillary items; and provides restroom cleaning services and supplies, and carpet and tile cleaning services, as well as sells uniforms. It also offers first aid and safety services, and fire protection products and services. The company provides its products and services through its distribution network and local delivery routes, or local representatives to small service and manufacturing companies, as well as major corporations. Cintas Corporation was founded in 1968 and is headquartered in Cincinnati, Ohio."
CSCO,Cisco,Information Technology,Communications Equipment,"San Jose, California",12/1/1993,1984,"Cisco Systems, Inc. designs, manufactures, and sells Internet Protocol based networking and other products related to the communications and information technology industry in the Americas, Europe, the Middle East, Africa, the Asia Pacific, Japan, and China. It provides infrastructure platforms, including networking technologies of switching, routing, wireless, and data center products that are designed to work together to deliver networking capabilities, and transport and/or store data. The company also offers collaboration products comprising unified communications, Cisco TelePresence, and conferencing, as well as the Internet of Things and analytics software. In addition, it provides security products, such as network security, cloud and email security, identity and access management, advanced threat protection, and unified threat management products; and cloud and system management products. Further, the company offers a range of service and support options for its customers, including technical support and advanced services. It serves businesses of various sizes, public institutions, governments, and service providers. The company sells its products and services directly, as well as through systems integrators, service providers, other resellers, and distributors. Cisco Systems, Inc. has strategic alliances with Internet2 to deliver next-generation capabilities and software solutions; and Tele2 Iot on connectivity management platform 2CONTROL. Cisco Systems, Inc. was founded in 1984 and is headquartered in San Jose, California."
C,Citigroup,Financials,Diversified Banks,"New York City, New York",5/31/1988,1998,"Citigroup Inc., a diversified financial services holding company, provides various financial products and services to consumers, corporations, governments, and institutions in North America, Latin America, Asia, Europe, the Middle East, and Africa. The company operates in two segments, Global Consumer Banking (GCB) and Institutional Clients Group (ICG). The GCB segment offers traditional banking services to retail customers through retail banking, Citi-branded cards, and Citi retail services. It also provides various banking, credit card, lending, and investment services through a network of local branches, offices, and electronic delivery systems. The ICG segment offers wholesale banking products and services, including fixed income and equity sales and trading, foreign exchange, prime brokerage, derivative, equity and fixed income research, corporate lending, investment banking and advisory, private banking, cash management, trade finance, and securities services to corporate, institutional, public sector, and high-net-worth clients. As of December 31, 2020, it operated 2,303 branches primarily in the United States, Mexico, and Asia. Citigroup Inc. was founded in 1812 and is headquartered in New York, New York."
CFG,Citizens Financial Group,Financials,Regional Banks,"Providence, Rhode Island",1/29/2016,1828,"Citizens Financial Group, Inc. operates as the bank holding company for Citizens Bank, National Association that provides retail and commercial banking products and services in the United States. The company operates in two segments, Consumer Banking and Commercial Banking. The Consumer Banking segment offers traditional banking products and services, including checking and savings accounts, home and education loans, credit cards, business loans, mortgage and home equity lending, and unsecured product finance and personal loans, as well as wealth management and investment services to retail customers and small businesses. This segment also provides indirect auto finance for new and used vehicles through auto dealerships. The Commercial Banking segment offers various financial products and solutions, such as loans and leasing, trade finance, deposit and treasury management, cash management, and foreign exchange and interest rate risk management solutions; and loan syndications, corporate finance, merger and acquisition, and debt and equity capital markets capabilities. It serves government banking, not-for-profit, healthcare, technology, professionals, oil and gas, asset finance, franchise finance, asset-based lending, commercial real estate, private equity, and sponsor finance industries. Citizens Financial Group, Inc. operates approximately 2,700 ATMs and 1,000 branches in 11 states in the New England, Mid-Atlantic, and Midwest regions, as well as through online, telephone, and mobile banking services; and maintains approximately 130 retail and commercial non-branch offices. The company was formerly known as RBS Citizens Financial Group, Inc. and changed its name to Citizens Financial Group, Inc. in April 2014. Citizens Financial Group, Inc. was founded in 1828 and is headquartered in Providence, Rhode Island."
CLX,Clorox,Consumer Staples,Household Products,"Oakland, California",3/31/1969,1913,"The Clorox Company manufactures and markets consumer and professional products worldwide. It operates through four segments: Health and Wellness, Household, Lifestyle, and International. The company offers laundry additives, including bleach products under the Clorox brand, as well as Clorox 2 stain fighter and color booster; home care products primarily under the Clorox, Scentiva, Formula 409, Liquid-Plumr, Pine-Sol, S.O.S, and Tilex brands; naturally derived products under the Green Works brand; professional cleaning, disinfecting, and food service products under the CloroxPro, Clorox Healthcare, and Clorox Total 360 brands; professional food service products under the Hidden Valley brand; and vitamins, minerals, and supplement products under the RenewLife, Rainbow Light, Natural Vitality, NeoCell, and Stop Aging Now brands. It also provides grilling products under the Kingsford and Match Light brands; bags and wraps under the Glad brand; and cat litter products under the Fresh Step, Scoop Away, and Ever Clean brands. In addition, the company offers dressings and sauces primarily under the Hidden Valley brand; water-filtration systems and filters under the Brita brand; and natural personal care products under the Burt's Bees brand. Further, it markets its products under the Ayudin, Clorinda, and Poett brands. The company sells its products primarily through mass retailers, grocery outlets, warehouse clubs, dollar stores, home hardware centers, third-party and owned e-commerce channels, military stores, and distributors, as well as a direct sales force. Clorox has a collaboration partnership with Cleveland Clinic and the CDC Foundation. The Clorox Company was founded in 1913 and is headquartered in Oakland, California."
CME,CME Group,Financials,Financial Exchanges & Data,"Chicago, Illinois",8/11/2006,1848,"CME Group Inc., together with its subsidiaries, operates contract markets for the trading of futures and options on futures contracts worldwide. It offers futures and options products based on interest rates, equity indexes, foreign exchange, agricultural commodities, energy, and metals, as well as fixed income products through its electronic trading platforms, open outcry, and privately negotiated transactions. The company also provides clearing for exchange-traded contracts and cleared swaps, as well as settlement services; and transaction lifecycle management services, such as trade and portfolio management, financial resource optimization, regulatory reporting, and trade processing. In addition, the company offers a range of market data services, including real-time and historical data services. It serves professional traders, financial institutions, institutional and individual investors, corporations, manufacturers, producers, governments, and central banks. The company has strategic partnership with B3 S.A. to develop risk management products for Brazilian domestic and international market participants. The company was formerly known as Chicago Mercantile Exchange Holdings Inc. and changed its name to CME Group Inc. in July 2007. CME Group Inc. was founded in 1898 and is headquartered in Chicago, Illinois."
CMS,CMS Energy,Utilities,Multi-Utilities,"Jackson, Michigan",3/4/1957,1886,"CMS Energy Corporation operates as an energy company primarily in Michigan. The company operates through four segments: Electric Utility, Gas Utility, Enterprises, and EnerBank. The Electric Utility segment is involved in the generation, purchase, transmission, distribution, and sale of electricity. This segment generates electricity through coal, wind, gas, renewable energy, oil, and nuclear sources. Its distribution system comprises 205 miles of high-voltage distribution overhead lines; 4 miles of high-voltage distribution underground lines; 4,428 miles of high-voltage distribution overhead lines; 19 miles of high-voltage distribution underground lines; 77,833 miles of electric distribution overhead lines; 9,264 miles of underground distribution lines; 1,096 substations; and 2 battery facilities. The Gas Utility segment engages in the purchase, transmission, storage, distribution, and sale of natural gas, which includes 2,410 miles of transmission lines; 15 gas storage fields; 27,958 miles of distribution mains; and 8 compressor stations. The Enterprises segment is involved in the independent power production and marketing, including the development and operation of renewable generation. It owns interests in independent power plants totalling 1,838 megawatts. The EnterBank segment operates an industrial bank providing unsecured installment loans for financing home improvements. It serves 1.9 million electric and 1.8 million gas customers, including residential, commercial, and diversified industrial customers. CMS Energy Corporation was founded in 1987 and is headquartered in Jackson, Michigan."
KO,Coca-Cola Company (The),Consumer Staples,Soft Drinks,"Atlanta, Georgia",3/4/1957,1886,"The Coca-Cola Company, a beverage company, manufactures, markets, and sells various nonalcoholic beverages worldwide. The company provides sparkling soft drinks; water, enhanced water, and sports drinks; juice, dairy, and plant√Ç¬ñbased beverages; tea and coffee; and energy drinks. It also offers beverage concentrates and syrups, as well as fountain syrups to fountain retailers, such as restaurants and convenience stores. The company sells its products under the Coca-Cola, Diet Coke/Coca-Cola Light, Coca-Cola Zero Sugar, Fanta, Fresca, Schweppes, Sprite, Thums Up, Aquarius, Ciel, Dasani, glac√É¬©au smartwater, glac√É¬©au vitaminwater, Ice Dew, I LOHAS, Powerade, Topo Chico, AdeS, Del Valle, fairlife, innocent, Minute Maid, Minute Maid Pulpy, Simply, Ayataka, Costa, dogadan, FUZE TEA, Georgia, Gold Peak, HONEST TEA, and Kochakaden brands. It operates through a network of independent bottling partners, distributors, wholesalers, and retailers, as well as through bottling and distribution operators. The company was founded in 1886 and is headquartered in Atlanta, Georgia."
CTSH,Cognizant,Information Technology,IT Consulting & Other Services,"Teaneck, New Jersey",11/17/2006,1994,"Cognizant Technology Solutions Corporation, a professional services company, provides consulting and technology, and outsourcing services in North America, Europe, and internationally. The company operates through four segments: Financial Services; Healthcare; Products and Resources; and Communications, Media and Technology. It offers customer experience enhancement, robotic process automation, analytics, and AI services in areas, such as digital lending, fraud detection, and next generation payments; and enhanced compliance, integrated health management, claims investigative services, and patient experience, as well as services that drive operational improvements in areas, such as claims processing, enrollment, membership, and billing to healthcare providers and payers, and life sciences companies, including pharmaceutical, biotech, and medical device companies. The company also provides solution to manufacturers, retailers and travel and hospitality companies, as well as companies providing logistics, energy and utility services; and cloud, interactive, and IoT services to information, media and entertainment, and communications and technology companies. Cognizant Technology Solutions Corporation was founded in 1994 and is headquartered in Teaneck, New Jersey."
CL,Colgate-Palmolive,Consumer Staples,Household Products,"New York City, New York",3/4/1957,1806,"Colgate-Palmolive Company, together with its subsidiaries, manufactures and sells consumer products worldwide. The company operates through two segments, Oral, Personal and Home Care; and Pet Nutrition. The Oral, Personal and Home Care segment's products include toothpaste, toothbrushes, mouthwash, bar and liquid hand soaps, shower gels, shampoos, conditioners, deodorants and antiperspirants, skin health products, dishwashing detergents, fabric conditioners, household cleaners, and other similar items. This segment markets and sells its products to various retailers, wholesalers, and distributors. The Pet Nutrition segment offers pet nutrition products for everyday nutritional needs; and a range of therapeutic products to manage disease conditions in dogs and cats. This segment markets and sells its products through pet supply retailers, veterinarians, and eCommerce retailers. Its principal global and regional trademarks include Colgate, Palmolive, elmex, hello, meridol, Sorriso, Tom's of Maine, EltaMD, Filorga, Irish Spring, Lady Speed Stick, PCA Skin, Protex, Sanex, Softsoap, Speed Stick, Ajax, Axion, Fabuloso, Murphy, Soupline, and Suavitel, as well as Hill's Science Diet and Hill's Prescription Diet. Colgate-Palmolive Company was founded in 1806 and is headquartered in New York, New York."
CMCSA,Comcast,Communication Services,Cable & Satellite,"Philadelphia, Pennsylvania",11/19/2002,1963,"Comcast Corporation operates as a media and technology company worldwide. It operates through Cable Communications, Cable Networks, Broadcast Television, Filmed Entertainment, Theme Parks, and Sky segments. The Cable Communications segment offers cable services, including high-speed Internet, video, voice, wireless, and security and automation services to residential and business customers under the Xfinity brand, as well as sells advertising. The Cable Networks segment operates national cable networks that provide various entertainment, news and information, and sports content; regional sports and news networks; international cable networks; and various digital properties, including brand-aligned Websites, as well as engages in the cable television studio production operations. The Broadcast Television segment operates NBC and Telemundo broadcast networks, NBC and Telemundo local broadcast television stations, broadcast television studio production operations, and various digital properties. The Filmed Entertainment segment produces, acquires, markets, and distributes filmed entertainment under the Universal Pictures, Illumination, DreamWorks Animation, and Focus Features names. It also develops, produces, and licenses stage plays; and distributes filmed entertainment produced by third parties. The Theme Parks segment operates Universal theme parks in Orlando, Florida; Hollywood, California; and Osaka, Japan. The Sky segment offers direct-to-consumer services, such as video, high-speed Internet, voice, and wireless phone services; and content services comprising operating entertainment networks, the Sky News broadcast network, and Sky Sports networks. The company also owns the Philadelphia Flyers, as well as the Wells Fargo Center arena in Philadelphia, Pennsylvania; and provides streaming service, such as Peacock. Comcast Corporation was founded in 1963 and is headquartered in Philadelphia, Pennsylvania."
CMA,Comerica,Financials,Diversified Banks,"Dallas, Texas",12/1/1995,1849,"Comerica Incorporated, through its subsidiaries, provides various financial products and services. It operates through Commercial Bank, Retail Bank, Wealth Management, and Finance segments. The Commercial Bank segment offers various products and services, including commercial loans and lines of credit, deposits, cash management, capital market products, international trade finance, letters of credit, foreign exchange management services, and loan syndication services for small and middle market businesses, multinational corporations, and governmental entities. The Retail Bank segment provides personal financial services, such as consumer lending, consumer deposit gathering, and mortgage loan origination. This segment also offers various consumer products that include deposit accounts, installment loans, credit cards, student loans, home equity lines of credit, and residential mortgage loans, as well as commercial products and services to micro-businesses. The Wealth Management segment provides products and services comprising fiduciary, private banking, retirement, investment management and advisory, and investment banking and brokerage services. It also sells annuity products, as well as life, disability, and long-term care insurance products. The Finance segment engages in the securities portfolio, and asset and liability management activities. It operates in Texas, California, Michigan, Arizona, Florida, and Canada. The company was formerly known as DETROITBANK Corporation and changed its name to Comerica Incorporated in July 1982. Comerica Incorporated was founded in 1849 and is headquartered in Dallas, Texas."
CAG,Conagra Brands,Consumer Staples,Packaged Foods & Meats,"Chicago, Illinois",8/31/1983,1919,"Conagra Brands, Inc., together with its subsidiaries, operates as a consumer packaged goods food company in North America. The company operates through Grocery & Snacks, Refrigerated & Frozen, International, and Foodservice segments. The Grocery & Snacks segment primarily offers shelf stable food products in various retail channels in the United States. The Refrigerated & Frozen segment provides temperature controlled food products in various retail channels in the United States. The International segment offers food products in various temperature states in retail and foodservice channels outside of the United States. The Foodservice segment offers food products, including meals, entrees, sauces, and various custom-manufactured culinary products packaged for sale to restaurants and other foodservice establishments in the United States. The company sells its products under the Birds Eye, Marie Callender's, Banquet, Healthy Choice, Slim Jim, Reddi-wip, Vlasic, Angie's BOOMCHICKAPOP, Duke's, Earth Balance, Gardein, Frontera, Chef Boyardee, and Alexia brands. The company was formerly known as ConAgra Foods, Inc. and changed its name to Conagra Brands, Inc. in November 2016. Conagra Brands, Inc. was founded in 1919 and is headquartered in Chicago, Illinois."
COP,ConocoPhillips,Energy,Oil & Gas Exploration & Production,"Houston, Texas",3/4/1957,2002,"ConocoPhillips explores for, produces, transports, and markets crude oil, bitumen, natural gas, liquefied natural gas (LNG), and natural gas liquids worldwide. The company primarily engages in the conventional and tight oil reservoirs, shale gas, heavy oil, LNG, oil sands, and other production operations. Its portfolio includes unconventional plays in North America; conventional assets in North America, Europe, Asia, and Australia; various LNG developments; oil sands assets in Canada; and an inventory of conventional and unconventional exploration prospects. The company was founded in 1917 and is headquartered in Houston, Texas."
ED,Consolidated Edison,Utilities,Electric Utilities,"New York City, New York",3/4/1957,1823,"Consolidated Edison, Inc., through its subsidiaries, engages in the regulated electric, gas, and steam delivery businesses in the United States. The company offers electric services to approximately 3.5 million customers in New York City and Westchester County; gas to approximately 1.1 million customers in Manhattan, the Bronx, parts of Queens, and Westchester County; and steam to approximately 1,576 customers in parts of Manhattan. It also supplies electricity to approximately 0.3 million customers in southeastern New York and northern New Jersey; and gas to approximately 0.1 million customers in southeastern New York. The company operates 533 circuit miles of transmission lines; 15 transmission substations; 64 distribution substations; 89,673 in-service line transformers; 3,729 pole miles of overhead distribution lines; and 2,210 miles of underground distribution lines, as well as 4,341 miles of mains and 377,490 service lines for natural gas distribution. In addition, it owns, operates, and develops renewable and energy infrastructure projects; and provides energy-related products and services to wholesale and retail customers, as well as invests in electric and gas transmission projects. The company primarily sells electricity to industrial, commercial, residential, and government customers. Consolidated Edison, Inc. was founded in 1823 and is based in New York, New York."
STZ,Constellation Brands,Consumer Staples,Distillers & Vintners,"Victor, New York",7/1/2005,1945,"Constellation Brands, Inc., together with its subsidiaries, produces, imports, markets, and sells beer, wine, and spirits in the United States, Canada, Mexico, New Zealand, and Italy. It provides beer primarily under the Corona Extra, Corona Premier, Corona Familiar, Corona Light, Corona Refresca, Corona Hard Seltzer, Modelo Especial, Modelo Negra, Modelo Chelada, Pacifico, and Victoria brands. The company offers wine under the 7 Moons, Cook's California Champagne, Cooper & Thief, Crafters Union, Kim Crawford, Meiomi, Mount Veeder, Ruffino, SIMI, The Dreaming Tree, Charles Smith, Prisoner, Robert Mondavi, and Schrader; and spirits under the Casa Noble, High West, Mi CAMPO, Nelson's Green Brier, and SVEDKA brands. It provides its products to wholesale distributors, retailers, on-premise locations, and state alcohol beverage control agencies. Constellation Brands, Inc. was founded in 1945 and is headquartered in Victor, New York."
CEG,Constellation Energy,Utilities,Multi-Utilities,"Baltimore, Maryland",2/2/2022,1999,"Constellation Energy Corporation is a leading U.S. supplier of energy products and services, including electricity, natural gas, and renewable energy solutions. The company serves a wide range of customers, including homes, businesses, and public sector organizations. Constellation Energy is headquartered in Baltimore, Maryland."
COO,CooperCompanies,Health Care,Health Care Supplies,"San Ramon, California",9/23/2016,1958,"The Cooper Companies, Inc. operates as a medical device company worldwide. It operates through two segments, CooperVision and CooperSurgical. The company develops, manufactures, and markets a range of contact lenses, including spherical lenses, and toric and multifocal lenses that correct near- and farsightedness, as well as addresses various complex visual defects, such as astigmatism and presbyopia. It also provides range of products and services for enhancing health of women, babies, and families, including medical devices, fertility, genomics, and diagnostics and contraception for hospitals and surgical centers, obstetricians' and gynecologists' (OB/GYNs) medical offices, and fertility clinics. In addition, the company develops mechanical surgical solutions for skin closure; and offers PARAGARD, a contraceptive, as well as provides assisted reproductive technology products, genetic screening and testing, and products within the general OB/GYN offerings. It markets its products under Biofinity, clariti 1day, MyDay, Avaira Vitality, and Proclear 1 Day brand name through a network of field sales representatives, independent agents, eye care practitioners, and distributors. The Cooper Companies, Inc. was founded in 1980 and is headquartered in San Ramon, California."
CPRT,Copart,Industrials,Diversified Support Services,"Dallas, Texas",7/2/2018,1982,"Copart, Inc. provides online auctions and vehicle remarketing services in the United States, Canada, the United Kingdom, Brazil, the Republic of Ireland, Germany, Finland, the United Arab Emirates, Oman, Bahrain, and Spain. It offers a range of services for processing and selling vehicles over the internet through its virtual bidding third generation internet auction-style sales technology to vehicle sellers, insurance companies, banks and finance companies, charities, and fleet operators and dealers, as well as individuals. The company's services include online seller access, salvage estimation, estimating, end-of-life vehicle processing, virtual insured exchange, transportation, vehicle inspection stations, on-demand reporting, title processing and procurement, loan payoff, flexible vehicle processing programs, buy it now, member network, sales process, and dealer services. Its services also comprise services to sell vehicles through CashForCars.com; U-Pull-It service that allows buyer to remove valuable parts and sell the remaining parts and car body; copart 360, an online technology for posting vehicle images; membership tiers for those registering to buy vehicles through Copart.com; and virtual queue to secure a place in line while visiting one of its locations. The company sells its products principally to licensed vehicle dismantlers, rebuilders, repair licensees, used vehicle dealers, and exporters, as well as to the general public. Copart, Inc. has a strategic partnership with CHAMPtitles, LLC to introduce an automated digital platform for car sellers, including insurance companies for mail-oriented vehicle title processing. The company was founded in 1982 and is headquartered in Dallas, Texas."
GLW,Corning Inc.,Information Technology,Electronic Components,"Corning, New York",2/27/1995,1851,"Corning Incorporated engages in display technologies, optical communications, environmental technologies, specialty materials, and life sciences businesses worldwide. The company's Display Technologies segment offers glass substrates for liquid crystal displays and organic light-emitting diodes used in televisions, notebook computers, desktop monitors, tablets, and handheld devices. Its Optical Communications segment provides optical fibers and cables; and hardware and equipment products, including cable assemblies, fiber optic hardware and connectors, optical components and couplers, closures, network interface devices, and other accessories for various carrier network applications. This segment also offers operator-grade distributed antenna systems; optical network evolution wireless platform; subscriber demarcation, connection and protection devices, various digital subscriber line passive solutions, and outside plant enclosures; and coaxial RF interconnects for the cable television industry and microwave applications. The company's Environmental Technologies segment offers ceramic substrates and filter products for emissions control in mobile, gasoline, and diesel applications. Its Specialty Materials segment manufactures products that provide material formulations for glass, glass ceramics, and fluoride crystals. The company's Life Sciences segment offers laboratory products comprising consumables, such as plastic vessels, specialty surfaces, cell culture media, and serum, as well as general labware and equipment under the Corning, Falcon, Pyrex, and Axygen brands. The company was formerly known as Corning Glass Works and changed its name to Corning Incorporated in April 1989. Corning Incorporated was founded in 1851 and is headquartered in Corning, New York."
CTVA,Corteva,Materials,Fertilizers & Agricultural Chemicals,"Indianapolis, Indiana",6/3/2019,2019,"Corteva, Inc. operates in the agriculture business. It operates through two segments, Seed and Crop Protection. The Seed segment develops and supplies advanced germplasm and traits that produce optimum yield for farms. It offers trait technologies that enhance resistance to weather, disease, insects, and herbicides used to control weeds, as well as food and nutritional characteristics. This segment also provides digital solutions that assist farmer decision-making with a view to optimize product selection, and maximize yield and profitability. The Crop Protection segment offers products that protect against weeds, insects and other pests, and diseases, as well as enhances crop health above and below ground through nitrogen management and seed-applied technologies. This segment provides herbicides, insecticides, nitrogen stabilizers, and pasture and range management herbicides. It serves agricultural input industry. The company operates in the United States, Canada, Latin America, the Asia Pacific, Europe, the Middle East, and Africa. Corteva, Inc. is headquartered in Wilmington, Delaware."
CSGP,CoStar Group,Industrials,Research & Consulting Services,"Washington, D.C.",9/19/2022,1987,"CoStar Group, Inc. provides information, analytics, and online marketplace services to the commercial real estate, hospitality, residential, and related professionals industries in the United States, Canada, Europe, the Asia Pacific, and Latin America. It offers CoStar Property Professional that provides inventory of office, industrial, retail, and multifamily, and student housing properties and land; CoStar COMPS Professional, which covers comparable commercial real estate sales information; CoStar Market Analytics to view and report on aggregated market and submarket trends; and CoStar Tenant, an online business-to-business prospecting and analytical tool that provides tenant information. The company also provides CoStar Lease Comps, a tool to capture, manage, and maintain lease data; CoStar Lease Analysis, a workflow tool; CoStar Public Record, a searchable database of commercially-zoned parcels; CoStar Real Estate Manager, a real estate and asset management, and lease accounting software; and CoStar Risk Analytics and CoStar Investment Analysis that provides market research, consulting and analysis, portfolio and debt analysis, and management and reporting services, as well as STAR Report that offers benchmarking and analytics services. In addition, it offers apartment marketing sites, such as Apartments.com, ApartmentFinder.com, ForRent.com, ApartmentHomeLiving.com, Apartamentos.com, AFTER55.com, CorporateHousing.com, ForRentUniversity.com, Westside Rentals, and Off Campus Partners; LoopNet Premium Lister; LoopNet Diamond, Platinum, and Gold Ads; LandsofAmerica, LandAndFarm, and LandWatch for rural land for-sale; BizBuySell.com, BizQuest.com, and FindaFranchise.com for operating businesses and franchises for-sale; Ten-X, an online auction platform for commercial real estate; and HomeSnap, an online and mobile software platform. The company was founded in 1987 and is headquartered in Washington, the District of Columbia."
COST,Costco,Consumer Staples,Hypermarkets & Super Centers,"Issaquah, Washington",10/1/1993,1976,"Costco Wholesale Corporation, together with its subsidiaries, engages in the operation of membership warehouses in the United States, Puerto Rico, Canada, the United Kingdom, Mexico, Japan, Korea, Australia, Spain, France, Iceland, China, and Taiwan. It offers branded and private-label products in a range of merchandise categories. The company provides dry and packaged foods, and groceries; snack foods, candies, alcoholic and nonalcoholic beverages, and cleaning supplies; appliances, electronics, health and beauty aids, hardware, and garden and patio products; meat, bakery, and deli products, as well as produce; and apparel and small appliances. It also operates pharmacies, optical dispensing centers, food courts, and hearing-aid centers, as well as 615 gas stations; and offers business delivery, travel, same-day grocery, and various other services online in various countries. As of October 07, 2020, the company operated 796 warehouses, including 552 in the United States and Puerto Rico, 102 in Canada, 39 in Mexico, 29 in the United Kingdom, 27 in Japan, 16 in South Korea, 13 in Taiwan, 12 in Australia, 3 in Spain, 1 in Iceland, 1 in France, and 1 in China. It also operates e-commerce websites in the United States, Canada, the United Kingdom, Mexico, South Korea, Taiwan, Japan, and Australia. The company was formerly known as Costco Companies, Inc. and changed its name to Costco Wholesale Corporation in August 1999. Costco Wholesale Corporation was founded in 1976 and is based in Issaquah, Washington."
CTRA,Coterra,Energy,Oil & Gas Exploration & Production,"Houston, Texas",6/23/2008,2021 (1989),"Coterra Energy Inc. Common Stock is an independent oil and gas company engaged in the development, exploration and production of oil, natural gas and natural gas liquids. Its operations are focused in the Marcellus Shale in Pennsylvania and the Permian Basin in West Texas. The company is headquartered in Houston, Texas."
CCI,Crown Castle,Real Estate,Specialized REITs,"Houston, Texas",3/14/2012,1994,"Crown Castle owns, operates and leases more than 40,000 cell towers and approximately 80,000 route miles of fiber supporting small cells and fiber solutions across every major U.S. market. This nationwide portfolio of communications infrastructure connects cities and communities to essential data, technology and wireless service - bringing information, ideas and innovations to the people and businesses that need them."
CSX,CSX,Industrials,Railroads,"Jacksonville, Florida",3/4/1957,1980,"CSX Corporation, together with its subsidiaries, provides rail-based freight transportation services. The company offers rail services; and transportation of intermodal containers and trailers, as well as other transportation services, such as rail-to-truck transfers and bulk commodity operations. It transports chemicals, agricultural and food products, automotive, minerals, forest products, fertilizers, and metals and equipment; and coal, coke, and iron ore to electricity-generating power plants, steel manufacturers, and industrial plants, as well as exports coal to deep-water port facilities. The company also offers intermodal transportation services through a network of approximately 30 terminals transporting manufactured consumer goods in containers; and drayage services, including the pickup and delivery of intermodal shipments. It serves the automotive industry with distribution centers and storage locations, as well as connects non-rail served customers through transferring products from rail to trucks, which includes plastics and ethanol. The company operates approximately 19,500 route mile rail network, which serves various population centers in 23 states east of the Mississippi River, the District of Columbia, and the Canadian provinces of Ontario and Quebec, as well as owns and leases approximately 3,539 locomotives. It also serves production and distribution facilities through track connections. CSX Corporation was incorporated in 1978 and is headquartered in Jacksonville, Florida."
CMI,Cummins,Industrials,Industrial Machinery,"Columbus, Indiana",3/31/1965,1919,"Cummins Inc. designs, manufactures, distributes, and services diesel and natural gas engines, electric and hybrid powertrains, and related components worldwide. It operates through five segments: Engine, Distribution, Components, Power Systems, and New Power. The company offers diesel and natural gas powered engines under the Cummins and other customer brands for the heavy and medium-duty truck, bus, recreational vehicle, light-duty automotive, construction, mining, marine, rail, oil and gas, defense, and agricultural markets; and offers new parts and services, as well as remanufactured parts and engines. It also provides power generation systems, high-horsepower engines, heavy and medium duty engines, application engineering services, custom-designed assemblies, retail and wholesale aftermarket parts, and in-shop and field-based repair services. In addition, the company offers emission solutions; turbochargers; air and fuel filters, fuel water separators, lube and hydraulic filters, coolants, fuel additives, and other filtration systems; and electronic control modules, sensors, and supporting software, as well as new, replacement, and remanufactured fuel systems. Further, it provides automated transmissions; standby and prime power generators, controls, paralleling systems, and transfer switches, as well as A/C generator/alternator products under the Stamford and AVK brands; and electrified power systems with components and subsystems, including battery, fuel cell, and hydrogen production technologies. Additionally, it offers filtration, aftertreatment, controls systems, air handling systems, automated transmissions, and electric power generation systems. The company sells its products to original equipment manufacturers, distributors, dealers, and other customers. The company was formerly known as Cummins Engine Company and changed its name to Cummins Inc. in 2001. Cummins Inc. was founded in 1919 and is headquartered in Columbus, Indiana."
CVS,CVS Health,Health Care,Health Care Services,"Woonsocket, Rhode Island",3/4/1957,1996,"CVS Health Corporation provides health services in the United States. The company's Pharmacy Services segment offers pharmacy benefit management solutions, including plan design and administration, formulary management, retail pharmacy network management, mail order pharmacy, specialty pharmacy and infusion, clinical, and disease and medical spend management services. It serves employers, insurance companies, unions, government employee groups, health plans, prescription drug plans, Medicaid managed care plans, plans offered on public health insurance and private health insurance exchanges, other sponsors of health benefit plans, and individuals. This segment operates retail specialty pharmacy stores; and specialty mail order, mail order dispensing, and compounding pharmacies, as well as branches for infusion and enteral nutrition services. Its Retail/LTC segment sells prescription and over-the-counter drugs, consumer health and beauty products, and personal care products; and provides health care services through its MinuteClinic walk-in medical clinics. This segment also distributes prescription drugs; and provides related pharmacy consulting and other ancillary services to chronic care facilities and other care settings. As of December 31, 2020, it operated approximately 9,900 retail locations and 1,100 MinuteClinic locations, as well as online retail pharmacy websites, LTC pharmacies, and onsite pharmacies. The company's Health Care Benefits segment offers traditional, voluntary, and consumer-directed health insurance products and related services. It serves employer groups, individuals, college students, part-time and hourly workers, health plans, health care providers, governmental units, government-sponsored plans, labor groups, and expatriates. The company was formerly known as CVS Caremark Corporation and changed its name to CVS Health Corporation in September 2014. CVS Health Corporation was founded in 1963 and is headquartered in Woonsocket, Rhode Island."
DHI,D.R. Horton,Consumer Discretionary,Homebuilding,"Arlington, Texas",6/22/2005,1978,"D.R. Horton, Inc. operates as a homebuilding company in East, Midwest, Southeast, South Central, Southwest, and West regions in the United States. It engages in the acquisition and development of land; and construction and sale of homes in 29 states and 88 markets under the names of D.R. Horton, America's Builder, Express Homes, Emerald Homes, and Freedom Homes. The company constructs and sells single-family detached homes; and attached homes, such as town homes, duplexes, and triplexes. It also provides mortgage financing services; and title insurance policies, and examination and closing services, as well as engages in the residential lot development business. In addition, the company constructs and owns multi-family rental properties; owns residential real estate, including ranch land and improvements; and owns and operates oil and gas assets. The company primarily serves homebuyers. D.R. Horton, Inc. was founded in 1978 and is based in Arlington, Texas."
DHR,Danaher Corporation,Health Care,Health Care Equipment,"Washington, D.C.",11/18/1998,1969,"Danaher Corporation designs, manufactures, and markets professional, medical, industrial, and commercial products and services worldwide. The company operates through three segments: Life Sciences, Diagnostics, and Environmental & Applied Solutions. The Life Sciences segment provides mass spectrometers; cellular analysis, lab automation, and centrifugation instruments; microscopes; and genomics consumables. This segment also offers bioprocess technologies, consumables, and services; and filtration, separation, and purification technologies to the pharmaceutical and biopharmaceutical, food and beverage, medical, and life sciences companies, as well as universities, medical schools and research institutions, and various industrial manufacturers. The Diagnostics segment provides chemistry, immunoassay, microbiology, and automation systems, as well as hematology and molecular diagnostics products. This segment offers analytical instruments, reagents, consumables, software, and services for hospitals, physicians' offices, reference laboratories, and other critical care settings. The Environmental & Applied Solutions segment offers instrumentation, consumables, software, services, and disinfection systems to analyze, treat, and manage ultra-pure, potable, industrial, waste, ground, source, and ocean water in residential, commercial, industrial, and natural resource applications. This segment also provides instruments, software, services, and consumables for various color and appearance management, packaging design and quality management, packaging converting, printing, marking, coding, and traceability applications for consumer, pharmaceutical, and industrial products. The company was formerly known as Diversified Mortgage Investors, Inc. and changed its name to Danaher Corporation in 1984. Danaher Corporation was founded in 1969 and is headquartered in Washington, the District of Columbia."
DRI,Darden Restaurants,Consumer Discretionary,Restaurants,"Orlando, Florida",5/31/1995,1938,"Darden Restaurants, Inc., through its subsidiaries, owns and operates full-service restaurants in the United States and Canada. As of May 31, 2020, it owned and operated approximately 1,804 restaurants, which included 868 under the Olive Garden, 522 under the LongHorn Steakhouse, 165 under the Cheddar's Scratch Kitchen, 81 under the Yard House, 60 under The Capital Grille, 44 under the Seasons 52, 41 under the Bahama Breeze, and 23 under the Eddie V's Prime Seafood brands. The company was founded in 1968 and is based in Orlando, Florida."
DVA,DaVita Inc.,Health Care,Health Care Facilities,"Denver, Colorado",7/31/2008,1979,"DaVita Inc. provides kidney dialysis services for patients suffering from chronic kidney failure or end stage renal disease (ESRD). The company operates kidney dialysis centers and provides related lab services in outpatient dialysis centers. It also provides outpatient, hospital inpatient, and home-based hemodialysis services; owns clinical laboratories that provide routine laboratory tests for dialysis and other physician-prescribed laboratory tests for ESRD patients; and management and administrative services to outpatient dialysis centers. In addition, the company provides disease management services; vascular access services; clinical research programs; physician services; and comprehensive care services. As of December 31, 2020, it provided dialysis and administrative services in the United States through a network of 2,816 outpatient dialysis centers serving approximately 204,200 patients; and operated 321 outpatient dialysis centers located in 10 countries outside of the United States serving approximately 36,700 patients. Further, the company provides acute inpatient dialysis services in approximately 900 hospitals and related laboratory services in the United States. The company was formerly known as DaVita HealthCare Partners Inc. and changed its name to DaVita Inc. in September 2016. DaVita Inc. was incorporated in 1994 and is headquartered in Denver, Colorado."
DE,John Deere,Industrials,Agricultural & Farm Machinery,"Moline, Illinois",3/4/1957,1837,"Deere & Company, together with its subsidiaries, manufactures and distributes various equipment worldwide. The company operates through three segments: Agriculture and Turf, Construction and Forestry, and Financial Services. The Agriculture and Turf segment provides various agriculture and turf equipment, and related service parts, including large, medium, and utility tractors; tractor loaders; combines, cotton pickers, cotton strippers, and sugarcane harvesters; harvesting front-end equipment; sugarcane loaders and pull-behind scrapers; tillage, seeding, and application equipment comprising sprayers, nutrient management, and soil preparation machinery; self-propelled forage harvesters and attachments, balers, and mowers; riding lawn equipment, golf course equipment, utility vehicles, and commercial mowing equipment along with associated implements; integrated agricultural solutions and precision technologies; and other outdoor power products. The Construction and Forestry segment offers a range of machines and service parts used in construction, earthmoving, road building, material handling, and timber harvesting, including backhoe loaders; crawler dozers and loaders; four-wheel-drive loaders; excavators; motor graders; articulated dump trucks; landscape loaders; skid-steer loaders; milling machines; recyclers; slipform pavers; surface miners; asphalt pavers; compactors; tandem and static rollers; mobile crushers and screens; mobile and stationary asphalt plants; log skidders; feller bunchers; log loaders; log forwarders; and log harvesters and related logging attachments. The Financial Services segment finances sales and leases agriculture and turf, and construction and forestry equipment. It also offers wholesale financing to dealers of the foregoing equipment; and extended equipment warranties, as well as finances retail revolving charge accounts. Deere & Company was founded in 1837 and is headquartered in Moline, Illinois."
DAL,Delta Air Lines,Industrials,Airlines,"Atlanta, Georgia",9/11/2013,1929,"Delta Air Lines, Inc. provides scheduled air transportation for passengers and cargo in the United States and internationally. The company operates through two segments, Airline and Refinery. Its domestic network centered on core hubs in Atlanta, Minneapolis-St. Paul, Detroit, and Salt Lake City, as well as coastal hub positions in Boston, Los Angeles, New York-LaGuardia, New York-JFK, and Seattle; and international network centered on hubs and market presence in Amsterdam, London-Heathrow, Mexico City, Paris-Charles de Gaulle, and Seoul-Incheon. The company sells its tickets through various distribution channels, including delta.com and the Fly Delta app, reservations, online travel agencies, traditional brick and mortar, and other agencies. It also provides aircraft maintenance, repair, and overhaul services; and vacation packages to third-party consumers, as well as aircraft charters, and management and programs. The company operates through a fleet of approximately 1,100 aircraft. Delta Air Lines, Inc. was founded in 1924 and is based in Atlanta, Georgia."
XRAY,Dentsply Sirona,Health Care,Health Care Supplies,"Charlotte, North Carolina",11/14/2008,2016 (1969),"DENTSPLY SIRONA Inc. designs, develops, manufactures, distributes, and sells various dental products and technologies primarily for professional dental market worldwide. The company operates in two segments, Technologies & Equipment; and Consumables. Its dental supplies include endodontic instruments and materials, dental anesthetics, prophylaxis pastes, dental sealants, impression and restorative materials, tooth whiteners, and topical fluoride products; and small equipment products comprise intraoral curing light systems, dental diagnostic systems, and ultrasonic scalers and polishers. The company also offers dental laboratory products, such as dental prosthetics that include artificial teeth, precious metal dental alloys, dental ceramics, and crown and bridge materials; and laboratory-based CAD/CAM milling systems, amalgamators, mixing machines, and porcelain furnaces. In addition, it provides dental technology products, including dental implants and related scanning equipment, and treatment software; orthodontic clear aligners and appliances for dental practitioners and specialist; and dental equipment, such as treatment centers, imaging equipment, dental handpieces, and computer aided design and machining systems for dental practitioners. Further, the company offers healthcare consumable products, such as urology catheters, medical drills, and other non-medical products. It markets and sells dental products through distributors, dealers, and importers; dental hygienists, assistants, laboratories, and schools; and urology products directly to patients, as well as through distributors to urologists, continence care nurses, general practitioners, and direct-to-patients. The company was formerly known as DENTSPLY International Inc. and changed its name to DENTSPLY SIRONA Inc. in February 2016. DENTSPLY SIRONA Inc. was founded in 1899 and is headquartered in Charlotte, North Carolina."
DVN,Devon Energy,Energy,Oil & Gas Exploration & Production,"Oklahoma City, Oklahoma",8/30/2000,1971,"Devon Energy Corporation, an independent energy company, primarily engages in the exploration, development, and production of oil, natural gas, and natural gas liquids in the United States. It operates approximately 3,942 gross wells. Devon Energy Corporation was founded in 1971 and is headquartered in Oklahoma City, Oklahoma."
DXCM,Dexcom,Health Care,Health Care Equipment,"San Diego, California",5/12/2020,1999,"DexCom, Inc., a medical device company, focuses on the design, development, and commercialization of continuous glucose monitoring (CGM) systems in the United States and internationally. The company offers its systems for use by people with diabetes, as well as for use by healthcare providers. Its products include DexCom G6, an integrated CGM system for diabetes management; Dexcom G7, a next generation G7 CGM system; and Dexcom Share, a remote monitoring system. DexCom, Inc. has a collaboration and license agreement with Verily Life Sciences LLC and Verily Ireland Limited to develop next-generation CGM products. The company markets its products directly to endocrinologists, physicians, and diabetes educators. DexCom, Inc. was founded in 1999 and is headquartered in San Diego, California."
FANG,Diamondback Energy,Energy,Oil & Gas Exploration & Production,"Midland, Texas",12/3/2018,2007,"Diamondback Energy, Inc., an independent oil and natural gas company, focuses on the acquisition, development, exploration, and exploitation of unconventional and onshore oil and natural gas reserves in the Permian Basin in West Texas. It primarily focuses on the development of the Spraberry and Wolfcamp formations of the Midland basin; and the Wolfcamp and Bone Spring formations of the Delaware basin, which are part of the Permian Basin in West Texas and New Mexico. As of December 31, 2020, the company's total acreage position was approximately 449,642 gross acres in the Permian Basin; and estimated proved oil and natural gas reserves were 1,316,441 thousand barrels of crude oil equivalent. It also held working interests in 4,326 gross producing wells, as well as royalty interests in 4,553 additional wells. In addition, the company owns mineral interests approximately 787,264 gross acres and 24,350 net royalty acres in the Permian Basin and Eagle Ford Shale; and owns, operates, develops, and acquires midstream infrastructure assets, including 927 miles of crude oil gathering pipelines, natural gas gathering pipelines, and an integrated water system in the Midland and Delaware Basins of the Permian Basin. Diamondback Energy, Inc. was founded in 2007 and is headquartered in Midland, Texas."
DLR,Digital Realty,Real Estate,Specialized REITs,"Austin, Texas",5/18/2016,2004,"Digital Realty supports the world's leading enterprises and service providers by delivering the full spectrum of data center, colocation and interconnection solutions. PlatformDIGITALR, the company's global data center platform, provides customers a trusted foundation and proven Pervasive Datacenter Architecture PDxTM solution methodology for scaling digital business and efficiently managing data gravity challenges. Digital Realty's global data center footprint gives customers access to the connected communities that matter to them with more than 284 facilities in 48 metros across 23 countries on six continents."
DFS,Discover Financial,Financials,Consumer Finance,"Riverwoods, Illinois",7/2/2007,1985,"Discover Financial Services, through its subsidiaries, operates as a digital banking and payment services company in the United States. It operates in two segments, Digital Banking and Payment Services. The Digital Banking segment offers Discover-branded credit cards to individuals; and other consumer products and services, including private student loans, personal loans, home loans, and other consumer lending, as well as deposit products, such as certificates of deposit, money market accounts, IRA certificates of deposit, IRA savings accounts, checking accounts, and sweep accounts. The Payment Services segment operates the PULSE network, an automated teller machine, debit, and electronic funds transfer network; Diners Club International, a payments network that issues Diners Club branded charge cards and/or provides card acceptance services; and Discover Network that processes transactions for Discover-branded credit and debit cards, as well as provides payment transaction processing and settlement services. The company was incorporated in 1960 and is based in Riverwoods, Illinois."
DISH,Dish Network,Communication Services,Cable & Satellite,"Meridian, Colorado",3/13/2017,1980,"two is a blank check company. The company was incorporated in 2021 and is based in San Francisco, California."
DIS,Disney,Communication Services,Movies & Entertainment,"Burbank, California",6/30/1976,1923,"The Walt Disney Company, together with its subsidiaries, operates as an entertainment company worldwide. The company's Media Networks segment operates domestic cable networks under the Disney, ESPN, Freeform, FX, and National Geographic brands; and television broadcast network under the ABC brand, as well as eight domestic television stations. This segment is also involved in the television production and distribution. Its Parks, Experiences and Products segment operates theme parks and resorts, such as Walt Disney World Resort in Florida; Disneyland Resort in California; Disneyland Paris; Hong Kong Disneyland Resort; and Shanghai Disney Resort; Disney Cruise Line, Disney Vacation Club, National Geographic Expeditions, and Adventures by Disney and Aulani, a Disney resort and spa in Hawaii, as well as licenses its intellectual property to a third party for the operations of the Tokyo Disney Resort in Japan. The company's Studio Entertainment segment produces and distributes motion pictures under the Walt Disney Pictures, Twentieth Century Studios, Marvel, Lucasfilm, Pixar, Searchlight Pictures, and Blue Sky Studios banners; develops, produces, and licenses live entertainment events; produces and distributes music; and provides post-production services through Industrial Light & Magic and Skywalker Sound. Its Direct-To-Consumer & International segment operates international television networks and channels comprising Disney, ESPN, Fox, National Geographic, and Star; direct-to-consumer videos streaming services consisting of Disney+/Disney+Hotstar, ESPN+, and Hulu; and operates branded apps and Websites, such as Disney Movie Club and Disney Digital Network, as well as provides streaming technology support services. The company was founded in 1923 and is based in Burbank, California."
DG,Dollar General,Consumer Discretionary,General Merchandise Stores,"Goodlettsville, Tennessee",12/3/2012,1939,"Dollar General Corporation, a discount retailer, provides various merchandise products in the southern, southwestern, Midwestern, and eastern United States. The company offers consumable products, including paper and cleaning products, such as paper towels, bath tissues, paper dinnerware, trash and storage bags, and laundry products; packaged food comprising cereals, canned soups and vegetables, condiments, spices, sugar, and flour; and perishables that include milk, eggs, bread, refrigerated and frozen food, beer, and wine. Its consumable products also comprise snacks, such as candies, cookies, crackers, salty snacks, and carbonated beverages; health and beauty products, including over-the-counter medicines and personal care products, such as soaps, body washes, shampoos, cosmetics, and dental hygiene and foot care products; pet supplies and pet food; and tobacco products. In addition, the company offers seasonal products comprising holiday items, toys, batteries, small electronics, greeting cards, stationery, prepaid phones and accessories, gardening supplies, hardware, and automotive and home office supplies; and home products that include kitchen supplies, cookware, small appliances, light bulbs, storage containers, frames, candles, craft supplies and kitchen, and bed and bath soft goods. Further, it provides apparel, which comprise casual everyday apparel for infants, toddlers, girls, boys, women, and men, as well as socks, underwear, disposable diapers, shoes, and accessories. As of February 26, 2021, Dollar General Corporation operated 17,266 stores in 46 states in the United States. The company was formerly known as J.L. Turner & Son, Inc. and changed its name to Dollar General Corporation in 1968. Dollar General Corporation was founded in 1939 and is based in Goodlettsville, Tennessee."
DLTR,Dollar Tree,Consumer Discretionary,General Merchandise Stores,"Chesapeake, Virginia",12/19/2011,1986,"Dollar Tree, Inc. operates discount variety retail stores. It operates through two segments, Dollar Tree and Family Dollar. The Dollar Tree segment offers merchandise at the fixed price of $1.00. It provides consumable merchandise, including candy and food, and health and personal care, as well as everyday consumables, such as household paper and chemicals, and frozen and refrigerated food; variety merchandise comprising toys, durable housewares, gifts, stationery, party goods, greeting cards, softlines, arts and crafts supplies, and other items; and seasonal goods that include Christmas, Easter, Halloween, and Valentine's Day merchandise. This segment operates 7,805 stores under the Dollar Tree and Dollar Tree Canada brands, as well as 15 distribution centers in the United States and two in Canada; and store support centers in Matthews, North Carolina and Chesapeake, Virginia. The Family Dollar segment operates general merchandise retail discount stores that offer consumable merchandise, which comprise food and beverages, tobacco, health and personal care, household chemicals, paper products, hardware and automotive supplies, diapers, batteries, and pet food and supplies; and home products, including housewares, home d√É¬©cor, and giftware, as well as domestics, such as comforters, sheets, and towels. Its stores also provides apparel and accessories merchandise comprising clothing, fashion accessories, and shoes; and seasonal and electronics merchandise that include Christmas, Easter, Halloween, and Valentine's Day merchandise, as well as personal electronics, which comprise pre-paid cellular phones and services, stationery and school supplies, and toys. This segment operates 7,880 stores under the Family Dollar brand; and 11 distribution centers. The company was founded in 1986 and is headquartered in Chesapeake, Virginia."
D,Dominion Energy,Utilities,Electric Utilities,"Richmond, Virginia",,1983,"Dominion Energy, Inc. produces and distributes energy. The company operates through four segments: Dominion Energy Virginia, Gas Distribution, Dominion Energy South Carolina, and Contracted Assets. The Dominion Energy Virginia segment generates, transmits, and distributes regulated electricity to residential, commercial, industrial, and governmental customers in Virginia and North Carolina. The Gas Distribution segment engages in the regulated natural gas gathering, transportation, distribution, and sales activities, as well as distributes nonregulated renewable natural gas. This segment serves residential, commercial, and industrial customers. The Dominion Energy South Carolina segment generates, transmits, and distributes electricity and natural gas to residential, commercial, and industrial customers in South Carolina. The Contracted Assets segment is involved in the energy marketing and price risk activities. As of December 31, 2020, the company's portfolio of assets included approximately 30.2 gigawatt of electric generating capacity; 10,500 miles of electric transmission lines; 85,600 miles of electric distribution lines; and 94,200 miles of gas distribution lines. It serves approximately 7 million customers. The company sells electricity at wholesale prices to rural electric cooperatives and municipalities, as well as into wholesale electricity markets. The company was formerly known as Dominion Resources, Inc. and changed its name to Dominion Energy, Inc. in May 2017. Dominion Energy, Inc. was incorporated in 1983 and is headquartered in Richmond, Virginia."
DPZ,Domino's,Consumer Discretionary,Restaurants,"Ann Arbor, Michigan",5/12/2020,1960,"Domino's Pizza, Inc., through its subsidiaries, operates as a pizza company in the United States and internationally. It operates through three segments: U.S. Stores, International Franchise, and Supply Chain. The company offers pizzas under the Domino's brand name through company-owned and franchised stores. As of January 3, 2021, it operated approximately 17,600 stores in 90 markets. The company was founded in 1960 and is based in Ann Arbor, Michigan."
DOV,Dover Corporation,Industrials,Industrial Machinery,"Downers Grove, Illinois",10/31/1985,1955,"Dover Corporation provides equipment and components, consumable supplies, aftermarket parts, software and digital solutions, and support services worldwide. The Engineered Products segment provides aftermarket vehicle, solid waste handling, industrial automation, aerospace and defense, industrial winch and hoist, bearings, drives, electric monitoring, and fluid dispensing systems. This segment also offers manual and power clamps, rotary and linear mechanical indexers, conveyors, pick and place units, glove ports, and manipulators, as well as end-of-arm robotic grippers, slides, and end effectors. The Fueling Solutions segment transports fuels and other hazardous fluids, as well as operates retail fueling and vehicle wash establishments. The Imaging and Identification segment provides precision marking and coding; product traceability equipment; and digital textile printing equipment, as well as related consumables, software, and services. The Pumps and Process Solutions segment manufactures specialty pumps, fluid handling components, plastics and polymer processing equipment, and engineered components for rotating and reciprocating machines. This segment also manufactures pumps that are used to transfer liquid and bulk products in various markets, including plastics and polymers processing, chemicals production, food/sanitary, biopharma, medical, transportation, petroleum refining, power generation and general industrial applications. The Refrigeration & Food Equipment segment manufactures refrigeration systems, refrigeration display cases, commercial glass refrigerators and freezer doors, and brazed plate heat exchangers for industrial heating and cooling, and residential climate control applications; and commercial food service equipment and can-shaping machinery. The company sells its products directly and through a network of distributors. Dover Corporation was incorporated in 1947 and is headquartered in Downers Grove, Illinois."
DOW,Dow Inc.,Materials,Commodity Chemicals,"Midland, Michigan",4/1/2019,2019,"Dow Inc. provides various materials science solutions for consumer care, infrastructure, and packaging markets in the United States, Canada, Europe, the Middle East, Africa, India, the Asia Pacific, and Latin America. It operates through Packaging & Specialty Plastics, Industrial Intermediates & Infrastructure, and Performance Materials and Coatings segments. The Packaging & Specialty Plastics segment provides ethylene, and propylene and aromatics products; and polyethylene, polyolefin elastomers, ethylene vinyl acetate, and ethylene propylene diene monomer rubbers. The Industrial Intermediates & Infrastructure segment offers ethylene oxides, propylene oxide, propylene glycol and polyether polyols, aromatic isocyanates and polyurethane systems, coatings, adhesives, sealants, elastomers, and composites. This segment also provides caustic soda, and ethylene dichloride and vinyl chloride monomers; and cellulose ethers, redispersible latex powders, silicones, and acrylic emulsions. The Performance Materials and Coatings segment provides architectural paints and coatings, and industrial coatings that are used in maintenance and protective industries, wood, metal packaging, traffic markings, thermal paper, and leather; performance monomers and silicones; standalone silicones; and home and personal care solutions. It also engages in property and casualty insurance, as well as reinsurance business. Dow Inc. was incorporated in 2018 and is headquartered in Midland, Michigan."
DTE,DTE Energy,Utilities,Multi-Utilities,"Detroit, Michigan",3/4/1957,1995,"DTE Energy Company engages in the utility operations. The company's Electric segment generates, purchases, distributes, and sells electricity to approximately 2.2 million residential, commercial, and industrial customers in southeastern Michigan. It generates electricity through fossil-fuel, hydroelectric pumped storage, and nuclear plants, as well as wind and other renewable assets. This segment owns and operates approximately 698 distribution substations and 445,800 line transformers. The company's Gas segment purchases, stores, transports, distributes, and sells natural gas to approximately 1.3 million residential, commercial, and industrial customers throughout Michigan; and sells storage and transportation capacity. This segment has approximately 20,000 miles of distribution mains; 1,308,000 service pipelines; and 1,305,000 active meters, as well as owns approximately 2,000 miles of transmission pipelines. Its Gas Storage and Pipelines segment owns natural gas storage fields, lateral and gathering pipeline systems, and compression and surface facilities, as well as has ownership interests in interstate pipelines serving the Gulf Coast, Midwest, Ontario, and northeast markets. The company's Power and Industrial Projects segment offers metallurgical coke; pulverized coal and petroleum coke to the steel, pulp and paper, and other industries; and power, steam and chilled water production, and wastewater treatment services, as well as supplies compressed air to industrial customers. It also owns and operates 5 renewable generating plants with a capacity of 139 MWs; 22 gas recovery sites; and 10 reduced emissions fuel facilities. Its Energy Trading segment engages in power, natural gas, and environmental marketing and trading; structured transactions; and the optimization of contracted natural gas pipeline transportation and storage positions. The company was founded in 1903 and is headquartered in Detroit, Michigan."
DUK,Duke Energy,Utilities,Electric Utilities,"Charlotte, North Carolina",6/30/1976,1904,"Duke Energy Corporation, together with its subsidiaries, operates as an energy company in the United States. It operates through three segments: Electric Utilities and Infrastructure, Gas Utilities and Infrastructure, and Commercial Renewables. The Electric Utilities and Infrastructure segment generates, transmits, distributes, and sells electricity in the Carolinas, Florida, and the Midwest; and uses coal, hydroelectric, natural gas, oil, renewable sources, and nuclear fuel to generate electricity. It also engages in the wholesale of electricity to municipalities, electric cooperative utilities, and load-serving entities. This segment serves approximately 7.9 million retail electric customers in 6 states in the Southeast and Midwest regions of the United States covering a service territory of approximately 91,000 square miles; and owns approximately 50,807 megawatts (MW) of generation capacity. The Gas Utilities and Infrastructure segment distributes natural gas to residential, commercial, industrial, and power generation natural gas customers; and owns, operates, and invests in pipeline transmission and natural gas storage facilities. It has approximately 1.6 million customers, including 1.1 million customers in North Carolina, South Carolina, and Tennessee, as well as 541,000 customers in southwestern Ohio and northern Kentucky. The Commercial Renewables segment acquires, owns, develops, builds, and operates wind and solar renewable generation projects, including nonregulated renewable energy and energy storage services to utilities, electric cooperatives, municipalities, and commercial and industrial customers. It has 21 wind, 150 solar, and 2 battery storage facilities, as well as 11 fuel cell locations with a capacity of 2,282 MW across 19 states. The company was formerly known as Duke Energy Holding Corp. and changed its name to Duke Energy Corporation in April 2005. The company was incorporated in 2005 and is headquartered in Charlotte, North Carolina."
DD,DuPont,Materials,Specialty Chemicals,"Wilmington, Delaware",4/2/2019,2017,"DuPont de Nemours, Inc. provides technology-based materials, ingredients, and solutions in the United States, Canada, the Asia Pacific, Latin America, Europe, the Middle East, and Africa. The company's Electronics & Imaging segment supplies materials to manufacture photovoltaics and solar cells; materials and printing systems to the advanced printing industry; and materials and solutions for the fabrication of semiconductors and integrated circuits addressing front-end and back-end of the manufacturing process. This segment also provides semiconductor and advanced packaging materials; dielectric and metallization solutions for chip packaging; and silicones for light emitting diode packaging and semiconductor applications; permanent and process chemistries for the fabrication of printed circuit boards to include laminates and substrates, electroless, and electrolytic metallization solutions, as well as patterning solutions, and materials and metallization processes for metal finishing, decorative, and industrial applications. In addition, it offers various materials to manufacture rigid and flexible displays for liquid crystal displays, advanced-matrix organic light emitting diode, and quantum dot applications. The Transportation & Advanced Polymers segment provides engineering resins, adhesives, silicones, lubricants, and parts to engineers and designers in the transportation, electronics, healthcare, industrial, and consumer end-markets. Its Safety & Construction segment provides engineered products and integrated systems for worker safety, water purification and separation, aerospace, energy, medical packaging, and building materials. The company was formerly known as DowDuPont Inc. and changed its name to DuPont de Nemours, Inc. in June 2019. DuPont de Nemours, Inc. is based in Wilmington, Delaware."
DXC,DXC Technology,Information Technology,IT Consulting & Other Services,"Tysons Corner, Virginia",4/4/2017,2017,"DXC Technology Company, together with its subsidiaries, provides information technology services and solutions primarily in North America, Europe, Asia, and Australia. It operates in two segments, Global Business Services (GBS) and Global Infrastructure Services (GIS). The GBS segment offers a portfolio of analytics services and extensive partner ecosystem that help its customers to gain rapid insights, automate operations, and accelerate their digital transformation journeys; and software engineering and solutions that enable businesses to run and manage their mission-critical functions, transform their operations, and develop new ways of doing business. This segment also uses various technologies and methods to accelerate the creation, modernization, delivery, and maintenance of secure applications allowing customers to innovate faster while reducing risk, time to market, and total cost of ownership. In addition, it offers business process services, which include digital integration and optimization of front and back office processes, and agile process automation. The GIS segment adapts legacy apps to cloud, migrate the right workloads, and securely manage their multi-cloud environments; and offers security solutions help predict attacks, proactively respond to threats, and ensure compliance, as well as to protect data, applications, and infrastructure. It also provides IT outsourcing services support infrastructure, applications, and workplace IT operations, including hardware, software, physical/virtual end-user devices, collaboration tools, and IT support services. In addition, this segment offers workplace and mobility services to fit its customer's employee, business, and IT needs from intelligent collaboration; and modern device management, digital support services, Internet of Things and mobility services. The company has a strategic collaboration with Microsoft. DXC Technology Company was founded in 1959 and is headquartered in Tysons, Virginia."
EMN,Eastman Chemical Company,Materials,Diversified Chemicals,"Kingsport, Tennessee",1/1/1994,1920,"Eastman Chemical Company operates as a specialty materials company worldwide. The company's Additives & Functional Products segment offers hydrocarbon and rosin resins; organic acid-based solutions; amine derivative-based building blocks; metam-based soil fumigants, thiram and ziram based fungicides, and plant growth regulators; specialty coalescent, specialty and commodity solvents, paint additives, and specialty polymers; heat transfer and aviation fluids; insoluble sulfur and anti-degradant rubber additives; and performance resins. It serves the transportation, consumables, building and construction, animal nutrition, crop protection, energy, personal and home care, and other markets. Its Advanced Materials segment provides copolyesters, cellulose esters, polyvinyl butyral (PVB) sheets, and window and protective films, and aftermarket applied film products for value-added end uses in the transportation, consumables, building and construction, durable goods, and health and wellness markets. The company's Chemical Intermediates segment offers methylamines and salts higher amines and solvents; Olefin and acetyl derivatives, ethylene, and commodity solvents; and primary non-phthalate and phthalate plasticizers, and niche non- phthalate plasticizers to the industrial chemicals and processing, building and construction, health and wellness, and agrochemicals. Its Fibers segment provides cellulose acetate tow, triacetin, cellulose acetate flake, acetic acid, and acetic anhydride for use in filtration media primarily cigarette filters; natural and solution dyed acetate yarns for use in consumables, and health and wellness markets; and wet-laid nonwoven media, specialty and engineered papers, and cellulose acetate fibers for transportation, industrial, agriculture and mining, aerospace, personal hygiene, and consumables markets. Eastman Chemical Company was founded in 1920 and is headquartered in Kingsport, Tennessee."
ETN,Eaton Corporation,Industrials,Electrical Components & Equipment,"Dublin, Ireland",3/4/1957,1911,"Eaton Corporation plc operates as a power management company. Its Electrical Americas and Electrical Global segment provides electrical components, industrial components, power distribution and assemblies, residential products, single and three phase power quality products, wiring devices, circuit protection products, utility power distribution products, power reliability equipment, and services in North and South America, as well as hazardous duty electrical, emergency lighting, fire detection, explosion-proof instrumentation, and structural support systems internationally. The company's Hydraulics segment provides pumps, motors, and hydraulic power units; valves, cylinders, and electronic controls; industrial and hydraulic hoses, fittings, assemblies, thermoplastic hose and tubing products, couplings, connectors, and assembly equipment; and industrial drums and disc brakes. Its Aerospace segment offers pumps, motors, hydraulic power units, hoses and fittings, and electro-hydraulic pumps; valves, cylinders, electronic controls, electromechanical actuators, sensors, aircraft flap and slat systems, and nose wheel steering systems; thermoplastic tubing products, fittings, adapters, couplings, and sealing and ducting products; fuel pumps, sensors, valves, and adapters and regulators; and wiring connectors and cables, as well as hydraulic and bag filters, strainers and cartridges, and golf grips. The company's Vehicle segment offers transmissions, clutches, hybrid power systems, superchargers, engine valves and valve actuation systems, cylinder heads, locking and limited slip differentials, transmission controls, and fuel vapor components for the vehicle industry. Its eMobility segment provides voltage inverters, converters, fuses, onboard chargers, circuit protection units, vehicle controls, power distribution systems, fuel tank isolation valves, and commercial vehicle hybrid systems. The company was founded in 1916 and is based in Dublin, Ireland."
EBAY,eBay,Consumer Discretionary,Internet & Direct Marketing Retail,"San Jose, California",7/22/2002,1995,"eBay Inc. operates marketplace platforms that connect buyers and sellers worldwide. The company's Marketplace platform includes its online marketplace at ebay.com and the eBay suite of mobile apps. Its platforms enable users to list, buy, sell, and pay for items through various online, mobile, and offline channels that include retailers, distributors, liquidators, import and export companies, auctioneers, catalog and mail-order companies, classifieds, directories, search engines, commerce participants, shopping channels, and networks. The company was founded in 1995 and is headquartered in San Jose, California."
ECL,Ecolab,Materials,Specialty Chemicals,"Saint Paul, Minnesota",1/31/1989,1923,"Ecolab Inc. provides water, hygiene, and infection prevention solutions and services worldwide. Its Global Industrial segment offers water treatment and process applications, and cleaning and sanitizing solutions to manufacturing, food and beverage processing, transportation, chemical, metals and mining, power generation, pulp and paper, commercial laundry, petroleum, and petrochemical industries. The company's Global Institutional & Specialty segment provides specialized cleaning and sanitizing products to the foodservice, hospitality, lodging, government and education, and retail industries. Its Global Healthcare & Life Sciences segment offers specialized cleaning and sanitizing products to the healthcare, personal care, and pharmaceutical industries, such as infection prevention and surgical solutions, and end-to-end cleaning and contamination control solutions under the Ecolab, Microtek, and Anios brand names. The company's Other segment offers pest elimination services to detect, eliminate, and prevent pests, such as rodents and insects in restaurants, food and beverage processors, educational and healthcare facilities, hotels, quick service restaurant and grocery operations, and other institutional and commercial customers. This segment also provides colloidal silica for binding and polishing applications in semiconductor, catalyst, and aerospace component manufacturing, as well as chemical industries; and products and services that manage wash process through custom designed programs, premium products, dispensing equipment, water and energy management, and reduction, as well as real time data management. It sells its products through field sales and corporate account personnel, distributors, and dealers. The company was founded in 1923 and is headquartered in St. Paul, Minnesota."
EIX,Edison International,Utilities,Electric Utilities,"Rosemead, California",3/4/1957,1886,"Edison International, through its subsidiaries, generates and distributes electric power. As of March 03, 2021, it delivered electricity to 15 million residential, commercial, industrial, public authorities, agricultural, and other customers across Southern, Central, and Coastal California. Edison International also provides energy solutions to commercial and industrial users. Its transmission facilities consist of lines ranging from 55 kV to 500 kV and substations; and distribution system consists of approximately 39,000 circuit-miles of overhead lines, approximately 31,000 circuit-miles of underground lines, and 800 substations. The company was founded in 1886 and is headquartered in Rosemead, California."
EW,Edwards Lifesciences,Health Care,Health Care Equipment,"Irvine, California",4/1/2011,1958,"Edwards Lifesciences Corporation provides products and technologies for structural heart disease, and critical care and surgical monitoring in the United States, Europe, Japan, and internationally. It offers transcatheter heart valve replacement products for the minimally invasive replacement of heart valves; and transcatheter heart valve repair and replacement products to treat mitral and tricuspid valve diseases. The company also provides surgical heart valve therapy products, such as pericardial valves for aortic and mitral surgical valve replacement; aortic heart valves; annuloplasty rings; cardiac cannula devices; beating heart mitral valve repair system for the treatment of degenerative mitral regurgitation, as well as various procedure-enabling platforms to advance minimally invasive surgery. In addition, it offers critical care products, such as hemodynamic monitoring systems to measure a patient's heart function and fluid status in surgical and intensive care settings; pulmonary artery catheters; arterial pressure monitoring products, oximetry central venous catheters, as well as monitoring platforms that display a patient's physiological information; and Acumen Hypotension Prediction Index, which alerts clinicians in advance of a patient developing low blood pressure. The company distributes its products through a direct sales force and independent distributors. Edwards Lifesciences Corporation was founded in 1958 and is headquartered in Irvine, California."
EA,Electronic Arts,Communication Services,Interactive Home Entertainment,"Redwood City, California",7/22/2002,1982,"Electronic Arts Inc. develops, markets, publishes, and distributes games, content, and services for game consoles, PCs, mobile phones, and tablets worldwide. The company develops and publishes games and services across various genres, such as sports, first-person shooter, action, role-playing, and simulation primarily under the Battlefield, The Sims, Apex Legends, Need for Speed, and Plants v. Zombies brands; and license games from others, including FIFA, Madden NFL, and Star Wars brands. It also provides advertising services; and licenses its games to third parties to distribute and host its games. The company markets and sells its games and services through digital distribution and retail channels, as well as directly to mass market retailers, specialty stores, and distribution arrangements. It has a strategic partnership with KLab Inc. for game development and operation. Electronic Arts Inc. was founded in 1982 and is headquartered in Redwood City, California."
ELV,Elevance Health,Health Care,Managed Health Care,"Indianapolis, Indiana",7/25/2002,2014 (1946),"Elevance Health Inc., formerly Anthem, Inc., is a health insurance company in the United States. They provide medical benefits to individuals and employers through various plans. The company is headquartered in Indianapolis, Indiana."
LLY,Eli Lilly and Company,Health Care,Pharmaceuticals,"Indianapolis, Indiana",12/31/1970,1876,"Eli Lilly and Company discovers, develops, manufactures, and markets human pharmaceutical products worldwide. It offers Baqsimi for severe hypoglycemia; Basaglar, Humalog, Humalog Mix 75/25, Humalog U-100, Humalog U-200, Humalog Mix 50/50, insulin lispro, insulin lispro protamine, insulin lispro mix 75/25, Humulin, Humulin 70/30, Humulin N, Humulin R, Humulin U-500, and Lyumjev for diabetes; and Jardiance, Trajenta, and Trulicity for type 2 diabetes. The company also provides Alimta for non-small cell lung cancer (NSCLC) and malignant pleural mesothelioma; Cyramza for metastatic gastric cancer, gastro-esophageal junction adenocarcinoma, metastatic NSCLC, metastatic colorectal cancer, and hepatocellular carcinoma; Erbitux for colorectal cancers, and various head and neck cancers; Retevmo for metastatic NSCLC, medullary thyroid cancer, and thyroid cancer; Tyvyt for relapsed or refractory classic Hodgkin's lymph and non-squamous NSCLC; and Verzenio for HR+ and HER2- metastatic breast cancer. In addition, it offers Olumiant for rheumatoid arthritis; and Taltz for plaque psoriasis, psoriatic arthritis, ankylosing spondylitis, and non-radiographic axial spondyloarthritis. Further, the company Cymbalta for depressive disorder, diabetic peripheral neuropathic pain, generalized anxiety disorder, fibromyalgia, and chronic musculoskeletal pain; Emgality for migraine prevention and episodic cluster headache; Reyvow for migraine; and Zyprexa for schizophrenia, bipolar I disorder, and bipolar maintenance. Additionally, it Bamlanivimab and etesevimab for COVID-19; Cialis for erectile dysfunction and benign prostatic hyperplasia; and Forteo for osteoporosis. Eli Lilly and Company primarily has collaborations with Incyte Corporation; Pfizer Inc.; AC Immune SA; Centrexion Therapeutics Corporation; ImmuNext, Inc.; Avidity Biosciences, Inc.; AbCellera Biologics Inc.; and Junshi Biosciences. The company was founded in 1876 and is headquartered in Indianapolis, Indiana."
EMR,Emerson Electric,Industrials,Electrical Components & Equipment,"Ferguson, Missouri",3/31/1965,1890,"Emerson Electric Co. designs and manufactures technology and engineering products for industrial, commercial, and consumer markets worldwide. It operates through Automation Solutions and Commercial & Residential Solutions segments. The Automation Solutions segment offers measurement and analytical instrumentation, industrial valves and equipment, and process control software and systems. It serves the oil and gas, refining, chemicals, power generation, life sciences, food and beverage, automotive, pulp and paper, metals and mining, and municipal water supplies markets. The Commercial & Residential Solutions segment offers residential and commercial heating and air conditioning products, such as residential and variable speed scroll compressors; system protector and flow control devices; standard, programmable, and Wi-Fi thermostats; monitoring equipment and electronic controls for gas and electric heating systems; gas valves for furnaces and water heaters; ignition systems for furnaces; sensors and thermistors for home appliances; and temperature sensors and controls. It also provides reciprocating, scroll, and screw compressors; precision flow controls; system diagnostics and controls; and environmental control systems for use in medical, food processing, and cold storage applications. In addition, this segment offers air conditioning, refrigeration, and lighting control technologies, as well as facility design and product management, site commissioning, facility monitoring, and energy modeling services; temperature management and monitoring products for the foodservice markets; and professional and homeowner tools, and appliance solutions. The company was formerly known as The Emerson Electric Manufacturing Company and changed its name to Emerson Electric Co. in 2000. Emerson Electric Co. was founded in 1890 and is headquartered in St. Louis, Missouri."
ENPH,Enphase,Information Technology,Electronic Components,"Fremont, California",1/7/2021,2006,"Enphase Energy, Inc., together with its subsidiaries, designs, develops, manufactures, and sells home energy solutions for the solar photovoltaic industry in the United States and internationally. The company offers semiconductor-based microinverter, which converts energy at the individual solar module level, and combines with its proprietary networking and software technologies to provide energy monitoring and control services. It also offers AC battery storage systems; Envoy communications gateway; and Enlighten cloud-based monitoring service, as well as other accessories. The company sells its solutions to solar distributors; and directly to large installers, original equipment manufacturers, strategic partners, and homeowners, as well as directly the do-it-yourself market through its legacy product upgrade program or online store. Enphase Energy, Inc. was incorporated in 2006 and is headquartered in Fremont, California."
ETR,Entergy,Utilities,Electric Utilities,"New Orleans, Louisiana",3/4/1957,1913,"Entergy Corporation, together with its subsidiaries, engages in the production and distribution of electricity in the United States. The company generates electricity through gas/oil, nuclear, coal, hydro, and solar power sources. It operates in two segments, Utility and Entergy Wholesale Commodities. The company's Utility segment generates, transmits, distributes, and sells electric power in portions of Arkansas, Mississippi, Texas, and Louisiana, including the City of New Orleans; and distributes natural gas. Its Entergy Wholesale Commodities segment engages in the ownership, operation, and decommissioning of nuclear power plants located in the northern United States; sale of electric power to wholesale customers; provision of services to other nuclear power plant owners; and owning interests in non-nuclear power plants that sell electric power to wholesale customers. It sells energy to retail power providers, utilities, electric power co-operatives, power trading organizations, and other power generation companies. The company's power plants have approximately 30,000 megawatts (MW) of electric generating capacity, which include 8,000 MW of nuclear power. The company delivers electricity to 3.0 million utility customers in Arkansas, Louisiana, Mississippi, and Texas. Entergy Corporation was incorporated in 1949 and is based in New Orleans, Louisiana."
EOG,EOG Resources,Energy,Oil & Gas Exploration & Production,"Houston, Texas",11/2/2000,1999,"EOG Resources, Inc., together with its subsidiaries, explores for, develops, produces, and markets crude oil, and natural gas and natural gas liquids. Its principal producing areas are in New Mexico and Texas in the United States; the Republic of Trinidad and Tobago; the People's Republic of China; and the Sultanate of Oman. As of December 31, 2020, it had total estimated net proved reserves of 3,220 million barrels of oil equivalent, including 1,514 million barrels (MMBbl) of crude oil and condensate reserves; 813 MMBbl of natural gas liquid reserves; and 5,360 billion cubic feet of natural gas reserves. The company was formerly known as Enron Oil & Gas Company. EOG Resources, Inc. was incorporated in 1985 and is headquartered in Houston, Texas."
EPAM,EPAM Systems,Information Technology,IT Consulting & Other Services,"Newtown, Pennsylvania",12/14/2021,1993,"EPAM Systems, Inc. provides digital platform engineering and software development services in North America, Europe, Russia, Belarus, Kazakhstan, Ukraine, Georgia, East Asia, Southeast Asia, and Australia. The company offers engineering services, including requirements analysis and platform selection, customization, cross-platform migration, implementation, and integration; infrastructure management services, such as software development, testing, and maintenance with private, public, and mobile infrastructures for application, database, network, server, storage, and systems operations management, as well as monitoring, incident notification, and resolution services; and maintenance and support services. It also provides operation solutions comprising integrated engineering practices and smart automation; and optimization solutions that include software application testing, test management, automation, and consulting services to enable customers enhance their existing software testing and quality assurance practices, as well as other testing services that identify threats and close loopholes to protect its customers' business systems from information loss. In addition, the company offers business, experience, technology, data, and technical advisory consulting services; and digital and service design solutions, which comprise strategy, design, creative, and program management services, as well as physical product development. It serves the financial services, travel and consumer, software and hi-tech, business information and media, life sciences and healthcare, and other industries. EPAM Systems, Inc. has a partnership with Curogram to help healthcare systems implement a simplified COVID-19 crisis response solution. The company was founded in 1993 and is headquartered in Newtown, Pennsylvania."
EQT,EQT,Energy,Oil & Gas Exploration & Production,"Pittsburgh, Pennsylvania",10/3/2022,1888,"EQT Corporation operates as a natural gas production company in the United States. The company produces natural gas, natural gas liquids (NGLs), and crude oil. As of December 31, 2020, it had 19.8 trillion cubic feet of proved natural gas, NGLs, and crude oil reserves across approximately 1.8 million gross acres. The company was founded in 1878 and is headquartered in Pittsburgh, Pennsylvania."
EFX,Equifax,Industrials,Research & Consulting Services,"Atlanta, Georgia",6/19/1997,1899,"Equifax Inc. provides information solutions and human resources business process outsourcing services for businesses, governments, and consumers. The company operates through four segments: U.S. Information Solutions (USIS), Workforce Solutions, International, and Global Consumer Solutions. The USIS segment offers consumer and commercial information services, such as credit information and credit scoring, credit modeling and portfolio analytics, locate, fraud detection and prevention, identity verification, and other consulting; mortgage services; financial marketing; and identity management services. The Workforce Solutions segment provides employment, income, and social security number verification services, as well as payroll-based transaction and employment tax management services. The International segment provides information service products, which include consumer and commercial services, such as credit and financial information, and credit scoring and modeling; and credit and other marketing products and services, as well as offers information, technology, and other services to support debt collections and recovery management. The Global Consumer Solutions segment offers credit information, credit monitoring, and identity theft protection products directly to consumers through internet. The company serves customers in financial service, mortgage, employers, consumer, commercial, telecommunication, retail, automotive, utility, brokerage, healthcare, and insurance industries, as well as state, federal, and local governments. It operates in the United States, Canada, Australia, New Zealand, India, the United Kingdom, Spain, Portugal, Argentina, Chile, Costa Rica, Ecuador, El Salvador, Honduras, Mexico, Paraguay, Peru, Uruguay, Brazil, the Republic of Ireland, Russia, Cambodia, Malaysia, Singapore, and the United Arab Emirates. Equifax Inc. was founded in 1899 and is headquartered in Atlanta, Georgia."
EQIX,Equinix,Real Estate,Specialized REITs,"Redwood City, California",3/20/2015,1998,"Equinix (Nasdaq: EQIX) is the world's digital infrastructure company, enabling digital leaders to harness a trusted platform to bring together and interconnect the foundational infrastructure that powers their success. Equinix enables today's businesses to access all the right places, partners and possibilities they need to accelerate advantage. With Equinix, they can scale with agility, speed the launch of digital services, deliver world-class experiences and multiply their value."
EQR,Equity Residential,Real Estate,Residential REITs,"Chicago, Illinois",12/3/2001,1969,"Equity Residential is committed to creating communities where people thrive. The Company, a member of the S&P 500, is focused on the acquisition, development and management of residential properties located in and around dynamic cities that attract high quality long-term renters. Equity Residential owns or has investments in 305 properties consisting of 78,568 apartment units, located in Boston, New York, Washington, D.C., Seattle, San Francisco, Southern California and Denver."
ESS,Essex Property Trust,Real Estate,Residential REITs,"San Mateo, California",4/2/2014,1971,"Essex Property Trust, Inc., an S&P 500 company, is a fully integrated real estate investment trust (REIT) that acquires, develops, redevelops, and manages multifamily residential properties in selected West Coast markets. Essex currently has ownership interests in 246 apartment communities comprising approximately 60,000 apartment homes with an additional 6 properties in various stages of active development."
EL,Est?e Lauder Companies (The),Consumer Staples,Personal Products,"New York City, New York",1/5/2006,1946,"The Est√É¬©e Lauder Companies Inc. manufactures and markets skin care, makeup, fragrance, and hair care products. The company offers a range of skin care products, including moisturizers, serums, cleansers, toners, body care, exfoliators, acne care and oil correctors, facial masks, cleansing devices, and sun care products; and makeup products, such as lipsticks, lip glosses, mascaras, foundations, eyeshadows, nail polishes, and powders, as well as compacts, brushes, and other makeup tools. It also provides fragrance products in various forms comprising eau de parfum sprays and colognes, as well as lotions, powders, creams, candles, and soaps; and hair care products that include shampoos, conditioners, styling products, treatment, finishing sprays, and hair color products, as well as sells ancillary products and services. The company offers its products under Est√É¬©e Lauder, Aramis, Clinique, Lab Series, Origins, M√Ç¬∑A√Ç¬∑C, Bobbi Brown, La Mer, Aveda, Jo Malone London, Bumble and bumble, Darphin, Smashbox, Le Labo, Editions de Parfums Fr√É¬©d√É¬©ric Malle, GLAMGLOW, By Kilian, BECCA, Too Faced, RODIN olio lusso, FLIRT!, Kiton, and Tom Ford brands. It also holds license arrangements for Tommy Hilfiger, Donna Karan New York, DKNY, Michael Kors, Ermenegildo Zegna, Dr. Andrew Weil, TOM FORD BEAUTY, AERIN, and Tory Burch brands. The company sells its products through department stores, specialty-multi retailers, upscale perfumeries and pharmacies, and salons and spas; freestanding stores; its own and authorized retailer Websites; third-party online malls; stores in airports and on cruise ships; in-flight and duty-free shops; and self-select outlets. It has operations in the Americas, Europe, the Middle East, Africa, and the Asia Pacific. The Est√É¬©e Lauder Companies Inc. has a joint development agreement with Atropos Therapeutics Inc. to discover senomodulators. The company was founded in 1946 and is headquartered in New York, New York."
ETSY,Etsy,Consumer Discretionary,Internet & Direct Marketing Retail,"New York City, New York",9/21/2020,2005,"Etsy, Inc. operates two-sided online marketplaces that connect buyers and sellers primarily in the United States, the United Kingdom, Germany, Canada, Australia, France, and India. Its online market places include Etsy.com and Reverb.com. The company offers approximately 85 million items in its various retail categories to buyers. It also provides various seller services, including Etsy Payments, a payment processing service; Etsy Ads, an advertising platform; and Etsy Shipping Labels, which allows sellers in the United States, Canada, the United Kingdom, and Australia to purchase discounted shipping labels. In addition, the company offers various seller tools, including Shop Manager dashboard, a centralized hub for Etsy sellers to track orders, manage inventory, view metrics and statistics, and have conversations with their customers; Targeted Offers, a sales, promotion, and social media tool; educational resources, such as blog posts and video tutorials; Etsy Seller Handbook; and Etsy Teams, a platform to build personal relationships with other Etsy sellers. Etsy, Inc. was founded in 2005 and is headquartered in Brooklyn, New York."
RE,Everest Re,Financials,Reinsurance,"Hamilton, Bermuda",6/19/2017,1973,"Everest Re Group, Ltd., through its subsidiaries, provides reinsurance and insurance products in the United States, Bermuda, and internationally. The company operates through Reinsurance Operations and Insurance Operations segments. The Reinsurance Operations segment writes property and casualty reinsurance; and specialty lines of business through reinsurance brokers, as well as directly with ceding companies in the United States, Bermuda, Ireland, Canada, Singapore, and the United Kingdom. The Insurance Operations segment writes property and casualty insurance directly, as well as through brokers, surplus lines brokers, and general agents in the United States, Canada, Europe, Ireland, and Switzerland. The company also provides treaty and facultative reinsurance products; admitted and non-admitted insurance products; and property and casualty reinsurance and insurance coverages, including marine, aviation, surety, errors and omissions liability, directors' and officers' liability, medical malpractice, mortgage reinsurance, other specialty lines, accident and health, and workers' compensation products. In addition, it offers commercial property and casualty insurance products through wholesale and retail brokers, surplus lines brokers, and program administrators. Everest Re Group, Ltd. was founded in 1973 and is headquartered in Hamilton, Bermuda."
EVRG,Evergy,Utilities,Electric Utilities,"Kansas City, Missouri",6/5/2018,1909,"Evergy, Inc., together with its subsidiaries, engages in the generation, transmission, distribution, and sale of electricity in Kansas and Missouri, the United States. It generates electricity through coal, hydroelectric, landfill gas, uranium, and natural gas and oil sources, as well as solar, wind, other renewable sources. The company has approximately 10,100 circuit miles of transmission lines; 39,800 circuit miles of overhead distribution lines; and 13,000 circuit miles of underground distribution lines. It serves approximately 1,620,400 customers, including residences, commercial firms, industrials, municipalities, and other electric utilities. Evergy, Inc. was incorporated in 2017 and is headquartered in Kansas City, Missouri."
ES,Eversource,Utilities,Multi-Utilities,"Hartford, Connecticut",2009,1966,"Eversource Energy, a public utility holding company, engages in the energy delivery business. The company operates through Electric Distribution, Electric Transmission, Natural Gas Distribution, and Water Distribution segments. It is involved in the transmission and distribution of electricity; solar power facilities; and distribution of natural gas. The company operates regulated water utilities that provide water services to approximately 216,000 customers. It serves residential, commercial, industrial, municipal and fire protection, and other customers in Connecticut, Massachusetts, and New Hampshire. The company was formerly known as Northeast Utilities and changed its name to Eversource Energy in April 2015. Eversource Energy is based in Springfield, Massachusetts."
EXC,Exelon,Utilities,Multi-Utilities,"Chicago, Illinois",3/4/1957,2000,"Exelon Corporation, a utility services holding company, engages in the energy generation, delivery, and marketing businesses in the United States and Canada. It owns nuclear, fossil, wind, hydroelectric, biomass, and solar generating facilities. The company also sells electricity to wholesale and retail customers; and sells natural gas, renewable energy, and other energy-related products and services. In addition, it is involved in the purchase and regulated retail sale of electricity and natural gas; and transmission and distribution of electricity, and distribution of natural gas to retail customers. Further, the company offers support services, including legal, human resources, information technology, financial, supply management, accounting, engineering, customer operations, distribution and transmission planning, asset management, system operations, and power procurement services. It serves distribution utilities, municipalities, cooperatives, and financial institutions, as well as commercial, industrial, governmental, and residential customers. The company was incorporated in 1999 and is headquartered in Chicago, Illinois."
EXPE,Expedia Group,Consumer Discretionary,Internet & Direct Marketing Retail,"Seattle, Washington",10/2/2007,1996,"Expedia Group, Inc. operates as an online travel company in the United States and internationally. The company operates through Retail, B2B, and trivago segments. Its brand portfolio include Brand Expedia, a full-service online travel brand with localized websites; Hotels.com for marketing and distributing lodging accommodations; Vrbo, an online marketplace for the alternative accommodations; Orbitz, Travelocity, and CheapTickets travel websites; ebookers, an online EMEA travel agent for travelers an array of travel options; Hotwire, which offers travel booking services; CarRentals.com, an online car rental booking service; Classic Vacations, a luxury travel specialist; and Expedia Cruise, a provider of advice for travelers booking cruises. The company's brand portfolio also comprise Expedia Partner Solutions, a business-to-business brand that provides travel and non-travel vertical, which includes corporate travel management, airlines, travel agents, online retailers and financial institutions; and Egencia that provides corporate travel management services. In addition, its brand portfolio consists of Trivago, a hotel metasearch website, which send referrals to online travel companies and travel service providers from hotel metasearch websites; and Expedia Group Media solutions. Further, the company provides online travel services through its Wotif.com, lastminute.com.au, travel.com.au, Wotif.co.nz, and lastminute.co.nz brands; loyalty programs; hotel accommodations and alternative accommodations; and advertising and media services. It serves leisure and corporate travelers. The company was formerly known as Expedia, Inc. and changed its name to Expedia Group, Inc. in March 2018. Expedia Group, Inc. was founded in 1996 and is headquartered in Seattle, Washington."
EXPD,Expeditors International,Industrials,Air Freight & Logistics,"Seattle, Washington",10/10/2007,1979,"Expeditors International of Washington, Inc. provides logistics services in the Americas, North Asia, South Asia, Europe, the Middle East, Africa, and India. The company offers airfreight services, such as air freight consolidation and forwarding; ocean freight and ocean services, including ocean freight consolidation, direct ocean forwarding, and order management; customs brokerage, intra-continental ground transportation and delivery, and warehousing and distribution services; and customs clearance, purchase order management, vendor consolidation, time-definite transportation services, temperature-controlled transit, cargo insurance, specialized cargo monitoring and tracking, and other supply chain solutions. It acts as a freight consolidator or as an agent for the airline, which carries the shipment. The company also provides ancillary services that include preparation of shipping and customs documentation, packing, crating, insurance services, negotiation of letters of credit, and the preparation of documentation to comply with local export laws. Its customers include retailing and wholesaling, electronics, technology, and industrial and manufacturing companies. Expeditors International of Washington, Inc. was incorporated in 1979 and is headquartered in Seattle, Washington."
EXR,Extra Space Storage,Real Estate,Specialized REITs,"Salt Lake City, Utah",1/19/2016,1977,"Extra Space Storage Inc., headquartered in Salt Lake City, Utah, is a self-administered and self-managed REIT and a member of the S&P 500. As of September 30, 2020, the Company owned and/or operated 1,906 self-storage stores in 40 states, Washington, D.C. and Puerto Rico. The Company's stores comprise approximately 1.4 million units and approximately 147.5 million square feet of rentable space. The Company offers customers a wide selection of conveniently located and secure storage units across the country, including boat storage, RV storage and business storage. The Company is the second largest owner and/or operator of self-storage stores in the United States and is the largest self-storage management company in the United States."
XOM,ExxonMobil,Energy,Integrated Oil & Gas,"Irving, Texas",3/4/1957,1999,"Exxon Mobil Corporation explores for and produces crude oil and natural gas in the United States and internationally. It operates through Upstream, Downstream, and Chemical segments. The company is also involved in the manufacture, trade, transport, and sale of crude oil, natural gas, petroleum products, petrochemicals, and other specialty products; and manufactures and sells petrochemicals, including olefins, polyolefins, aromatics, and various other petrochemicals. As of December 31, 2020, it had approximately 22,239 net operated wells with proved reserves. The company was founded in 1870 and is based in Irving, Texas."
FFIV,"F5, Inc.",Information Technology,Communications Equipment,"Seattle, Washington",12/20/2010,1996,"two is a blank check company. The company was incorporated in 2021 and is based in San Francisco, California."
FDS,FactSet,Financials,Financial Exchanges & Data,"Norwalk, Connecticut",12/20/2021,1978,"FactSet Research Systems Inc. provides integrated financial information and analytical applications to the investment and corporate communities in the Americas, EMEA, and the Asia Pacific. The company delivers insight and information through the workflow solutions of research, analytics and trading, content and technology solutions, and wealth. It serves a range of financial professionals, which include portfolio managers, investment research professionals, investment bankers, risk and performance analysts, wealth advisors, and corporate clients. FactSet Research Systems Inc. was founded in 1978 and is headquartered in Norwalk, Connecticut."
FAST,Fastenal,Industrials,Building Products,"Winona, Minnesota",9/15/2008,1967,"Fastenal Company, together with its subsidiaries, engages in the wholesale distribution of industrial and construction supplies in the United States, Canada, Mexico, North America, and internationally. It offers fasteners, and related industrial and construction supplies under the Fastenal name. The company's fastener products include threaded fasteners, bolts, nuts, screws, studs, and related washers, which are used in manufactured products and construction projects, as well as in the maintenance and repair of machines. It also offers miscellaneous supplies and hardware, including pins, machinery keys, concrete anchors, metal framing systems, wire ropes, strut products, rivets, and related accessories. The company serves the manufacturing market comprising original equipment manufacturers; maintenance, repair, and operations; and non-residential construction market, which includes general, electrical, plumbing, sheet metal, and road contractors. It also serves farmers, truckers, railroads, mining companies, schools, and retail trades; and oil exploration, production, and refinement companies, as well as federal, state, and local governmental entities. The company distributes its products through a network of 3,268 in-market locations and 16 distribution centers. Fastenal Company was founded in 1967 and is headquartered in Winona, Minnesota."
FRT,Federal Realty,Real Estate,Retail REITs,"Rockville, Maryland",2/1/2016,1962,"Federal Realty is a recognized leader in the ownership, operation and redevelopment of high-quality retail-based properties located primarily in major coastal markets from Washington, D.C. to Boston as well as San Francisco and Los Angeles. Founded in 1962, Federal Realty's mission is to deliver long-term, sustainable growth through investing in densely populated, affluent communities where retail demand exceeds supply. Its expertise includes creating urban, mixed-use neighborhoods like Santana Row in San Jose, California, Pike & Rose in North Bethesda, Maryland and Assembly Row in Somerville, Massachusetts. These unique and vibrant environments that combine shopping, dining, living and working provide a destination experience valued by their respective communities. Federal Realty's 104 properties include approximately 2,800 tenants, in 24 million square feet, and approximately 2,800 residential units. Federal Realty has increased its quarterly dividends to its shareholders for 53 consecutive years, the longest record in the REIT industry. Federal Realty is an S&P 500 index member and its shares are traded on the NYSE under the symbol FRT."
FDX,FedEx,Industrials,Air Freight & Logistics,"Memphis, Tennessee",12/31/1980,1971,"FedEx Corporation provides transportation, e-commerce, and business services worldwide. The company's FedEx Express segment offers express transportation, small-package ground delivery, and freight transportation services; time-critical transportation services; and cross-border e-commerce technology and e-commerce transportation solutions. Its FedEx Ground segment provides day-certain delivery services to businesses and residences. The company's FedEx Freight segment offers less-than-truckload freight transportation services. Its FedEx Services segment provides sales, marketing, information technology, communications, customer service, technical support, billing and collection, and back-office function services. The company's Corporate, Other and Eliminations segment offers integrated supply chain management solutions, specialty transportation, customs brokerage, and global ocean and air freight forwarding services; and an array of document and business services, and retail access to its customers for its package transportation businesses. The company was founded in 1971 and is based in Memphis, Tennessee."
FITB,Fifth Third Bank,Financials,Regional Banks,"Cincinnati, Ohio",3/29/1996,1858,"Fifth Third Bancorp operates as a diversified financial services company in the United States. The company's Commercial Banking segment offers credit intermediation, cash management, and financial services; lending and depository products; and cash management, foreign exchange and international trade finance, derivatives and capital markets services, asset-based lending, real estate finance, public finance, commercial leasing, and syndicated finance for business, government, and professional customers. Its Branch Banking segment provides a range of deposit and loan products to individuals and small businesses. This segment offers checking and savings accounts, home equity loans and lines of credit, credit cards, and loans for automobiles and personal financing needs, as well as cash management services for small businesses. The company's Consumer Lending segment engages in direct lending activities that include origination, retention, and servicing of residential mortgage and home equity loans or lines of credit; and indirect lending activities, including loans to consumers through correspondent lenders and automobile dealers. Fifth Third Bancorp's Wealth & Asset Management segment provides various investment alternatives for individuals, companies, and not-for-profit organizations. It offers retail brokerage services to individual clients; and broker dealer services to the institutional marketplace. This segment also provides asset management services; wealth planning, investment management, insurance, and trust and estate services; and advisory services for institutional clients. As of March 31, 2021, the company operated 1,098 banking centers and 2,383 ATMs in Ohio, Kentucky, Indiana, Michigan, Illinois, Florida, Tennessee, West Virginia, Georgia, North Carolina, and South Carolina. The company was founded in 1858 and is headquartered in Cincinnati, Ohio."
FRC,First Republic Bank,Financials,Regional Banks,"San Francisco, California",1/2/2019,1985,"First Republic Bank, together with its subsidiaries, provides private banking, private business banking, and private wealth management services to clients in metropolitan areas in the United States. It operates through two segments, Commercial Banking and Wealth Management. The company accepts deposit products, such as checking, money market checking, savings, passbook deposits, and individual retirement accounts, as well as certificates of deposit. It also offers a range of lending products that comprise residential mortgage loans, home equity lines of credit, multifamily loans, commercial real estate and construction loans, personal and business loans, single family construction loans, and other loans and lines of credit to businesses and individuals. The company's loans are secured by single family residences, multifamily buildings, and commercial real estate properties. In addition, it provides wealth management services, which include various investment strategies and products, online investment management services, trust and custody services, full service and online brokerage, financial and estate planning, and access to alternative investments, as well as investing, insurance, and foreign exchange services; and treasury services. Additionally, the company offers online and mobile banking services; refinancing services; and ATM and debit cards. As of December 31, 2020, the company offered its services through 92 offices, including 80 licensed deposit-taking offices in San Francisco, Palo Alto, Los Angeles, Santa Barbara, Newport Beach, and San Diego, California; Portland, Oregon; Boston, Massachusetts; Palm Beach, Florida; Greenwich, Connecticut; New York, New York; and Jackson, Wyoming, as well as 12 additional offices that provided lending, wealth management, and trust services. First Republic Bank was founded in 1985 and is headquartered in San Francisco, California."
FSLR,First Solar,Information Technology,Semiconductors,"Tempe, Arizona",12/19/2022,1999,"First Solar, Inc. provides photovoltaic (PV) solar energy solutions in the United State, Japan, France, Canada, India, Australia, and internationally. It operates in two segments, Modules and Systems. The Modules segment designs, manufactures, and sells cadmium telluride solar modules that convert sunlight into electricity to integrators and operators of PV solar power systems. The Systems segment provides power plant solutions, such as project development; engineering, procurement, and construction; and operating and maintenance services to utilities, independent power producers, commercial and industrial companies, and other system owners. The company was formerly known as First Solar Holdings, Inc. and changed its name to First Solar, Inc. in 2006. First Solar, Inc. was founded in 1999 and is headquartered in Tempe, Arizona."
FE,FirstEnergy,Utilities,Electric Utilities,"Akron, Ohio",11/28/1997,1997,"FirstEnergy Corp., through its subsidiaries, generates, transmits, and distributes electricity in the United States. The company operates through Regulated Distribution and Regulated Transmission segments. It operates 24,035 circuit miles of overhead and underground transmission lines; and electric distribution systems, including 272,531 miles of overhead pole line and underground conduit carrying primary, secondary, and street lighting circuits, as well as owns substations with a total installed transformer capacity of approximately 155,920,348 kilovolt-amperes. The company serves approximately 6 million customers in Ohio, Pennsylvania, West Virginia, Maryland, New Jersey, and New York. FirstEnergy Corp. was incorporated in 1996 and is headquartered in Akron, Ohio."
FIS,FIS,Information Technology,Data Processing & Outsourced Services,"Jacksonville, Florida",11/10/2006,1968,"Fidelity National Information Services, Inc. provides technology solutions for merchants, banks, and capital markets firms worldwide. It operates through Merchant Solutions, Banking Solutions, and Capital Market Solutions segments. The Merchant Solutions segment offers merchant acquiring, integrated payment, and global e-commerce solutions. The Banking Solutions segment provides core processing and ancillary applications; digital solutions, including Internet, mobile, and e-banking; fraud, risk management, and compliance solutions; electronic funds transfer and network services; card and retail payment solutions; wealth and retirement solutions; and item processing and output services. The Capital Market Solutions segment offers securities processing and finance, global trading, asset management and insurance, and corporate liquidity solutions. The company was founded in 1968 and is headquartered in Jacksonville, Florida."
FISV,Fiserv,Information Technology,Data Processing & Outsourced Services,"Brookfield, Wisconsin",4/2/2001,1984,
FLT,Fleetcor,Information Technology,Data Processing & Outsourced Services,"Atlanta, Georgia",6/20/2018,2000,"FLEETCOR Technologies, Inc. provides digital payment solutions for businesses to control purchases and make payments. It offers corporate payments solutions, such as accounts payable automation; Virtual Card, which provides a single-use card number for a specific amount usable within a defined timeframe; Cross-Border that is used by its customers to pay international suppliers, foreign office and personnel expenses, capital expenditures, and profit repatriation and dividends; and purchasing cards and travel and entertainment cards for its customers to analyse and manage their corporate spending. The company also provides employee expense management solutions, including fuel solutions to businesses and government entities that operate vehicle fleets, as well as to oil and leasing companies, and fuel marketers; lodging solutions to businesses that have employees who travel overnight for work purposes, as well as to airlines and cruise lines to accommodate traveling crews and stranded passengers; and electronic toll payments solutions to businesses and consumers in the form of radio frequency identification tags affixed to vehicles' windshields. In addition, it offers gift card program management and processing services in plastic and digital forms that include card design, production and packaging, delivery and fulfilment, card and account management, transaction processing, promotion development and management, website design and hosting, program analytics, and card distribution channel management. Further, it provides other products consisting of payroll cards, vehicle maintenance service solution, long-haul transportation solution, prepaid food vouchers or cards, and prepaid transportation cards and vouchers. The company serves business, merchant, consumer, and payment network customers in North America, Brazil, and Internationally. The company was founded in 1986 and is headquartered in Atlanta, Georgia."
FMC,FMC Corporation,Materials,Fertilizers & Agricultural Chemicals,"Philadelphia, Pennsylvania",8/19/2009,1883,"FMC Corporation, an agricultural sciences company, provides crop protection, plant health, precision agriculture, and professional pest and turf management products. The company develop, markets, and sells crop protection chemicals that include insecticides, herbicides, and fungicides that are used in agriculture to enhance crop yield and quality by controlling a range of insects, weeds, and disease, as well as in non-agricultural markets for pest control. It also offers biologicals products, such as bionematicides under the Quartzo and Presence names. The company sells herbicides under the Authority, Boral, Centium, Command, and Gamit brands, as well as Isoflex active herbicide ingredients; Rynaxypyr and Cyazypyr active ingredients; and insecticides under the Talstar and Hero brands, as well as flutriafol-based fungicides. It sells its products through independent distributors and co-ops, and national and regional distributors, as well as sells directly to growers. The company operates in North America, Latin America, Europe, the Middle East, Africa, and Asia. FMC Corporation was founded in 1883 and is headquartered in Philadelphia, Pennsylvania."
F,Ford Motor Company,Consumer Discretionary,Automobile Manufacturers,"Dearborn, Michigan",3/4/1957,1903,"Ford Motor Company designs, manufactures, markets, and services a range of Ford trucks, cars, sport utility vehicles, electrified vehicles, and Lincoln luxury vehicles worldwide. It operates through three segments: Automotive, Mobility, and Ford Credit. The Automotive segment sells Ford and Lincoln vehicles, service parts, and accessories through distributors and dealers, as well as through dealerships to commercial fleet customers, daily rental car companies, and governments. The Mobility segment designs and builds mobility services; and provides self-driving systems development services. The Ford Credit segment primarily engages in vehicle-related financing and leasing activities to and through automotive dealers. It provides retail installment sale contracts for new and used vehicles; and direct financing leases for new vehicles to retail and commercial customers, such as leasing companies, government entities, daily rental companies, and fleet customers. This segment also offers wholesale loans to dealers to finance the purchase of vehicle inventory; and loans to dealers to finance working capital and enhance dealership facilities, purchase dealership real estate, and other dealer vehicle programs. Ford Motor Company has a strategic collaboration with ARB Corporation Limited to develop a suite of aftermarket products for the new Ford Bronco. The company was founded in 1903 and is based in Dearborn, Michigan."
FTNT,Fortinet,Information Technology,Systems Software,"Sunnyvale, California",10/11/2018,2000,"Fortinet, Inc. provides broad, integrated, and automated cybersecurity solutions in the Americas, Europe, the Middle East, Africa, and the Asia Pacific. It offers FortiGate hardware and software licenses that provide various security and networking functions, including firewall, intrusion prevention, anti-malware, virtual private network, application control, web filtering, anti-spam, and wide area network acceleration. The company also provides FortiSwitch product family that offers secure switching solutions for connecting customers their end devices; FortiAP product family, which provides secure wireless networking solutions; FortiExtender, a hardware appliance; FortiAnalyzer product family, which offers centralized network logging, analyzing, and reporting solutions; and FortiManager product family that provides central and scalable management solution for its FortiGate products. It offers FortiWeb product family provides web application firewall solutions; FortiMail product family that secure email gateway solutions; FortiSandbox technology that delivers proactive detection and mitigation services; FortiClient that provides endpoint protection with pattern-based anti-malware, behavior-based exploit protection, web-filtering, and an application firewall; FortiToken and FortiAuthenticator product families for multi-factor authentication to safeguard systems, assets, and data; and FortiEDR/XDR, an endpoint protection solution that provides both comprehensive machine-learning anti-malware execution and real-time post-infection protection. The company provides security subscription, technical support, professional, and training services. It sells its security solutions to channel partners and directly to various customers in telecommunications, technology, government, financial services, education, retail, manufacturing, and healthcare industries. It has strategic alliance with Linksys. The company was founded in 2000 and is headquartered in Sunnyvale, California."
FTV,Fortive,Industrials,Industrial Machinery,"Everett, Washington",7/1/2016,2016,"Fortive Corporation designs, develops, manufactures, markets, and services professional and engineered products, software, and services worldwide. Its Intelligent Operating Solutions segment offers connected reliability tools; environment, health, safety, and quality enterprise software products; facility and asset lifecycle software; pre-construction planning and construction procurement solutions; ruggedized professional test tools; electric, pressure, and temperature calibration tools; and portable gas detection tools for a range of vertical end markets including manufacturing, process industries, healthcare, utilities and power, communications and electronics, and others. It markets its products and services under the ACCRUENT, FLUKE, FLUKE NETWORKS, GORDIAN, INDUSTRIAL SCIENTIFIC, INTELEX, and PRUFTECHNIK brands. The company's Precision Technologies segment provides electrical test and measurement instruments and services; energetic material devices; and sensor and control system solutions for power and energy, medical equipment, food and beverage, aerospace and defense, off-highway vehicles, electronics, semiconductors, and other general industrial markets. This segment markets its products under the ANDERSON-NEGELE, GEMS, SETRA, HENGSTLER-DYNAPAR, QUALITROL, PACIFIC SCIENTIFIC, KEITHLEY, and TEKTRONIX brands. Its Advanced Healthcare Solutions segment offers hardware and software products and services, including instrument and device reprocessing, instrument tracking, biomedical test tools, radiation safety monitoring, and asset management services; subscription-based surgical inventory management systems to facilitate inventory management and regulatory compliance, as well as technical, analytical, and compliance services to determine radiation exposure services under the ASP, CENSIS, CENSITRAC, EVOTECH, FLUKE BIOMEDICAL, INVETECH, LANDAUER, RAYSAFE, and STERRAD brands. Fortive Corporation was incorporated in 2015 and is headquartered in Everett, Washington."
FOXA,Fox Corporation (Class A),Communication Services,Movies & Entertainment,"New York City, New York",7/1/2013,2019,"Fox Corporation operates as a news, sports, and entertainment company in the United States. The company operates through Cable Network Programming; Television; and Other, Corporate and Eliminations segments. The Cable Network Programming segment produces and licenses news, business news, and sports content for distribution primarily through cable television systems, direct broadcast satellite operators, telecommunications companies, and online multi-channel video programming distributors. It operates FOX News, a national cable news channel; FOX Business, a business news national cable channel; FS1 and FS2 multi-sport national networks; FOX Sports Racing, a video programming service that comprises motor sports programming; and FOX Soccer Plus video programming network for live soccer and rugby competitions; FOX Deportes, a Spanish-language sports programming service; and Big Ten Network, a national video programming service. The Television segment acquires, produces, markets, and distributes broadcast network programming. It operates The FOX Network, a national television broadcast network that broadcasts sports programming and entertainment; MyNetworkTV, a programming distribution service; Fox Alternative Entertainment, a full-service production studio that develops and produces unscripted and alternative programming; Bento Box, which develops and produces animated programing; and Tubi, a free advertising-supported video-on-demand service. This segment owns and operates 29 broadcast television stations. The Other, Corporate and Eliminations segment owns the FOX Studios lot that provides production and post-production services, including 15 sound stages, 4 scoring and mixing stages, 2 broadcast studios, theaters and screening rooms, editing bays, and other production facilities in Los Angeles, California. The company was incorporated in 2018 and is based in New York, New York."
FOX,Fox Corporation (Class B),Communication Services,Movies & Entertainment,"New York City, New York",9/18/2015,2019,"Fox Corporation operates as a news, sports, and entertainment company in the United States. The company operates through Cable Network Programming; Television; and Other, Corporate and Eliminations segments. The Cable Network Programming segment produces and licenses news, business news, and sports content for distribution primarily through cable television systems, direct broadcast satellite operators, telecommunications companies, and online multi-channel video programming distributors. It operates FOX News, a national cable news channel; FOX Business, a business news national cable channel; FS1 and FS2 multi-sport national networks; FOX Sports Racing, a video programming service that comprises motor sports programming; and FOX Soccer Plus video programming network for live soccer and rugby competitions; FOX Deportes, a Spanish-language sports programming service; and Big Ten Network, a national video programming service. The Television segment acquires, produces, markets, and distributes broadcast network programming. It operates The FOX Network, a national television broadcast network that broadcasts sports programming and entertainment; MyNetworkTV, a programming distribution service; Fox Alternative Entertainment, a full-service production studio that develops and produces unscripted and alternative programming; Bento Box, which develops and produces animated programing; and Tubi, a free advertising-supported video-on-demand service. This segment owns and operates 29 broadcast television stations. The Other, Corporate and Eliminations segment owns the FOX Studios lot that provides production and post-production services, including 15 sound stages, 4 scoring and mixing stages, 2 broadcast studios, theaters and screening rooms, editing bays, and other production facilities in Los Angeles, California. The company was incorporated in 2018 and is based in New York, New York."
BEN,Franklin Templeton,Financials,Asset Management & Custody Banks,"San Mateo, California",4/30/1998,1947,"Franklin Resources, Inc. is a publicly owned asset management holding company. Through its subsidiaries, the firm provides its services to individuals, institutions, pension plans, trusts, and partnerships. It launches equity, fixed income, balanced, and multi-asset mutual funds through its subsidiaries. The firm invests in the public equity, fixed income, and alternative markets. Franklin Resources, Inc. was founded in 1947 and is based in San Mateo, California with an additional office in Hyderabad, India."
FCX,Freeport-McMoRan,Materials,Copper,"Phoenix, Arizona",,1912,"Freeport-McMoRan Inc. engages in the mining of mineral properties in North America, South America, and Indonesia. The company primarily explores for copper, gold, molybdenum, silver, and other metals, as well as oil and gas. Its assets include the Grasberg minerals district in Indonesia; Morenci, Bagdad, Safford, Sierrita, and Miami in Arizona; Tyrone and Chino in New Mexico; and Henderson and Climax in Colorado, North America, as well as Cerro Verde in Peru and El Abra in Chile. The company also operates a portfolio of oil and gas properties primarily located in offshore California and the Gulf of Mexico. As of December 31, 2020, it operated approximately 165 wells. The company was formerly known as Freeport-McMoRan Copper & Gold Inc. and changed its name to Freeport-McMoRan Inc. in July 2014. Freeport-McMoRan Inc. was incorporated in 1987 and is headquartered in Phoenix, Arizona."
GRMN,Garmin,Consumer Discretionary,Consumer Electronics,"Schaffhausen, Switzerland",12/12/2012,1989,"Garmin Ltd. designs, develops, manufactures, markets, and distributes a range of navigation, communication, and information devices in the Americas, the Asia Pacific, Australian Continent, Europe, the Middle East, and Africa. Its Fitness segment offers running and multi-sport watches; cycling products; activity tracking and smartwatch devices; and fitness and cycling accessories. This segment also provides Garmin Connect and Garmin Connect Mobile, which are web and mobile platforms; and Connect IQ, an application development platform. The company's Outdoor segment offers adventure watches, outdoor handhelds, golf devices, and dog tracking and training devices. Its Aviation segment designs, manufactures, and markets various aircraft avionics solutions comprising integrated flight decks, electronic flight displays and instrumentation, navigation and communication products, automatic flight control systems and safety-enhancing technologies, audio control systems, engine indication systems, traffic awareness and avoidance solutions, ADS-B and transponder solutions, weather information and avoidance solutions, datalink and connectivity solutions, portable GPS navigators and wearables, and various services products. The company's Marine segment provides chartplotters and multi-function displays, cartography products, fish finders, sonar products, autopilot systems, radars, compliant instrument displays and sensors, VHF communication radios, handhelds and wearable devices, sailing products, entertainment, digital switching products, and trolling motors. Its Auto segment offers embedded computing models and infotainment systems; personal navigation devices; and cameras. The company sells its products through independent retailers, online retailers, dealers, distributors, installation and repair shops, and original equipment manufacturers, as well as an online webshop, garmin.com. Garmin Ltd. was founded in 1989 and is based in Schaffhausen, Switzerland."
IT,Gartner,Information Technology,IT Consulting & Other Services,"Stamford, Connecticut",4/5/2017,1979,"Gartner, Inc. operates as a research and advisory company in the United States, Canada, Europe, the Middle East, Africa, and internationally. It operates through three segments: Research, Conferences, and Consulting. The Research segment offers objective insights and advice on the priorities of various leaders in a range of functional areas of the enterprise through reports, briefings, proprietary tools, access to research expert, peer networking services, and membership programs that enable clients to drive organizational performance. This segment delivers its research primarily through a subscription service. The Conferences segment offers business professionals in an organization the opportunity to learn, share, and network. The Consulting segment offers market research, custom analysis, and on-the-ground support services. This segment also offers actionable solutions for IT-related priorities, including IT cost optimization, digital transformation, and IT sourcing optimization. Gartner, Inc. was founded in 1979 and is headquartered in Stamford, Connecticut."
GEHC,GE HealthCare,Health Care,Health Care Technology,"Chicago, Illinois",1/4/2023,1994,"GE HealthCare Technologies Inc. is a medical technology company that provides a broad range of products, services, and digital solutions, including medical imaging, patient monitoring, and diagnostics. The company serves healthcare providers globally, helping them improve patient outcomes and increase efficiency. GE HealthCare is headquartered in Chicago, Illinois."
GEN,Gen Digital,Information Technology,Application Software,"Tempe, Arizona",3/25/2003,1982,"Gen Digital Inc., formerly known as NortonLifeLock, is a global company focused on providing cybersecurity and digital freedom solutions for consumers. It offers a range of products and services including antivirus software, identity theft protection, and VPN services. Gen Digital's mission is to empower people to live their digital lives safely, privately, and confidently, with headquarters in Tempe, Arizona."
GNRC,Generac,Industrials,Electrical Components & Equipment,"Waukesha, Wisconsin",3/22/2021,1959,"Generac Holdings Inc. designs, manufactures, and sells power generation equipment, energy storage systems, and other power products for the residential, and light commercial and industrial markets worldwide. The company offers engines, alternators, transfer switches, and other components fueled by natural gas, liquid propane, gasoline, diesel, and bi-fuel; and batteries and inverters. It also provides residential automatic standby generators ranging in output from 7.5kW to 150kW; air-cooled engine residential standby generators ranging from 7.5kW to 24kW; liquid-cooled engine generators with outputs ranging from 22kW to 150kW; and Mobile Link, a remote monitoring system for home standby generators. In addition, the company offers various portable generators ranging in size from 800W to 17.5kW; engine driven power washers; water pumps; outdoor power equipment, such as trimmers and brush mowers, log splitters, lawn and leaf vacuums, and chipper shredders; and clean energy solution under the PWRcell and PWRview brands. Further, it provides light towers, mobile generators, and flameless heaters; light-commercial standby generators ranging from 22kW to 150kW and related transfer switches providing three-phase power for small and mid-sized businesses; and industrial generators ranging in output from 10kW up to 3,250kW used as emergency backup for healthcare, telecom, datacom, commercial office, retail, municipal, and manufacturing markets. Additionally, the company sells aftermarket service parts and product accessories to dealers. It distributes its products through independent residential dealers, industrial distributors and dealers, national and regional retailers, e-commerce partners, electrical, HVAC and solar wholesalers, catalogs, equipment rental companies and distributors, and solar installers; and directly to end users. Generac Holdings Inc. was founded in 1959 and is headquartered in Waukesha, Wisconsin."
GD,General Dynamics,Industrials,Aerospace & Defense,"Falls Church, Virginia",3/4/1957,1899,"General Dynamics Corporation is an aerospace and defense company that offers a broad portfolio of products and services in business aviation; land and sea combat vehicles and systems; armaments; and technology products and services. The company operates through various segments, including Aerospace, Combat Systems, Marine Systems, and Technologies. General Dynamics is headquartered in the United States."
GE,General Electric,Industrials,Industrial Conglomerates,"Boston, Massachusetts",3/4/1957,1892,"General Electric Company operates as a high-tech industrial company worldwide. The company's Power segment offers heavy-duty and aeroderivative gas turbines for utilities, independent power producers, and industrial applications; maintenance, service, and upgrade solutions to plant assets and their operational lifecycle; steam power technology for fossil and nuclear applications, including boilers, generators, steam turbines, and air quality control systems; and advanced reactor technologies solutions comprising reactors, fuels, and support services for boiling water reactors. This segment also applies the science and systems of power conversion to provide motors, generators, automation, and control equipment; and drives for energy intensive industries, such as marine, oil and gas, mining, rail, metals, test systems, and water. Its Renewable Energy segment provides various solutions for its customers through combining onshore and offshore wind, blades, hydro, storage, solar, and grid solutions, as well as hybrid renewables and digital services offerings. The company's Aviation segment designs and produces commercial and military aircraft engines, integrated engine components, electric power, and mechanical aircraft systems; and provides aftermarket services. Its Healthcare segment develops, manufactures, markets, and services magnetic resonance, computed tomography, molecular imaging, x-ray and high-frequency soundwave systems, clinical monitoring and acute care systems, enterprise digital, artificial intelligence applications, consulting and command center, and complementary software and services; and researches, manufactures, and markets imaging agents. The company's Capital segment offers aviation leasing and financing, and working capital services; financial solutions and underwriting capabilities; and insurance and reinsurance for life and health risks, as well as annuity products. The company was founded in 1878 and is headquartered in Boston, Massachusetts."
GIS,General Mills,Consumer Staples,Packaged Foods & Meats,"Golden Valley, Minnesota",3/4/1957,1856,"General Mills, Inc. manufactures and markets branded consumer foods worldwide. The company operates in five segments: North America Retail; Convenience Stores & Foodservice; Europe & Australia; Asia & Latin America; and Pet. It offers ready-to-eat cereals, refrigerated yogurt, soup, meal kits, refrigerated and frozen dough products, dessert and baking mixes, frozen pizza and pizza snacks, snack bars, fruit snacks, nutrition bars, and savory snacks, as well as organic products, including refrigerated yogurt, frozen and shelf-stable vegetables, meal kits, salty snacks, ready-to-eat cereal, and grain snacks. It also supplies branded and unbranded food products to the North American foodservice and commercial baking industries; and manufactures and markets pet food products, including dog and cat food. The company markets its products under the Annie's, Betty Crocker, Bisquick, Blue Buffalo, BLUE Basics, BLUE Freedom, BLUE Wilderness, Bugles, Cascadian Farm, Cheerios, Chex, Cinnamon Toast Crunch, Cocoa Puffs, Cookie Crisp, EPIC, Fiber One, Food Should Taste Good, Fruit by the Foot, Fruit Gushers, Fruit Roll-Ups, Gardetto's, Go-Gurt, Gold Medal, Golden Grahams, H√É¬§agen-Dazs, Helpers, Jus-Rol, Kitano, Kix, L√É¬§rabar, Latina, Libert√É¬©, Lucky Charms, Muir Glen, Nature Valley, Oatmeal Crisp, Old El Paso, Oui, Pillsbury, Progresso, Raisin Nut Bran, Total, Totino's, Trix, Wanchai Ferry, Wheaties, Yoki, and Yoplait trademarks. General Mills, Inc. sells its products directly, as well as through broker and distribution arrangements to grocery stores, mass merchandisers, membership stores, natural food chains, e-commerce retailers, commercial and noncommercial foodservice distributors and operators, restaurants, convenience stores, and pet specialty stores, as well as drug, dollar, and discount chains. It operates 500 leased and 358 franchise branded ice cream parlors. General Mills, Inc. was founded in 1866 and is headquartered in Minneapolis, Minnesota."
GM,General Motors,Consumer Discretionary,Automobile Manufacturers,"Detroit, Michigan",6/6/2013,1908,"General Motors Company designs, builds, and sells cars, trucks, crossovers, and automobile parts worldwide. The company operates through GM North America, GM International, Cruise, and GM Financial segments. It markets its vehicles primarily under the Buick, Cadillac, Chevrolet, GMC, Holden, Baojun, and Wuling brand names. The company also sells trucks, crossovers, and cars to dealers for consumer retail sales, as well as to fleet customers, including daily rental car companies, commercial fleet customers, leasing companies, and governments. In addition, it offers safety and security services for retail and fleet customers, including automatic crash response, emergency services, roadside assistance, crisis assist, stolen vehicle assistance, and turn-by-turn navigation, as well as connected services comprising mobile applications for owners to remotely control their vehicles and electric vehicle owners to locate charging stations, on-demand vehicle diagnostics, smart driver, marketplace in-vehicle commerce, connected navigation, SiriusXM with 360L, and 4G LTE wireless connectivity. Further, the company provides automotive financing services; and operates an online store. General Motors Company was founded in 1908 and is headquartered in Detroit, Michigan."
GPC,Genuine Parts Company,Consumer Discretionary,Specialty Stores,"Atlanta, Georgia",12/31/1973,1925,"Genuine Parts Company distributes automotive replacement parts, and industrial parts and materials. The company distributes automotive replacement parts for imported vehicles, hybrid and electric vehicles, trucks, SUVs, buses, motorcycles, recreational vehicles, farm vehicles, small engines, farm equipment, marine equipment, and heavy duty equipment; and accessory and supply items used by various automotive aftermarket customers, such as repair shops, service stations, fleet operators, automobile and truck dealers, leasing companies, bus and truck lines, mass merchandisers, farms, industrial concerns, and individuals. It also distributes industrial replacement parts and related supplies, such as bearings, mechanical and electrical power transmission products, industrial automation and robotics, hoses, hydraulic and pneumatic components, industrial and safety supplies, and material handling products for original equipment manufacturer, as well as maintenance, repair, and operation customers in equipment and machinery, food and beverage, forest product, primary metal, pulp and paper, mining, automotive, oil and gas, petrochemical, pharmaceutical, power generation, alternative energy, governments, transportation, ports, and other industries. In addition, the company provides various services and repairs comprising gearbox and fluid power and process pump assembly and repair, hydraulic drive shaft repair, electrical panel assembly and repair, hose and gasket manufacture and assembly, and other value-added services. It operates in in the United States, Canada, France, the United Kingdom, Germany, Poland, the Netherlands, Belgium, Australia, New Zealand, Mexico, Indonesia, and Singapore. The company was incorporated in 1928 and is headquartered in Atlanta, Georgia."
GILD,Gilead Sciences,Health Care,Biotechnology,"Foster City, California",7/1/2004,1987,"Gilead Sciences, Inc., a research-based biopharmaceutical company, discovers, develops, and commercializes medicines in the areas of unmet medical need in the United States, Europe, and internationally. The company provides Biktarvy, Genvoya, Descovy, Odefsey, Truvada, Complera/ Eviplera, Stribild, and Atripla products for the treatment of human immunodeficiency virus (HIV) infection; Veklury, an injection for intravenous use, for the treatment of coronavirus disease 2019; and Epclusa, Harvoni, Vosevi, Vemlidy, and Viread for the treatment of liver diseases. It also offers Yescarta, Tecartus, Trodelvy, and Zydelig products for the treatment of hematology, oncology, and cell therapy patients. In addition, the company provides Letairis, an oral formulation for the treatment of pulmonary arterial hypertension; Ranexa, an oral formulation for the treatment of chronic angina; and AmBisome, a liposomal formulation for the treatment of serious invasive fungal infections. Gilead Sciences, Inc. has collaboration agreements with Arcus Biosciences, Inc.; Pionyr; Tizona; Tango Therapeutics, Inc.; Jounce Therapeutics, Inc.; Galapagos; Janssen; Japan Tobacco, Inc.; Gadeta; Bristol-Myers Squibb Company; Merck; and Novo Nordisk A/S. The company was founded in 1987 and is headquartered in Foster City, California."
GL,Globe Life,Financials,Life & Health Insurance,"McKinney, Texas",4/30/1989,1900,"Globe Life Inc., through its subsidiaries, provides various life and supplemental health insurance products, and annuities to lower middle to middle income households in the United States. The company operates through four segments: Life Insurance, Supplemental Health Insurance, Annuities, and Investments. It offers whole life, term life, and other life insurance products; Medicare supplement and supplemental health insurance, such as critical illness and accident plans; and single-premium and flexible-premium deferred annuities. The company was formerly known as Torchmark Corporation and changed its name to Globe Life Inc. in August 2019. Globe Life Inc. was incorporated in 1979 and is headquartered in McKinney, Texas."
GPN,Global Payments,Information Technology,Data Processing & Outsourced Services,"Atlanta, Georgia",4/25/2016,2000,"Global Payments Inc. provides payment technology and software solutions for card, electronic, check, and digital-based payments in the Americas, Europe, and the Asia-Pacific. The company operates through three segments: Merchant Solutions, Issuer Solutions, and Business and Consumer Solutions. The Merchant Solutions segment offers authorization services, settlement and funding services, customer support and help-desk functions, chargeback resolution, terminal rental, sales and deployment, payment security services, consolidated billing and statements, and on-line reporting services. This segment also provides an array of enterprise software solutions that streamline business operations of its customers in various vertical markets; and value-added services, such as point-of-sale solutions, and analytic and engagement tools, as well as payroll and human capital management services. The Issuer Solutions segment offers solutions that enable financial institutions and retailers to manage their card portfolios through a platform; and commercial payments and ePayables solutions for businesses and governments. The Business and Consumer Solutions segment provides general-purpose reloadable prepaid debit and payroll cards, demand deposit accounts, and other financial service solutions to the underbanked and other consumers, and businesses under the Netspend brand. It markets its products and services through direct sales force, trade associations, agent and enterprise software providers, referral arrangements with value-added resellers, and independent sales organizations. The company was founded in 1967 and is headquartered in Atlanta, Georgia."
GS,Goldman Sachs,Financials,Investment Banking & Brokerage,"New York City, New York",7/22/2002,1869,"The Goldman Sachs Group, Inc., a financial institution, provides range of financial services for corporations, financial institutions, governments, and individuals worldwide. It operates through four segments: Investment Banking, Global Markets, Asset Management, and Consumer & Wealth Management. The company's Investment Banking segment provides financial advisory services, including strategic advisory assignments related to mergers and acquisitions, divestitures, corporate defense activities, restructurings, and spin-offs; and middle-market lending, relationship lending, and acquisition financing, as well as transaction banking services. This segment also offers underwriting services, such as equity underwriting for common and preferred stock and convertible and exchangeable securities; and debt underwriting for various types of debt instruments, including investment-grade and high-yield debt, bank and bridge loans, and emerging- and growth-market debt, as well as originates structured securities. Its Global Markets segment is involved in client execution activities for cash and derivative instruments; credit and interest rate products; and provision of equity intermediation and equity financing, clearing, settlement, and custody services, as well as mortgages, currencies, commodities, and equities related products. The company's Asset Management segment manages assets across various asset classes, including equity, fixed income, hedge funds, credit funds, private equity, real estate, currencies, and commodities; and provides customized investment advisory solutions, as well as invests in corporate, real estate, and infrastructure entities. Its Consumer & Wealth Management segment offers wealth advisory and banking services, including financial planning, investment management, deposit taking, and lending; private banking; and unsecured loans, as well as accepts saving and time deposits. The company was founded in 1869 and is headquartered in New York, New York."
HAL,Halliburton,Energy,Oil & Gas Equipment & Services,"Houston, Texas",3/4/1957,1919,"Halliburton Company provides a range of services and products to oil and natural gas companies worldwide. The company's Completion and Production segment offers production enhancement services, including stimulation and sand control services; and cementing services, such as well bonding and casing, as well as provides casing equipment. It also provides completion tools that offer downhole solutions and services, including well completion products and services, intelligent well completions, liner hanger and sand control systems, and service tools; production solutions comprising coiled tubing, hydraulic workover units, downhole tools, pumping services, and nitrogen services; and pipeline and process services, such as pre-commissioning, commissioning, maintenance, and decommissioning. In addition, this segment offers electrical submersible pumps, as well as artificial lift services. The company's Drilling and Evaluation segment provides drilling fluid systems, performance additives, completion fluids, solids control, specialized testing equipment, and waste management services; oilfield completion, production, and downstream water and process treatment chemicals and services; and drilling systems and services. It also offers wireline and perforating services, including open-hole logging, and cased-hole and slickline; and drill bits and services comprising roller cone rock bits, fixed cutter bits, hole enlargement, and related downhole tools and services, as well as coring equipment and services. In addition, this segment provides cloud based digital services and artificial intelligence solutions on an open architecture for subsurface insights, integrated well construction, and reservoir and production management; testing and subsea services, such as acquisition and analysis of reservoir information and optimization solutions; and project management and integrated asset management services. Halliburton Company was founded in 1919 and is based in Houston, Texas."
HIG,Hartford (The),Financials,Property & Casualty Insurance,"Hartford, Connecticut",3/4/1957,1810,"The Hartford Financial Services Group, Inc. provides insurance and financial services to individual and business customers in the United States, the United Kingdom, continental Europe, and internationally. Its Commercial Lines segment offers workers' compensation, property, automobile, liability, umbrella, bond, marine, livestock, and reinsurance; and customized insurance products and risk management services, including professional liability, bond, surety, and specialty casualty coverages through regional offices, branches, sales and policyholder service centers, independent retail agents and brokers, wholesale agents, and reinsurance brokers. The company's Personal Lines segment provides automobile, homeowners, and personal umbrella coverages through direct-to-consumer channel and independent agents. Its Property & Casualty Other Operations segment offers coverage for asbestos and environmental exposures. The company's Group Benefits segment provides group life, disability, and other group coverages to members of employer groups, associations, and affinity groups through direct insurance policies; reinsurance to other insurance companies; employer paid and voluntary product coverages; disability underwriting, administration, and claims processing to self-funded employer plans; and a single-company leave management solution. This segment distributes its group insurance products and services through brokers, consultants, third-party administrators, trade associations, and private exchanges. Its Hartford Funds segment offers investment products for retail and retirement accounts; exchange-traded products through broker-dealer organizations, independent financial advisers, defined contribution plans, financial consultants, bank trust groups, and registered investment advisers; and investment management and administrative services, such as product design, implementation, and oversight. The company was founded in 1810 and is headquartered in Hartford, Connecticut."
HAS,Hasbro,Consumer Discretionary,Leisure Products,"Pawtucket, Rhode Island",9/30/1984,1923,"Hasbro, Inc., together with its subsidiaries, operates as a play and entertainment company. The company's U.S. and Canada segment markets and sells action figures, arts and crafts, and creative play products; electronic toys and related electronic interactive products; fashion and other dolls, infant products, play sets, preschool toys, plush products, and sports action blasters and accessories; and vehicles and toy-related specialty products, as well as traditional board games, and trading card and role-playing games primarily in the United States and Canada. Its International segment markets and sells toy and game products primarily in the Europe, the Asia Pacific, and Latin and South American regions. The company's Entertainment, Licensing and Digital segment engages in consumer products licensing, digital gaming, Hasbro legacy movie, and television entertainment operations. Its eOne segment acquires, finances, develops, produces, distributes, and sells entertainment content, including film, television, and music, as well as family programming, merchandising and licensing, digital content, and live entertainment. The company offers its products primarily under the MAGIC: THE GATHERING, MY LITTLE PONY, NERF, TRANSFORMERS, PLAY-DOH, MONOPOLY, BABY ALIVE, POWER RANGERS, PEPPA PIG, and PJ MASKS brands, as well as through premier partner brands. The company sells its products to wholesalers, distributors, chain stores, discount stores, drug stores, mail order houses, catalog stores, department stores, and other traditional retailers, as well as e-commerce retailers; and directly to customer through Hasbro PULSE e-commerce website. Hasbro, Inc. was founded in 1923 and is headquartered in Pawtucket, Rhode Island."
HCA,HCA Healthcare,Health Care,Health Care Facilities,"Nashville, Tennessee",1/27/2015,1968,"HCA Healthcare, Inc., through its subsidiaries, operates as a health care services company in the United States. The company operates general, acute care hospitals that offer medical and surgical services, including inpatient care, intensive care, cardiac care, diagnostic, and emergency services; and outpatient services, such as outpatient surgery, laboratory, radiology, respiratory therapy, cardiology, and physical therapy. It also operates psychiatric hospitals, which provide therapeutic programs comprising child, adolescent and adult psychiatric care, and adolescent and adult alcohol and drug abuse treatment and counseling. In addition, the company operates outpatient health care facilities consisting of freestanding ambulatory surgery centers, freestanding emergency care facilities, urgent care facilities, walk-in clinics, diagnostic and imaging centers, rehabilitation and physical therapy centers, radiation and oncology therapy centers, physician practices, and various other facilities. As of December 31, 2020, it operated 185 hospitals, which included 178 general, acute care hospitals, as well as five psychiatric hospitals and two rehabilitation hospitals; 121 freestanding surgery centers; and 21 freestanding endoscopy centers in 20 states and England. The company was formerly known as HCA Holdings, Inc. HCA Healthcare, Inc. was founded in 1968 and is headquartered in Nashville, Tennessee."
PEAK,Healthpeak,Real Estate,Health Care REITs,"Long Beach, California",3/31/2008,1985,"Healthpeak Properties, Inc. is a fully integrated real estate investment trust (REIT) and S&P 500 company. Healthpeak owns and develops high-quality real estate in the three private-pay healthcare asset classes of Life Science, Medical Office and Senior Housing, designed to provide stability through the inevitable industry cycles. At Healthpeak, we pair our deep understanding of the healthcare real estate market with a strong vision for long-term growth."
HSIC,Henry Schein,Health Care,Health Care Distributors,"Melville, New York",3/17/2015,1932,"Henry Schein, Inc. provides health care products and services to dental practitioners and laboratories, physician practices, government, institutional health care clinics, and other alternate care clinics worldwide. It operates in two segments, Health Care Distribution, and Technology and Value-Added Services. The Health Care Distribution segment offers dental products, including infection-control products, handpieces, preventatives, impression materials, composites, anesthetics, teeth, dental implants, gypsum, acrylics, articulators, abrasives, dental chairs, delivery units and lights, X-ray supplies and equipment, personal protective equipment, and high-tech and digital restoration equipment, as well as equipment repair services. This segment also provides medical products comprising branded and generic pharmaceuticals, vaccines, surgical products, diagnostic tests, infection-control products, X-ray products, equipment, and vitamins. The Technology and Value-Added Services segment offers software, technology, and other value-added services that include practice management software systems for dental and medical practitioners. This segment also provides value-added practice solutions, which comprise financial services on a non-recourse basis, e-services, practice technology, network, and hardware services, as well as continuing education services for practitioners, and consulting and other services. Henry Schein, Inc. was founded in 1932 and is headquartered in Melville, New York."
HSY,Hershey's,Consumer Staples,Packaged Foods & Meats,"Hershey, Pennsylvania",3/4/1957,1894,"The Hershey Company, together with its subsidiaries, manufactures and sells confectionery products and pantry items. The company operates in two segments, North America; and International and Other. It offers chocolate and non-chocolate confectionery products; gum and mint refreshment products comprising mints, chewing gums, and bubble gums; pantry items, such as baking ingredients, toppings, beverages, and sundae syrups; and snack items, including spreads, meat snacks, bars and snack bites, mixes, popcorn and protein bars, and cookies. The company provides its products primarily under the Hershey's, Reese's, Kisses, Jolly Rancher, Almond Joy, Brookside, barkTHINS, Cadbury, Good & Plenty, Heath, Kit Kat, Lancaster, Payday, Rolo, Twizzlers, Whoppers, York, Ice Breakers, Breathsavers, Bubble Yum, SkinnyPop, Pirate's Booty, Oatmega, Paqui, and ONE Bar brands, as well as under the Pelon Pelo Rico, IO-IO, and Sofit brands. It markets and sells its products to wholesale distributors, chain grocery stores, mass merchandisers, chain drug stores, vending companies, wholesale clubs, convenience stores, dollar stores, concessionaires, and department stores. The company was founded in 1894 and is headquartered in Hershey, Pennsylvania."
HES,Hess Corporation,Energy,Integrated Oil & Gas,"New York City, New York",5/31/1984,1919,"Hess Corporation, an exploration and production company, explores, develops, produces, purchases, transports, and sells crude oil, natural gas liquids (NGLs), and natural gas. The company operates through two segments, Exploration and Production, and Marketing and Refining. It conducts production operations primarily in the United States, Denmark, the Malaysia/Thailand Joint Development Area, and Malaysia; and exploration activities primarily offshore Guyana, Suriname, Canada, and in the Gulf of Mexico. As of December 31, 2020, the company had total proved reserves of 1,077 million barrels of oil equivalent. It is also involved in the gathering, compressing, and processing of natural gas; fractionating NGLs; gathering, terminaling, loading, and transporting crude oil and NGLs through rail car; storing and terminaling propane, as well as providing water handling services primarily in the Bakken Shale plays in the Williston Basin area of North Dakota. The company was incorporated in 1920 and is headquartered in New York, New York."
HPE,Hewlett Packard Enterprise,Information Technology,"Technology Hardware, Storage & Peripherals","Houston, Texas",11/2/2015,2015,"Hewlett Packard Enterprise Company provides solutions that allow customers to capture, analyze, and act upon data seamlessly. The company offers general purpose servers for multi-workload computing and workload-optimized servers; HPE ProLiant rack and tower servers; HPE BladeSystem, HPE Synergy, and HPE ProLiant; storage solutions; and solutions for secondary workloads and traditional tape, storage networking, and disk products, such as HPE Modular Storage Arrays and HPE XP. It also offers HPE Apollo and Cray products; and HPE Superdome Flex, HPE Nonstop, HPE Integrity, HPE Moonshot, and HPE Edgeline products. Additionally, the company provides mobility and Internet of Things solutions under the Aruba brand, which include Wi-Fi access points, switches, routers, and sensors; such as cloud-based management, network management, network access control, analytics and assurance, and location services; and professional and support services, as well as as-a-service and consumption models for the intelligent edge portfolio of products. In addition, it offers various leasing, financing, IT consumption, and utility programs and asset management services for customers to facilitate technology deployment models and the acquisition of complete IT solutions, including hardware, software, and services from Hewlett Packard Enterprise and others. Further, the company invests in communications and media solutions, Hewlett Packard labs, and various business incubation projects. It serves commercial and large enterprise groups, including business and public sector enterprises; and through various partners comprising resellers, distribution partners, original equipment manufacturers, independent software vendors, systems integrators, and advisory firms. The company has strategic alliances with The Swiss National Supercomputing Centre and NVIDIA; Citrix Systems, Inc.; and Wipro Limited. Hewlett Packard Enterprise Company was founded in 1939 and is headquartered in Houston, Texas."
HLT,Hilton Worldwide,Consumer Discretionary,"Hotels, Resorts & Cruise Lines","Tysons Corner, Virginia",6/19/2017,1919,"Hilton Worldwide Holdings Inc., a hospitality company, owns, leases, manages, develops, and franchises hotels and resorts. It operates through two segments, Management and Franchise, and Ownership. The company engages in the hotel management and licensing of its brands. It operates hotels under the Waldorf Astoria Hotels & Resorts, LXR Hotels & Resorts, Conrad Hotels & Resorts, Canopy by Hilton, Tempo by Hilton, Motto by Hilton, Signia by Hilton, Hilton Hotels & Resorts, Curio Collection by Hilton, DoubleTree by Hilton, Tapestry Collection by Hilton, Embassy Suites by Hilton, Hilton Garden Inn, Hampton by Hilton, Tru by Hilton, Homewood Suites by Hilton, Home2 Suites by Hilton, and Hilton Grand Vacations. The company operates in North America, South America, and Central America, including various Caribbean nations; Europe, the Middle East, and Africa; and the Asia Pacific. As of December 31, 2020, the company had approximately 6,478 properties with 1,019,287 rooms in 119 countries and territories. Hilton Worldwide Holdings Inc. was founded in 1919 and is headquartered in McLean, Virginia."
HOLX,Hologic,Health Care,Health Care Equipment,"Marlborough, Massachusetts",3/30/2016,1985,"Hologic, Inc. develops, manufactures, and supplies diagnostics products, medical imaging systems, and surgical products for women's health through early detection and treatment in the United States, Europe, the Asia-Pacific, and internationally. It operates through four segments: Diagnostics, Breast Health, GYN Surgical, and Skeletal Health. The company provides Aptima molecular diagnostic assays to detect the infectious microorganisms; Aptima quantitative viral load tests for HIV, Hepatitis C, and Hepatitis B; Aptima SARS-CoV-2 and Panther Fusion SARS-CoV-2 assays for the detection of SARS-CoV-2; ThinPrep System for use in cytology applications; Rapid Fetal Fibronectin Test that assists physicians in assessing the risk of pre-term birth; and various diagnostic tests for the detection of Group B Streptococcus. It also offers breast imaging and analytics, such as 2D and 3D digital mammography systems and reading workstations, minimally invasive breast biopsy guidance systems and devices, breast biopsy site markers and localization, specimen radiology, and ultrasound and connectivity solutions; and breast conserving surgery products. In addition, the company provides NovaSure Endometrial Ablation System for the treatment of abnormal uterine bleeding; MyoSure Hysteroscopic Tissue Removal System for the removal of fibroids, polyps, and other pathology within the uterus; and Fluent Fluid Management System that provides liquid distention during diagnostic and operative hysteroscopic procedures. Further, it offers Horizon DXA, a dual energy X-ray system; and the Fluoroscan Insight FD mini C-arm to perform minimally invasive orthopedic surgical procedures. The company sells its products through direct sales and service forces, and independent distributors and sales representatives. It has a collaboration with RadNet, Inc. to advance the use of artificial intelligence in breast health. Hologic, Inc. was founded in 1985 and is headquartered in Marlborough, Massachusetts."
HD,Home Depot (The),Consumer Discretionary,Home Improvement Retail,"Atlanta, Georgia",3/31/1988,1978,"The Home Depot, Inc. operates as a home improvement retailer. It operates The Home Depot stores that sell various building materials, home improvement products, building materials, lawn and garden products, and d√É¬©cor products, as well as provide installation, home maintenance, and professional service programs to do-it-yourself and professional customers. The company also offers installation programs that include flooring, cabinets and cabinet makeovers, countertops, furnaces and central air systems, and windows; and professional installation in various categories sold through its stores and in-home sales programs, as well as acts as a general contractor to provide installation services to its do-it-for-me customers through third-party installers. In addition, it provides tool and equipment rental services. The company primarily serves homeowners; and professional renovators/remodelers, general contractors, handymen, property managers, building service contractors, and specialty tradesmen, such as electricians, plumbers, and painters. It also sells its products online. As of January 31, 2021, the company operated 2,296 retail stores in the United States, including the Commonwealth of Puerto Rico, and the territories of the U.S. Virgin Islands and Guam; Canada; and Mexico. The Home Depot, Inc. was incorporated in 1978 and is based in Atlanta, Georgia."
HON,Honeywell,Industrials,Industrial Conglomerates,"Charlotte, North Carolina",3/4/1957,1906,"one does not have significant operations. It intends to effect a merger, capital stock exchange, asset acquisition, stock purchase, reorganization, or other similar business combination with one or more operating businesses. The company was incorporated in 2020 and is based in San Francisco, California."
HRL,Hormel Foods,Consumer Staples,Packaged Foods & Meats,"Austin, Minnesota",3/4/2009,1891,"Hormel Foods Corporation produces and markets various meat and food products to retail, foodservice, deli, and commercial customers in the United States and internationally. The company operates through four segments: Grocery Products, Refrigerated Foods, Jennie-O Turkey Store, and International & Other. It offers various perishable meat products, including fresh meats, frozen items, refrigerated meal solutions, sausages, hams, guacamoles, and bacons; and shelf-stable products, such as canned luncheon meats, peanut butters, chilies, shelf-stable microwaveable meals, hashes, stews, meat spreads, flour and corn tortillas, salsas, tortilla chips, and other products. The company also provides turkey products; nutritional food products and supplements; dessert and drink mixes; and industrial gelatin products. It sells its products under the SKIPPY, SPAM, Hormel, Natural Choice, Applegate, Justin's, Jennie-O, Caf√É¬© H, Herdez, Black Label, Sadler's, Columbus, etc. brand names through sales personnel, as well as through independent brokers and distributors. The company was formerly known as Geo. A. Hormel & Company and changed its name to Hormel Foods Corporation in January 1995. Hormel Foods Corporation was founded in 1891 and is headquartered in Austin, Minnesota."
HST,Host Hotels & Resorts,Real Estate,Hotel & Resort REITs,"Bethesda, Maryland",3/20/2007,1993,"Host Hotels & Resorts, Inc. is an S&P 500 company and is the largest lodging real estate investment trust and one of the largest owners of luxury and upper-upscale hotels. The Company currently owns 74 properties in the United States and five properties internationally totaling approximately 46,100 rooms. The Company also holds non-controlling interests in six domestic and one international joint ventures. Guided by a disciplined approach to capital allocation and aggressive asset management, the Company partners with premium brands such as Marriott√Ç¬Æ, Ritz-Carlton√Ç¬Æ, Westin√Ç¬Æ, Sheraton√Ç¬Æ, W√Ç¬Æ, St. Regis√Ç¬Æ, The Luxury Collection√Ç¬Æ, Hyatt√Ç¬Æ, Fairmont√Ç¬Æ, Hilton√Ç¬Æ, Swiss√É¬¥tel√Ç¬Æ, ibis√Ç¬Æ and Novotel√Ç¬Æ, as well as independent brands. For additional information, please visit the Company's website at www.hosthotels.com."
HWM,Howmet Aerospace,Industrials,Aerospace & Defense,"Pittsburgh, Pennsylvania",3/4/1957,2016,"Howmet Aerospace Inc. provides advanced engineered solutions for the aerospace and transportation industries in the United States, Japan, France, Germany, the United Kingdom, Mexico, Italy, Canada, Poland, China, and internationally. It operates through four segments: Engine Products, Fastening Systems, Engineered Structures, and Forged Wheels. The Engine Products segment offers airfoils and seamless rolled rings primarily for aircraft engines and industrial gas turbines; and rotating parts, as well as structural parts. The Fastening Systems segment produces aerospace fastening systems and commercial transportation fasteners. The Engineered Structures segment provides titanium ingots and mill products for aerospace and defense applications; and aluminum and nickel forgings, and machined components and assemblies. The Forged Wheels segment offers forged aluminum wheels and related products for heavy-duty trucks and commercial transportation markets. The company was formerly known as Arconic Inc. The company was founded in 1888 and is based in Pittsburgh, Pennsylvania."
HPQ,HP Inc.,Information Technology,"Technology Hardware, Storage & Peripherals","Palo Alto, California",12/31/1974,1939 (2015),"HP Inc. provides personal computing and other access devices, imaging and printing products, and related technologies, solutions, and services in the United States and internationally. The company operates through three segments: Personal Systems, Printing, and Corporate Investments. The Personal Systems segment offers commercial and consumer desktop and notebook personal computers, workstations, thin clients, commercial mobility devices, retail point-of-sale systems, displays and other related accessories, software, support, and services. The Printing segment provides consumer and commercial printer hardware, supplies, solutions, and services, as well as scanning devices. The Corporate Investments segment includes HP Labs and business incubation projects. HP Inc. serves individual consumers, small- and medium-sized businesses, and large enterprises, including customers in the government, health, and education sectors. The company was formerly known as Hewlett-Packard Company and changed its name to HP Inc. in October 2015. HP Inc. was founded in 1939 and is headquartered in Palo Alto, California."
HUM,Humana,Health Care,Managed Health Care,"Louisville, Kentucky",,1961,"Humana Inc., together with its subsidiaries, operates as a health and well-being company in the United States. It operates through Retail, Group and Specialty, and Healthcare Services segments. The company offers medical and supplemental benefit plans to individuals. It also has a contract with Centers for Medicare and Medicaid Services to administer the Limited Income Newly Eligible Transition prescription drug plan program; and contracts with various states to provide Medicaid, dual eligible, and long-term support services benefits. In addition, the company provides commercial fully-insured medical and specialty health insurance benefits comprising dental, vision, and other supplemental health benefits; and administrative services only products to individuals and employer groups, as well as military services, such as TRICARE T2017 East Region contract. Further, it offers pharmacy solutions, provider services, predictive modeling and informatics services, and clinical care services, such as home health and other services to its health plan members, as well as to third parties. As of December 31, 2020, the company had approximately 17 million members in medical benefit plans, as well as approximately 5 million members in specialty products. Humana Inc. was incorporated in 1964 and is headquartered in Louisville, Kentucky."
HBAN,Huntington Bancshares,Financials,Regional Banks,"Columbus, Ohio; Detroit, Michigan",8/28/1997,1866,"Huntington Bancshares Incorporated is a regional bank holding company headquartered in Columbus, Ohio, with $123 billion of assets and a network of 839 branches, including 11 Private Client Group offices, and 1,322 ATMs across seven Midwestern states. Founded in 1866, The Huntington National Bank and its affiliates provide consumer, small business, commercial, treasury management, wealth management, brokerage, trust, and insurance services. Huntington also provides vehicle finance, equipment finance, national settlement, and capital market services that extend beyond its core states. Visit huntington.com for more information."
HII,Huntington Ingalls Industries,Industrials,Aerospace & Defense,"Newport News, Virginia",1/3/2018,2011,"Huntington Ingalls Industries, Inc. engages in designing, building, overhauling, and repairing military ships in the United States. It operates through three segments: Ingalls Shipbuilding, Newport News Shipbuilding, and Technical Solutions. The company is involved in the design and construction of non-nuclear ships comprising amphibious assault ships; expeditionary warfare ships; surface combatants; and national security cutters for the U.S. Navy and U.S. Coast Guard. It also provides nuclear-powered ships, such as aircraft carriers and submarines, as well as refueling and overhaul, and inactivation services. In addition, the company offers naval nuclear support services, including fleet services comprising design, construction, maintenance, and disposal activities for in service U.S. Navy nuclear ships; and maintenance services on nuclear reactor prototypes. Further, it provides life-cycle sustainment services, high-end information technology solutions, mission-based solutions, nuclear management and operations and environmental management services, defense and federal solutions, and unmanned systems. Huntington Ingalls Industries, Inc. was founded in 1886 and is headquartered in Newport News, Virginia."
IBM,IBM,Information Technology,IT Consulting & Other Services,"Armonk, New York",3/4/1957,1911,"International Business Machines Corporation provides integrated solutions and services worldwide. Its Cloud & Cognitive Software segment offers software for vertical and domain-specific solutions in health, financial services, supply chain, and asset management, weather, and security software and services application areas; and customer information control system and storage, and analytics and integration software solutions to support client mission critical on-premise workloads in banking, airline, and retail industries. It also offers middleware and data platform software, including Red Hat that enables the operation of clients' hybrid multi-cloud environments; and Cloud Paks, WebSphere distributed, and analytics platform software, such as DB2 distributed, information integration, and enterprise content management, as well as IoT, Blockchain and AI/Watson platforms. The company's Global Business Services segment offers business consulting services; system integration, application management, maintenance, and support services for packaged software; and finance, procurement, talent and engagement, and industry-specific business process outsourcing services. Its Global Technology Services segment provides IT infrastructure and platform services; and project, managed, outsourcing, and cloud-delivered services for enterprise IT infrastructure environments; and IT infrastructure support services. The company's Systems segment offers servers for businesses, cloud service providers, and scientific computing organizations; data storage products and solutions; and z/OS, an enterprise operating system, as well as Linux. Its Global Financing segment provides lease, installment payment, loan financing, short-term working capital financing, and remanufacturing and remarketing services. The company was formerly known as Computing-Tabulating-Recording Co. The company was incorporated in 1911 and is headquartered in Armonk, New York."
IEX,IDEX Corporation,Industrials,Industrial Machinery,"Lake Forest, Illinois",8/9/2019,1988,"IDEX Corporation, together with its subsidiaries, operates as an applied solutions company worldwide. The company operates through three segments: Fluid & Metering Technologies (FMT), Health & Science Technologies (HST), and Fire & Safety/Diversified Products (FSDP). The FMT segment designs, produces, and distributes positive displacement pumps, small volume provers, flow meters, injectors, and other fluid-handling pump modules and systems, as well as offers flow monitoring and other services for the food, chemical, general industrial, water and wastewater, agricultural, and energy industries. The HST segment provides precision fluidics, rotary lobe pumps, centrifugal and positive displacement pumps, roll compaction, and drying systems for use in beverage, food processing, pharmaceutical, and cosmetics; pneumatic components and sealing solutions, such as pumping solutions for analytical instrumentation, clinical diagnostics, and drug discovery; molded and extruded sealing components; custom mechanical and shaft seals; engineered hygienic mixers and valves; biocompatible medical devices and implantables; and air compressors. This segment also offers optical components and coatings for applications in the scientific research, defense, biotechnology, aerospace, telecommunications, and electronics manufacturing applications; laboratory and commercial equipment to produce micro and nano scale materials; precision photonic solutions; and precision gear and peristaltic pump technologies. The FSDP segment produces and distributes firefighting pumps, valves and controls, rescue tools, lifting bags, and other components and systems for the fire and rescue industry; engineered stainless steel banding and clamping devices for various industrial and commercial applications; and precision equipment for dispensing, metering, and mixing colorants and paints used in retail and commercial businesses. The company was incorporated in 1987 and is headquartered in Northbrook, Illinois."
IDXX,Idexx Laboratories,Health Care,Health Care Equipment,"Westbrook, Maine",1/5/2017,1983,"IDEXX Laboratories, Inc. develops, manufactures, and distributes products and services primarily for the companion animal veterinary, livestock and poultry, dairy, and water testing markets worldwide. The company operates through CAG; Water Quality Products; Livestock, Poultry and Dairy; and Other segments. It provides point-of-care veterinary diagnostic products, including instruments, consumables, and rapid assay test kits; veterinary reference laboratory diagnostic and consulting services; practice management and diagnostic imaging systems and services for veterinarians; and health monitoring, biological materials testing, and laboratory animal diagnostic instruments and services for biomedical research community. The company also offers diagnostic and health-monitoring products for livestock, poultry, and dairy; products that test water for various microbiological contaminants; and point-of-care electrolytes and blood gas analyzers and SARS-CoV-2 RT-PCR that are used in the human point-of-care medical diagnostics market; in-clinic chemistry, blood and urine chemistry, hematology, and SediVue Dx analyzers; SNAP rapid assays test kits. In addition, it provides Colilert, Colilert-18, and Colisure tests, which detect the presence of total coliforms and E. coli in water; Enterolert, Pseudalert, Filta-Max and Filta-Max xpress, Legiolert, and Quanti-Tray products; veterinary software and services for independent veterinary clinics and corporate groups. The company markets its products through marketing, customer service, sales, and technical service groups, as well as through independent distributors and other resellers. IDEXX Laboratories, Inc. was incorporated in 1983 and is headquartered in Westbrook, Maine."
ITW,Illinois Tool Works,Industrials,Industrial Machinery,"Glenview, Illinois",2/28/1986,1912,"Illinois Tool Works Inc. manufactures and sells industrial products and equipment worldwide. It operates through seven segments: Automotive OEM; Food Equipment; Test & Measurement and Electronics; Welding; Polymers & Fluids; Construction Products; and Specialty Products. The Automotive OEM segment offers plastic and metal components, fasteners, and assemblies for automobiles, light trucks, and other industrial uses. The Food Equipment segment provides warewashing, refrigeration, cooking, and food processing equipment; kitchen exhaust, ventilation, and pollution control systems; and food equipment maintenance and repair services. The Test & Measurement and Electronics segment produces and sells equipment, consumables, and related software for testing and measuring of materials and structures, as well as equipment and consumables used in the production of electronic subassemblies and microelectronics. The Welding segment produces arc welding equipment; and metal arc welding consumables and related accessories. The Polymers & Fluids segment produces adhesives, sealants, lubrication and cutting fluids, and fluids and polymers for auto aftermarket maintenance and appearance. The Construction Products segment offers engineered fastening systems and solutions for the residential construction, renovation/remodel, and commercial construction markets. The Specialty Products segment offers beverage packaging equipment and consumables, product coding and marking equipment and consumables, and appliance components and fasteners. It serves the automotive OEM/tiers, commercial food equipment, construction, general industrial, and automotive aftermarket end markets. The company distributes its products directly to industrial manufacturers, as well as through independent distributors. Illinois Tool Works Inc. was founded in 1912 and is headquartered in Glenview, Illinois."
ILMN,Illumina,Health Care,Life Sciences Tools & Services,"San Diego, California",11/19/2015,1998,"Illumina, Inc. provides sequencing and array-based solutions for genetic and genomic analysis. Its products and services serve customers in a range of markets enabling the adoption of genomic solutions in research and clinical settings for applications in the life sciences, oncology, reproductive health, agriculture, and other emerging segments. The company provides instruments and consumables used in genetic analysis; and genotyping and sequencing services, instrument service contracts, and development and licensing agreements. Its customers include genomic research centers, academic institutions, government laboratories, and hospitals, as well as pharmaceutical, biotechnology, commercial molecular diagnostic laboratories, and consumer genomics companies. The company markets and distributes its products directly to customers in North America, Europe, Latin America, and the Asia-Pacific region, as well as sells through life-science distributors in various markets within Europe, the Asia-Pacific region, Latin America, the Middle East, and Africa. It has a collaboration agreement with Geneseeq Technology Inc. to develop comprehensive in-vitro diagnostic (IVD) NGS testing kits for cancer. The company was incorporated in 1998 and is headquartered in San Diego, California."
INCY,Incyte,Health Care,Biotechnology,"Wilmington, Delaware",2/28/2017,1991,"Incyte Corporation, a biopharmaceutical company, focuses on the discovery, development, and commercialization of proprietary therapeutics in the United States and internationally. The company offers JAKAFI, a drug for the treatment of myelofibrosis and polycythemia vera cancers; PEMAZYRE, a fibroblast growth factor receptor kinase inhibitor for the treatment of adults; and ICLUSIG, a kinase inhibitor to treat chronic myeloid leukemia and philadelphia-chromosome positive acute lymphoblastic leukemia. Its clinical stage products include ruxolitinib, a drug that is in Phase III clinical trial for steroid-refractory chronic graft-versus-host-diseases (GVHD); itacitinib, which is in Phase III clinical trial to treat na√É¬Øve chronic GVHD; and pemigatinib that is in Phase II clinical trial for treating bladder cancer, cholangiocarcinoma, 8p11 myeloproliferative syndrome, and Tumor agnostic. In addition, the company engages in developing Parsaclisib, which is in Phase II clinical trial for follicular lymphoma, marginal zone lymphoma, and mantel cell lymphoma. Additionally, the company develops Retifanlimab that is in Phase II clinical trials for MSI-high endometrial cancer, merkel cell carcinoma, and anal cancer, as well as in Phase II clinical trials for patients with non-small cell lung cancer. It has collaboration agreements with Novartis International Pharmaceutical Ltd.; Eli Lilly and Company; Agenus Inc.; Calithera Biosciences, Inc; MacroGenics, Inc.; Merus N.V.; Syros Pharmaceuticals, Inc.; Innovent Biologics, Inc.; Zai Lab Limited; and Cellenkos, Inc., as well as clinical collaborations with MorphoSys AG and Xencor, Inc. to investigate the combination of tafasitamab, plamotamab, and lenalidomide in patients with relapsed or refractory diffuse large B-cell lymphoma, and relapsed or refractory follicular lymphoma. The company was incorporated in 1991 and is headquartered in Wilmington, Delaware."
IR,Ingersoll Rand,Industrials,Industrial Machinery,"Davidson, North Carolina",3/3/2020,1859,"Ingersoll Rand Inc. provides various mission-critical air, fluid, energy, specialty vehicle and medical technologies in the United States, Europe, the Middle East, Africa, and the Asia Pacific. It operates through four segments: Industrial Technologies and Services; Precision and Science Technologies; Specialty Vehicle Technologies; and High Pressure Solutions segments. The company offers air and gas compression, vacuum and blower products, fluid transfer and management equipment, loading systems, power tools and lifting equipment, displacement pumps, liquid and precision syringe pumps, and compressors, as well as as well as aftermarket parts, consumables, and services. It also designs, manufactures, and markets golf, utility, and consumer low-speed vehicles, as well as integrated systems. The company's products are used in medical, laboratory, industrial manufacturing, water and wastewater, chemical processing, drilling, hydraulic fracturing, well servicing applications, precision irrigation, energy, food and beverage, agriculture, and automated liquid handling end-markets, as well as various manufacturing, industrial facilities applications, and other activities. It serves to various industries and sectors. The company sells its products through an integrated network of direct sales representatives and independent distributors under the Ingersoll Rand, Gardner Denver, Club Car, CompAir, Nash, Elmo Rietschle, Robuschi, Thomas, Milton Roy, ARO, Emco Wheaton, and Runtech Systems brands. The company was formerly known as Gardner Denver Holdings, Inc. and changed its name to Ingersoll Rand Inc. in March 2020. Ingersoll Rand Inc. was founded in 1859 and is based in Davidson, North Carolina."
PODD,Insulet,Health Care,Health Care Equipment,"Acton, Massachusetts",3/15/2023,2000,"Insulet Corporation develops, manufactures, and sells insulin delivery systems for people with insulin-dependent diabetes. It offers Omnipod System, a self-adhesive disposable tubeless Omnipod device that is worn on the body for up to three days at a time, as well as wireless companion, the handheld personal diabetes manager. The company sells its products primarily through independent distributors and pharmacy channels, as well as directly in the United States, Canada, Europe, and the Middle East. Insulet Corporation was founded in 2000 and is headquartered in Acton, Massachusetts."
INTC,Intel,Information Technology,Semiconductors,"Santa Clara, California",12/31/1976,1968,"Intel Corporation designs, manufactures, and sells essential technologies for the cloud, smart, and connected devices for retail, industrial, and consumer uses worldwide. The company operates through DCG, IOTG, Mobileye, NSG, PSG, CCG, and All Other segments. It offers platform products, such as central processing units and chipsets, and system-on-chip and multichip packages; and non-platform or adjacent products comprising accelerators, boards and systems, connectivity products, and memory and storage products. The company also provides Internet of Things products, including high-performance compute solutions for targeted verticals and embedded applications; and computer vision and machine learning-based sensing, data analysis, localization, mapping, and driving policy technology. It serves original equipment manufacturers, original design manufacturers, and cloud service providers. Intel Corporation has a strategic partnership with MILA to develop and apply advances in artificial intelligence methods for enhancing the search in the space of drugs. The company was founded in 1968 and is headquartered in Santa Clara, California."
ICE,Intercontinental Exchange,Financials,Financial Exchanges & Data,"Atlanta, Georgia",9/26/2007,2000,"Intercontinental Exchange, Inc. operates regulated exchanges, clearing houses, and listings venues for commodity, financial, fixed income, and equity markets in the United States, the United Kingdom, the European Union, Singapore, Israel, and Canada. It operates through three segments: Exchanges, Fixed Income and Data Services, and Mortgage Technology. The company operates marketplaces for listing, trading, and clearing an array of derivatives contracts and financial securities, such as commodities, interest rates, foreign exchange, and equities, as well as corporate and exchange-traded funds; trading venues, including 12 regulated exchanges and six clearing houses; and offers futures and options products for energy, agricultural and metals, financial, cash equities and equity, over-the-counter, and other markets, as well as listings and data and connectivity services. It also provides fixed income data and analytic, fixed income execution, CDS clearing, and other multi-asset class data and network services. In addition, the company offers proprietary and comprehensive mortgage origination platform, which serves residential mortgage loans; network and closing solutions that provides customers connectivity to the mortgage supply chain and facilitates the secure exchange of information; data and analytics services; and Data as a Service for lenders to access data and origination information. Intercontinental Exchange, Inc. was founded in 2000 and is headquartered in Atlanta, Georgia."
IFF,International Flavors & Fragrances,Materials,Specialty Chemicals,"New York City, New York",3/31/1976,1958 (1889),"International Flavors & Fragrances Inc., together with its subsidiaries, manufactures and sells cosmetic active and natural health ingredients for use in various consumer products in Europe, Africa, the Middle East, Greater Asia, North America, and Latin America. It operates through four segments: Nourish, Scent, Health & Biosciences, and Pharma Solutions. The Nourish segment offers flavor compounds; savory solutions, such as marinades or powder blends of flavors, natural colors, seasonings, functional ingredients, and natural anti-oxidants; and inclusions. It also provides nutrition and specialty ingredients primarily consist of natural health ingredients, natural food protection products, and natural colors and flavor ingredients. The Scent segment provides fragrance compounds, which include fine fragrances comprising perfumes and colognes, as well as consumer fragrances; fragrance ingredients comprising synthetic and natural ingredients that could be combined with other materials to create fragrance and consumer compounds; and cosmetic active ingredients consisting of active and functional ingredients, botanicals, and delivery systems to support its customers' cosmetic and personal care product lines. The Health & Biosciences segment develops and produces enzymes, food cultures, probiotics, and specialty ingredients. The Pharma Solutions segment produces and sells cellulosics and alginates-based pharma excipients. The company sells its products primarily to manufacturers of perfumes and cosmetics, hair and other personal care products, soaps and detergents, cleaning products, dairy, meat and other processed foods, beverages, snacks and savory foods, sweet and baked goods, dietary supplements, infant and elderly nutrition, functional food, and pharmaceutical and oral care products. International Flavors & Fragrances Inc. was founded in 1833 and is headquartered in New York, New York."
IP,International Paper,Materials,Paper Packaging,"Memphis, Tennessee",3/4/1957,1898,"International Paper Company operates as a paper and packaging company primarily in United States, the Middle East, Europe, Africa, Pacific Rim, Asia, and rest of the Americas. It operates through three segments: Industrial Packaging, Global Cellulose Fibers, and Printing Papers. The Industrial Packaging segment manufactures containerboards, including linerboard, medium, whitetop, recycled linerboard, recycled medium, and saturating kraft. The Global Cellulose Fibers segment provides fluff, market, and specialty pulps that are used in absorbent hygiene products, such as baby diapers, feminine care, adult incontinence, and other non-woven products; tissue and paper products; and non-absorbent end applications, including textiles, filtration, construction material, paints and coatings, reinforced plastics, and other applications. The Printing Papers segment produces printing and writing papers, such as uncoated papers for end-use applications comprising brochures, pamphlets, greeting cards, books, annual reports, and direct mail, as well as envelopes, tablets, business forms, and file folders. It sells its uncoated papers under the Hammermill, Springhill, Williamsburg, Postmark, Accent, Great White, Chamex, Ballet, Rey, Pol, and Svetocopy brands. The company sells its products directly to end users and converters, as well as through agents, resellers, and paper distributors. International Paper Company was founded in 1898 and is headquartered in Memphis, Tennessee."
IPG,Interpublic Group of Companies (The),Communication Services,Advertising,"New York City, New York",10/1/1992,1961 (1930),"The Interpublic Group of Companies, Inc. provides advertising and marketing services worldwide. It operates in two segments, Integrated Agency Networks (IAN) and IPG DXTRA. The company offers consumer advertising, digital marketing, communications planning and media buying, public relations, and specialized communications disciplines, as well as data management services. It also provides various diversified services, including meeting and event production, sports and entertainment marketing, corporate and brand identity, and strategic marketing consulting. The company was formerly known as McCann-Erickson Incorporated and changed its name to The Interpublic Group of Companies, Inc. in January 1961. The Interpublic Group of Companies, Inc. was founded in 1902 and is headquartered in New York, New York."
INTU,Intuit,Information Technology,Application Software,"Mountain View, California",12/5/2000,1983,"Intuit Inc. provides financial management and compliance products and services for consumers, small businesses, self-employed, and accounting professionals in the United States, Canada, and internationally. The company operates in three segments: Small Business & Self-Employed, Consumer, and Strategic Partner. The Small Business & Self-Employed segment provides QuickBooks online services and desktop software solutions comprising QuickBooks Online Advanced, a cloud-based solution; QuickBooks Enterprise, a hosted solution; QuickBooks Self-Employed solution; and QuickBooks Online Accountant and QuickBooks Accountant Desktop Plus solutions; payroll solutions, such as online payroll processing, direct deposit of employee paychecks, payroll reports, electronic payment of federal and state payroll taxes, and electronic filing of federal and state payroll tax forms. This segment also offers payment-processing solutions, including credit and debit cards, and ACH payment services; and financial supplies and financing for small businesses. Its Consumer segment provides TurboTax income tax preparation products and services; and personal finance. The company's Strategic Partner segment offers Lacerte, ProSeries, and ProFile desktop tax-preparation software products; and ProConnect Tax Online tax products, electronic tax filing service, and bank products and related services. It sells products and services through various sales and distribution channels, including multi-channel shop-and-buy experiences, websites and call centers, mobile application stores, and retail and other channels. Intuit Inc. has a collaboration agreement with Red Hat, Inc. on Argo CD, a declarative continuous delivery tool for Kubernetes deployments. The company was founded in 1983 and is headquartered in Mountain View, California."
ISRG,Intuitive Surgical,Health Care,Health Care Equipment,"Sunnyvale, California",6/2/2008,1995,"Intuitive Surgical, Inc., together with its subsidiaries, designs, develops, manufactures, and markets da Vinci surgical systems, and related instruments and accessories in the United States and internationally. The company's da Vinci Surgical System include surgeon's consoles, patient-side carts, 3-D HD vision systems, skills simulators, da Vinci Xi integrated table motions, and Firefly fluorescence imaging products that enable surgeons to perform various surgical procedures, including gynecologic, urologic, general, cardiothoracic, and head and neck surgical procedures. It also manufactures EndoWrist instruments, such as forceps, scissors, electrocautery tools, scalpels, and other surgical tools, which incorporate wrist joints for natural dexterity for various surgical procedures; and provides SimNow, a cloud-enabled simulation platform, which allows surgeons to learn and practice their surgical skills; Iris, an augmented reality imaging product for use in kidney procedures; and Intuitive Cloud that enables proactive monitoring and software updates. In addition, the company offers EndoWrist Stapler, a wristed stapling instrument for resection, transection, and creation of anastomoses; EndoWrist One Vessel Sealers that are wristed single-use instruments for bipolar coagulation and mechanical transection of vessels up to 7mm in diameter and tissue bundles that fit in the jaws of the instrument; E-100 generator, an electrosurgical generator; SureForm 45 Curved-Tip stapler; and SynchroSeal for sealing and transection with a single pedal press. Additionally, the company sells various accessories comprising sterile drapes for ensuring sterile field during surgery; and vision products that include replacement 3D stereo endoscopes, camera heads, light guides, and other items that facilitate the use of the da Vinci Surgical System, as well as Ion endoluminal system for biopsies. Intuitive Surgical, Inc. was founded in 1995 and is headquartered in Sunnyvale, California."
IVZ,Invesco,Financials,Asset Management & Custody Banks,"Atlanta, Georgia",8/21/2008,1935,"Invesco Ltd. is a publicly owned investment manager. The firm provides its services to retail clients, institutional clients, high-net worth clients, public entities, corporations, unions, non-profit organizations, endowments, foundations, pension funds, financial institutions, and sovereign wealth funds. It manages separate client-focused equity and fixed income portfolios. The firm also launches equity, fixed income, commodity, multi-asset, and balanced mutual funds for its clients. It launches equity, fixed income, multi-asset, and balanced exchange-traded funds. The firm also launches and manages private funds. It invests in the public equity and fixed income markets across the globe. The firm also invests in alternative markets, such as commodities and currencies. For the equity portion of its portfolio, it invests in growth and value stocks of large-cap, mid-cap, and small-cap companies. For the fixed income portion of its portfolio, the firm invests in convertibles, government bonds, municipal bonds, treasury securities, and cash. It also invests in short term and intermediate term bonds, investment grade and high yield bonds, taxable and tax-free bonds, senior secured loans, and structured securities such as asset-backed securities, mortgage-backed securities, and commercial mortgage-backed securities. The firm employs absolute return, global macro, and long/short strategies. It employs quantitative analysis to make its investments. The firm was formerly known as Invesco Plc, AMVESCAP plc, Amvesco plc, Invesco PLC, Invesco MIM, and H. Lotery & Co. Ltd. Invesco Ltd. was founded in December 1935 and is based in Atlanta, Georgia with an additional office in Hamilton, Bermuda."
INVH,Invitation Homes,Real Estate,Residential REITs,"Dallas, Texas",9/19/2022,2012,"Invitation Homes is the nation's premier single-family home leasing company, meeting changing lifestyle demands by providing access to high-quality, updated homes with valued features such as close proximity to jobs and access to good schools. The company's mission, ""Together with you, we make a house a home,"" reflects its commitment to providing homes where individuals and families can thrive and high-touch service that continuously enhances residents' living experiences."
IQV,IQVIA,Health Care,Life Sciences Tools & Services,"Durham, North Carolina",8/29/2017,1982,"IQVIA Holdings Inc. provides advanced analytics, technology solutions, and clinical research services to the life sciences industry in the Americas, Europe, Africa, and the Asia-Pacific. It operates through three segments: Technology & Analytics Solutions, Research & Development Solutions, and Contract Sales & Medical Solutions. The Technology & Analytics Solutions segment offers a range of cloud-based applications and related implementation services; real world solutions that enable life sciences and provider customers to generate and disseminate evidence, which informs health care decision making and improves patients' outcomes; and strategic and implementation consulting services, such as advanced analytics and commercial processes outsourcing services. This segment also provides country level performance metrics related to sales of pharmaceutical products, prescribing trends, medical treatment, and promotional activity across various channels, including retail, hospital, and mail order; and measurement of sales or prescribing activity at the regional, zip code, and individual prescriber level. The Research & Development Solutions segment offers project management and clinical monitoring; clinical trial support; virtual trials; and strategic planning and design services, as well as central laboratory, genomic, bioanalytical, ADME, discovery, and vaccine and biomarker laboratory services. The Contract Sales & Medical Solutions segment provides health care provider and patient engagement services, and scientific strategy and medical affairs services. It serves pharmaceutical, biotechnology, device and diagnostic, and consumer health companies. The company was formerly known as Quintiles IMS Holdings, Inc. and changed its name to IQVIA Holdings Inc. in November 2017. IQVIA Holdings Inc. was founded in 1982 and is headquartered in Durham, North Carolina."
IRM,Iron Mountain,Real Estate,Specialized REITs,"Boston, Massachusetts",1/6/2009,1951,"Iron Mountain Incorporated (NYSE: IRM), founded in 1951, is the global leader for storage and information management services. Trusted by more than 225,000 organizations around the world, and with a real estate network of more than 90 million square feet across approximately 1,450 facilities in approximately 50 countries, Iron Mountain stores and protects billions of valued assets, including critical business information, highly sensitive data, and cultural and historical artifacts. Providing solutions that include secure records storage, information management, digital transformation, secure destruction, as well as data centers, cloud services and art storage and logistics, Iron Mountain helps customers lower cost and risk, comply with regulations, recover from disaster, and enable a more digital way of working."
JBHT,J.B. Hunt,Industrials,Trucking,"Lowell, Arkansas",7/1/2015,1961,"J.B. Hunt Transport Services, Inc. provides surface transportation and delivery services in North America. It operates through five segments: Intermodal (JBI), Dedicated Contract Services (DCS), Integrated Capacity Solutions (ICS), Final Mile Services (FMS), and Truckload (JBT). The JBI segment offers intermodal freight solutions. It operates 98,689 pieces of company-owned trailing equipment; owns and maintains its own chassis fleet of 83,259 units; and manages a fleet of 5,166 company-owned tractors, 497 independent contractor trucks, and 6,745 company drivers. The DCS segment designs, develops, and executes supply-chain solutions that support various transportation networks. It operates 9,408 company-owned trucks, 498 customer-owned trucks, and 5 independent contractor trucks; and 19,573 owned pieces of trailing equipment and 7,717 customer-owned trailers. The ICS segment offers traditional freight brokerage and transportation logistics solutions; and flatbed, refrigerated, expedited, and less-than-truckload solutions, as well as various dry-van and intermodal solutions. It provides an online multimodal marketplace; and single-source logistics management for customers that desire to outsource their transportation functions. The FMS segment provides delivery services. It operates 1,255 company-owned trucks, 265 customer-owned trucks, and 33 independent contractor trucks; and 963 owned pieces of trailing equipment and 159 customer-owned trailers. The JBT segment offers full-load and dry-van freight services by utilizing tractors operating over roads and highways. It operates 798 company-owned tractors. It also transports or arranges for the transportation of freight, such as general merchandise, specialty consumer items, appliances, forest and paper products, food and beverages, building materials, soaps and cosmetics, automotive parts, agricultural products, electronics, and chemicals. The company was incorporated in 1961 and is headquartered in Lowell, Arkansas."
JKHY,Jack Henry & Associates,Information Technology,Data Processing & Outsourced Services,"Monett, Missouri",11/13/2018,1976,"Jack Henry & Associates, Inc. provides technology solutions and payment processing services primarily for financial services organizations in the United States. The company offers information and transaction processing solutions for banks ranging from community to multi-billion-dollar asset institutions under the Jack Henry Banking brand; core data processing solutions for various credit unions under the Symitar brand; and specialized financial performance, imaging and payments processing, information security and risk management, retail delivery, and online and mobile solutions to financial institutions and corporate entities under the ProfitStars brand. It also provides a suite of integrated applications required to process deposit, loan, and general ledger transactions, as well as to maintain centralized customer/member information; and complementary products and services that enable core bank and credit union clients to respond to evolving customer/member demands. The company's Jack Henry Banking business brand offers SilverLake, a robust primarily designed for commercial-focused banks; CIF 20/20, a parameter-driven, easy-to-use system for banks; and Core Director, a cost-efficient system with point-and-click operation. Its Symitar business brand provides Episys, a robust designed for credit unions; and CruiseNet, a cost-efficient system designed primarily for credit unions. In addition, the company offers electronic payment solutions; purchases and resells hardware systems, including servers, workstations, scanners, and other devices; and provides implementation, training, and support services. Jack Henry & Associates, Inc. was founded in 1976 and is headquartered in Monett, Missouri."
J,Jacobs Solutions,Industrials,Construction & Engineering,"Dallas, Texas",10/26/2007,1947,"Jacobs Engineering Group Inc. provides consulting, technical, scientific, and project delivery services for the government and private sectors in the United States, Europe, Canada, India, rest of Asia, Australia, New Zealand, South America, Mexico, the Middle East, and Africa. The company operates in two segments, Critical Mission Solutions and People & Places Solutions. The Critical Mission Solutions segment provides cybersecurity, data analytics, systems and software application integration and consulting, enterprise and mission IT, engineering and design, nuclear, enterprise level operations and maintenance, and other technical consulting solutions. The People & Places Solutions segment offers data analytics, artificial intelligence and automation, software development, digitally driven consulting, planning and architecture, program management, and other technical consulting solutions. The company is also involved in the management and execution of wind-tunnel design-build projects; and design-build for water and construction management. Jacobs Engineering Group Inc. was founded in 1947 and is headquartered in Dallas, Texas."
JNJ,Johnson & Johnson,Health Care,Pharmaceuticals,"New Brunswick, New Jersey",6/30/1973,1886,"Johnson & Johnson researches and develops, manufactures, and sells a range of products in the health care field worldwide. It operates through three segments: Consumer Health, Pharmaceutical, and Medical Devices. The Consumer Health segment offers baby care products under the JOHNSON'S and AVEENO Baby brands; oral care products under the LISTERINE brand; skin health/beauty products under the AVEENO, CLEAN & CLEAR, DR. CI:LABO, NEUTROGENA, and OGX brands; acetaminophen products under the TYLENOL brand; cold, flu, and allergy products under the SUDAFED brand; allergy products under the BENADRYL and ZYRTEC brands; ibuprofen products under the MOTRIN IB brand; smoking cessation products under the NICORETTE brand; and acid reflux products under the PEPCID brand. This segment also provides women's health products, such as sanitary pads and tampons under the STAYFREE, CAREFREE, and o.b. brands; wound care products comprising adhesive bandages under the BAND-AID brand; and first aid products under the NEOSPORIN brand. The Pharmaceutical segment offers products in various therapeutic areas, including immunology, infectious diseases, neuroscience, oncology, pulmonary hypertension, and cardiovascular and metabolic diseases. The Medical Devices segment provides electrophysiology products to treat cardiovascular diseases and neurovascular care products to treat hemorrhagic and ischemic stroke; orthopaedics products in support of hips, knees, trauma, spine, sports, and other; advanced and general surgery solutions that focus on breast aesthetics, ear, nose, and throat procedures; and disposable contact lenses and ophthalmic products related to cataract and laser refractive surgery under the ACUVUE brand. The company markets its products to general public, and retail outlets and distributors, as well as distributes directly to wholesalers, hospitals, and health care professionals for prescription use. Johnson & Johnson was founded in 1886 and is based in New Brunswick, New Jersey."
JCI,Johnson Controls,Industrials,Building Products,"Cork, Ireland",8/27/2010,1885,"Johnson Controls International plc operates as a diversified technology and multi industrial company worldwide. It operates through Building Solutions North America, Building Solutions EMEA/LA, Building Solutions Asia Pacific, and Global Products segments. The company designs, sells, installs, and services heating, ventilating, air conditioning, controls, refrigeration, integrated electronic security, and integrated fire detection and suppression systems for commercial, industrial, retail, small business, institutional, and governmental customers; and energy efficiency solutions and technical services, including inspection, scheduled maintenance, and repair and replacement of mechanical and control systems, as well as data-driven smart building solutions to non-residential building and industrial applications. It also designs and produces heating and air conditioning for residential and commercial applications; and markets products and refrigeration systems to replacement and new construction market; and designs, manufactures, and sells fire protection and security products, including intrusion security, anti-theft devices, and access control and video management systems for commercial, industrial, retail, residential, small business, institutional, and governmental customers. The company was formerly known as Johnson Controls, Inc. and changed its name to Johnson Controls International plc in September 2016. Johnson Controls International plc was founded in 1885 and is headquartered in Cork, Ireland."
JPM,JPMorgan Chase,Financials,Diversified Banks,"New York City, New York",6/30/1975,2000 (1799 / 1871),"JPMorgan Chase & Co. operates as a financial services company worldwide. It operates in four segments: Consumer & Community Banking (CCB), Corporate & Investment Bank (CIB), Commercial Banking (CB), and Asset & Wealth Management (AWM). The CCB segment offers deposit and investment products and services to consumers; lending, deposit, and cash management and payment solutions to small businesses; mortgage origination and servicing activities; residential mortgages and home equity loans; and credit card, auto loan, and leasing services. The CIB segment provides investment banking products and services, including corporate strategy and structure advisory, and equity and debt markets capital-raising services, as well as loan origination and syndication; wholesale payments and cross-border financing; and cash securities and derivative instruments, risk management solutions, prime brokerage, and research. This segment also offers securities services, including custody, fund accounting and administration, and securities lending products for asset managers, insurance companies, and public and private investment funds. The CB segment provides financial solutions, including lending, investment banking, and asset management to small business, large and midsized corporations, local governments, and nonprofit clients; and commercial real estate banking services to investors, developers, and owners of multifamily, as well as to office, retail, industrial, and affordable housing properties. The AWM segment offers multi-asset investment management solutions across equities, fixed income, alternatives, and money market funds to institutional clients and retail investors; and retirement products and services, brokerage, custody, trusts and estates, loans, mortgages, deposits, and investment management products. The company also provides ATM, online and mobile, and telephone banking services. JPMorgan Chase & Co. was founded in 1799 and is headquartered in New York, New York."
JNPR,Juniper Networks,Information Technology,Communications Equipment,"Sunnyvale, California",6/2/2006,1996,"two is a blank check company. The company was incorporated in 2021 and is based in San Francisco, California."
K,Kellogg's,Consumer Staples,Packaged Foods & Meats,"Battle Creek, Michigan",9/11/1989,1906,"Kellogg Company, together with its subsidiaries, manufactures and markets ready-to-eat cereal and convenience foods. The company operates through four segments: North America, Europe, Latin America, and Asia Middle East Africa. Its principal products include crackers, crisps, savory snacks, toaster pastries, cereal bars and bites, granola bars and bites, ready-to-eat cereals, frozen waffles, veggie foods, and noodles. The company offers its products under the Kellogg's, Cheez-It, Pringles, Austin, Parati, RXBAR, Kashi, Bear Naked, Eggo, Morningstar Farms, Choco Krispies, Crunchy Nut, Nutri-Grain, Special K, Squares, Zucaritas, Sucrilhos, Pop-Tarts, K-Time, Sunibrite, Split Stix, Be Natural, LCMs, Coco Pops, Frosties, Rice Krispies Squares, Kashi Go, Vector, Incogmeato, Veggitizers, and Gardenburger brand names. It sells its products to retailers through direct sales forces, as well as brokers and distributors. Kellogg Company was founded in 1906 and is headquartered in Battle Creek, Michigan."
KDP,Keurig Dr Pepper,Consumer Staples,Soft Drinks,"Burlington, Massachusetts",6/21/2022,1981,"Keurig Dr Pepper Inc. operates as a beverage company in the United States and internationally. It operates through four segments: Coffee Systems, Packaged Beverages, Beverage Concentrates, and Latin America Beverages. The Coffee Systems segment offers Keurig single serve brewers and specialty coffee to home, offices, restaurants, cafeterias, convenience stores, and hotels, as well as produces and sells range of other specialty beverages in K-Cup pods, such as hot and iced teas, hot cocoa, and other beverages. This segment also provides whole beans and ground coffee in bags, fractional packages, and cans. The Packaged Beverages segment manufactures and distributes packaged beverages for its brands, as well as for partner brands; and other third parties. The Beverage Concentrates segment manufactures and sells beverage concentrates. This segment also manufactures beverage concentrates into syrup. The Latin America Beverages segment offers carbonated mineral water, flavored carbonated soft drink (CSD), bottled water, and vegetable juice products. The company offers its CSD and non-carbonated beverages products under the Snapple, Mott's, Bai, Clamato, Hawaiian Punch, Core, Yoo-Hoo, ReaLemon, Vita Coco, evian, Mr and Mrs T mixers, Dr Pepper, Canada Dry, 7UP, A&W, Sunkist soda, Squirt, Big Red, RC Cola, Vernors, Crush, Schweppes, Pe√É¬±afiel, Green Mountain, Van Houtte, The Original Donut Shop, Mistic, Nantucket Nectars, and Sun Drop brands. It distributes its products through retail channels, including supermarkets, hypermarkets, fountains, mass merchandisers, club stores, office superstores, vending machines, grocery and drug stores, convenience stores, gas stations, and other small outlets, as well as e-commerce retailers. The company was founded in 1981 and is headquartered in Burlington, Massachusetts."
KEY,KeyCorp,Financials,Regional Banks,"Cleveland, Ohio",3/1/1994,1825,"KeyCorp operates as the holding company for KeyBank National Association that provides various retail and commercial banking products and services in the United States. It operates in two segments, Consumer Bank and Commercial Bank. The company offers various deposits, investment products and services; and personal finance and financial wellness, student loan refinancing, mortgage and home equity, lending, credit card, treasury, business advisory, wealth management, asset management, cash management, portfolio management, and trust and related services to individuals and small and medium-sized businesses. It also provides a suite of banking and capital market products, such as syndicated finance, debt and equity capital market products, commercial payments, equipment finance, commercial mortgage banking, derivatives, foreign exchange, financial advisory, and public finance, as well as commercial mortgage loans comprising consumer, energy, healthcare, industrial, public sector, real estate, and technology loans for middle market clients. In addition, the company offers community development financing, securities underwriting, brokerage, and investment banking services. As of February 25, 2021, it operated through a network of approximately 1,000 branches and 1,400 ATMs in 15 states, as well as additional offices, online and mobile banking capabilities, and a telephone banking call center. The company was founded in 1849 and is headquartered in Cleveland, Ohio."
KEYS,Keysight,Information Technology,Electronic Equipment & Instruments,"Santa Rosa, California",11/6/2018,2014 (1939),"Keysight Technologies, Inc. provides electronic design and test solutions to commercial communications, networking, aerospace, defense and government, automotive, energy, semiconductor, electronic, and education industries in the Americas, Europe, and the Asia Pacific. Its Communications Solutions Group segment provides electronic design automation (EDA) software; radio frequency and microwave test instruments; hardware and virtual network test platforms and software applications, including data center, routing and switching, software defined networking, security, and encryption; oscilloscopes, logic and serial protocol analyzers, logic-signal sources, arbitrary waveform generators, and bit error rate testers; optical modulation analyzers, optical component analyzers, optical power meters, and optical laser source solutions; and repair, calibration, and consulting services, as well as resells refurbished used Keysight equipment. The company's Electronic Industrial Solutions Group segment offers design tools; design verification solutions; and digital multi-meters, function generators, frequency counters, data acquisition systems, audio analyzers, LCR meters, thermal imagers, precision source measure units, ultra-high precision device current analyzers, and test executive software platforms, as well as various power supplies comprising AC/DC modular supplies and electronically programmable loads. This segment also provides printed-circuit-board-assembly testers, integrated circuit parametric testers, and sub-nano-meter positioning sub-assemblies; test and measurement products and software; and repair, calibration, and consulting services, as well as resells refurbished used Keysight equipment. The company sells its products through direct sales force, distributors, resellers, and manufacturer's representatives. Keysight Technologies, Inc. was incorporated in 2013 and is headquartered in Santa Rosa, California."
KMB,Kimberly-Clark,Consumer Staples,Household Products,"Irving, Texas",3/4/1957,1872,"Kimberly-Clark Corporation, together with its subsidiaries, manufactures and markets personal care and consumer tissue products worldwide. It operates through three segments: Personal Care, Consumer Tissue, and K-C Professional. The Personal Care segment offers disposable diapers, training and youth pants, swimpants, baby wipes, feminine and incontinence care products, and other related products under the Huggies, Pull-Ups, Little Swimmers, GoodNites, DryNites, Sweety, Kotex, U by Kotex, Intimus, Depend, Plenitud, Softex, Poise, and other brand names. The Consumer Tissue segment provides facial and bathroom tissues, paper towels, napkins, and related products under the Kleenex, Scott, Cottonelle, Viva, Andrex, Scottex, Neve, and other brand names. The K-C Professional segment offers wipers, tissues, towels, apparel, soaps, and sanitizers under the Kleenex, Scott, WypAll, Kimtech, and KleenGuard brands. The company sells household use products directly to supermarkets, mass merchandisers, drugstores, warehouse clubs, variety and department stores, and other retail outlets, as well as through other distributors and e-commerce; and away-from-home use products directly to manufacturing, lodging, office building, food service, and public facilities, as well as through distributors and e-commerce. Kimberly-Clark Corporation was founded in 1872 and is headquartered in Dallas, Texas."
KIM,Kimco Realty,Real Estate,Retail REITs,"New Hyde Park, New York",4/4/2006,1958,"Kimco Realty Corp. (NYSE:KIM) is a real estate investment trust (REIT) headquartered in Jericho, N.Y. that is one of North America's largest publicly traded owners and operators of open-air, grocery-anchored shopping centers and mixed-use assets. As of September 30, 2020, the company owned interests in 400 U.S. shopping centers and mixed-use assets comprising 70 million square feet of gross leasable space primarily concentrated in the top major metropolitan markets. Publicly traded on the NYSE since 1991, and included in the S&P 500 Index, the company has specialized in shopping center acquisitions, development and management for more than 60 years."
KMI,Kinder Morgan,Energy,Oil & Gas Storage & Transportation,"Houston, Texas",5/25/2012,1997,"Kinder Morgan, Inc. operates as an energy infrastructure company in North America. The company operates through Natural Gas Pipelines, Products Pipelines, Terminals, and CO2 segments. The Natural Gas Pipelines segment owns and operates interstate and intrastate natural gas pipeline, and underground storage systems; natural gas gathering systems and natural gas processing and treating facilities; natural gas liquids fractionation facilities and transportation systems; and liquefied natural gas liquefaction and storage facilities. The Products Pipelines segment owns and operates refined petroleum products, and crude oil and condensate pipelines; and associated product terminals and petroleum pipeline transmix facilities. The Terminals segment owns and/or operates liquids and bulk terminals that stores and handles various commodities, including gasoline, diesel fuel, chemicals, ethanol, metals, and petroleum coke; and owns tankers. The CO2 segment produces, transports, and markets CO2 to recovery and production crude oil from mature oil fields; and owns interests in/or operates oil fields and gasoline processing plants, as well as operates a crude oil pipeline system in West Texas. It owns and operates approximately 83,000 miles of pipelines and 144 terminals. The company was formerly known as Kinder Morgan Holdco LLC and changed its name to Kinder Morgan, Inc. in February 2011. Kinder Morgan, Inc. was founded in 1936 and is headquartered in Houston, Texas."
KLAC,KLA Corporation,Information Technology,Semiconductor Equipment,"Milpitas, California",9/30/1997,1975/1977 (1997),"KLA Corporation designs, manufactures, and markets process control and yield management solutions for the semiconductor and related nanoelectronics industries worldwide. The company offers chip and wafer manufacturing products, including defect inspection and review systems, metrology solutions, in situ process monitoring products, computational lithography software, and data analytics systems for chip manufacturers to manage yield throughout the semiconductor fabrication process. It also provides reticle manufacturing products, such as reticle inspection, metrology, and data analytics systems for mask shops; and packaging manufacturing products comprising packaging process control on wafer, automated optical inspection, data analytics, and packaging process control after singulation. In addition, the company offers compound semiconductor, power device, light emitting diode, and microelectromechanical system manufacturing products; data storage media/head manufacturing products; general purpose/lab applications; and previous-generation KLA systems. Further, it provides wafer processing solutions; printed circuit boards, and display and inspection components; products for the deposition of thin film coating of materials on crystalline silicon photovoltaic wafers; and other services. The company offers its products and services for use by various bare wafer, integrated circuit, reticle, and hard disk drive manufacturers. The company was formerly known as KLA-Tencor Corporation and changed its name to KLA Corporation in July 2019. KLA Corporation was founded in 1975 and is headquartered in Milpitas, California."
KHC,Kraft Heinz,Consumer Staples,Packaged Foods & Meats,"Chicago, Illinois; Pittsburgh, Pennsylvania",7/6/2015,2015 (1869),"The Kraft Heinz Company, together with its subsidiaries, manufactures and markets food and beverage products in the United States, Canada, the United Kingdom, and internationally. Its products include condiments and sauces, cheese and dairy, meals, meats and seafood, frozen and chilled foods, packaged drinking pouches, appetizers, nuts and salted snacks, refreshment beverages, coffee, infant and nutrition products, and other grocery products, as well as desserts, dressings, toppings, and baking. The company offers its products under the Kraft, Oscar Mayer, Heinz, Philadelphia, Velveeta, Lunchables, Planters, Maxwell House, Capri Sun, Ore-Ida, Kool-Aid, Jell-O, ABC, Master, Golden Circle, Quero, Plasmon, Wattie's, Pudliszki, Classico, TGI Fridays, and Taco Bell Home Originals brand names. It sells its products through its own sales organizations, as well as through independent brokers, agents, and distributors to chain, wholesale, cooperative and independent grocery accounts, convenience stores, drug stores, value stores, bakeries, pharmacies, mass merchants, club stores, foodservice distributors and institutions, including hotels, restaurants, hospitals, health care facilities, and government agencies; and online through e-commerce platforms and retailers. The company was formerly known as H.J. Heinz Holding Corporation and changed its name to The Kraft Heinz Company in July 2015. The Kraft Heinz Company was founded in 1869 and is headquartered in Pittsburgh, Pennsylvania."
KR,Kroger,Consumer Staples,Food Retail,"Cincinnati, Ohio",3/4/1957,1883,"The Kroger Co. operates as a retailer in the United States. The company operates combination food and drug stores, multi-department stores, marketplace stores, and price impact warehouses. Its combination food and drug stores offer natural food and organic sections, pharmacies, general merchandise, pet centers, fresh seafood, and organic produce; and multi-department stores provide apparel, home fashion and furnishings, outdoor living, electronics, automotive products, and toys. The company's marketplace stores offer full-service grocery, pharmacy, health and beauty care departments, and perishable goods, as well as general merchandise, including apparel, home goods, and toys; and price impact warehouse stores provide grocery, and health and beauty care items, as well as meat, dairy, baked goods, and fresh produce items. It also manufactures and processes food products for sale in its supermarkets; and sells fuel through 1,596 fuel centers. As of January 30, 2021, the company operated 2,742 retail food stores under various banner names in 35 states and the District of Columbia as well as an online retail store. The Kroger Co. was founded in 1883 and is based in Cincinnati, Ohio."
LHX,L3Harris,Industrials,Aerospace & Defense,"Melbourne, Florida",9/22/2008,2019 (1895),"L3Harris Technologies, Inc., an aerospace and defense technology company, provides mission-critical solutions for government and commercial customers worldwide. The company's Integrated Mission Systems segment provides multi-mission intelligence, surveillance, and reconnaissance (ISR) systems; and communication systems, as well as fleet management support, sensor development, modifications, and periodic depot maintenance services for ISR and airborne missions. It also manufactures and integrates maritime integrated command, control, communications, computers, and cyber ISR systems for maritime platforms; unmanned surface and undersea autonomous solutions; power and ship control systems; and other electronic and electrical products and systems, as well as designs and manufactures electro-optical and infrared sensors and surveillance, and targeting systems. Its Space and Airborne Systems segment offers space payloads, sensors, and full-mission solutions; classified intelligence and cyber defense solutions; mission avionics; and electronic warfare systems. The company's Communication Systems segment provides tactical radio communications, SATCOM terminals, and battlefield management networks; broadband secured mobile networked communication equipment, including airborne, space, and surface data link terminals, as well as ground stations and transportable tactical SATCOM systems; helmet and weapon mounted integrated night vision systems; and radios, systems applications, and equipment for public safety and professional communications. Its Aviation Systems segment offers defense aviation products; commercial aviation products; commercial and military training solutions; and mission networks solutions for air traffic management. The company was formerly known as Harris Corporation and changed its name to L3Harris Technologies, Inc. in June 2019. L3Harris Technologies, Inc. was founded in 1895 and is headquartered in Melbourne, Florida."
LH,LabCorp,Health Care,Health Care Services,"Burlington, North Carolina",11/1/2004,1978,"Laboratory Corporation of America Holdings operates as an independent clinical laboratory company worldwide. It operates in two segments, Labcorp Diagnostics (Dx) and Labcorp Drug Development (DD). It offers various tests, such as blood chemistry analyses, urinalyses, blood cell counts, thyroid tests, Pap tests, hemoglobin A1C and vitamin D products, prostate-specific antigens, tests for sexually transmitted diseases, hepatitis C tests, microbiology cultures and procedures, and alcohol and other substance-abuse tests. The company also provides specialty Testing services comprising gene-based and esoteric testing; advanced tests target specific diseases, including anatomic pathology/oncology, cardiovascular disease, coagulation, diagnostic genetics, endocrinology, infectious disease, women's health, pharmacogenetics, parentage and donor testing; and occupational testing services, medical drug monitoring services, chronic disease programs, and kidney stone prevention tests. In addition, it provides online and mobile applications to enable patients to check test results; patient self-service apps; and online applications for managed care organizations. Further, it offers end-to-end drug development, medical device, and diagnostic development solutions from early-stage research to clinical development and commercial market access. The company primarily serves managed care organizations, biopharmaceutical companies, physicians and other healthcare providers, hospitals and health systems, governmental agencies, employers, patients and consumers, contract research organizations, crop protection and chemical companies, academic institutions, and independent clinical laboratories. The company was founded in 1971 and is headquartered in Burlington, North Carolina."
LRCX,Lam Research,Information Technology,Semiconductor Equipment,"Fremont, California",6/29/2012,1980,"Lam Research Corporation designs, manufactures, markets, refurbishes, and services semiconductor processing equipment used in the fabrication of integrated circuits worldwide. The company offers ALTUS systems to deposit conformal films for tungsten metallization applications; SABRE electrochemical deposition products for copper damascene manufacturing; SOLA ultraviolet thermal processing products for film treatments; and VECTOR plasma-enhanced CVD ALD products. It also provides SPEED gapfill high-density plasma chemical vapor deposition (HDP-CVD) products; and Striker single-wafer atomic layer deposition (ALD) products that provide multiple dielectric film solutions. In addition, the company offers Flex for dielectric etch applications; Kiyo for conductor etch applications; Syndion for through-silicon via etch applications; and Versys metal products for metal etch processes. Further, it provides Coronus bevel clean products to enhance die yield; Da Vinci, DV-Prime, EOS, and SP to address a range of wafer cleaning applications; and Metryx mass metrology systems for high precision in-line mass measurement in semiconductor wafer manufacturing. Lam Research Corporation was founded in 1980 and is headquartered in Fremont, California."
LW,Lamb Weston,Consumer Staples,Packaged Foods & Meats,"Eagle, Idaho",12/3/2018,2016 (1950),"Lamb Weston Holdings, Inc. produces, distributes, and markets value-added frozen potato products worldwide. It operates through four segments: Global, Foodservice, Retail, and Other. The company offers frozen potatoes, sweet potatoes, commercial ingredients, and appetizers under the Lamb Weston brand, as well as various customer labels. The company also offers its products under its owned or licensed brands, such as Grown in Idaho and Alexia, and other licensed brands, as well as under retailers' own brands. In addition, it engages in the vegetable and dairy businesses. The company serves retail and foodservice customers; grocery, mass, club, and specialty retailers; and businesses, independent restaurants, regional chain restaurants, and convenience stores, as well as educational institutions. Lamb Weston Holdings, Inc. was founded in 1950 and is headquartered in Eagle, Idaho."
LVS,Las Vegas Sands,Consumer Discretionary,Casinos & Gaming,"Las Vegas, Nevada",10/3/2019,1988,"Las Vegas Sands Corp., together with its subsidiaries, develops, owns, and operates integrated resorts in Asia and the United States. It owns and operates The Venetian Macao Resort Hotel, the Londoner Macao, The Parisian Macao, The Plaza Macao and Four Seasons Hotel Macao, Cotai Strip, and the Sands Macao in Macao, the People's Republic of China; and Marina Bay Sands in Singapore. The company also owns and operates The Venetian Resort Hotel Casino on the Las Vegas Strip; and the Sands Expo and Convention Center in Las Vegas, Nevada. Its integrated resorts feature accommodations, gaming, entertainment and retail malls, convention and exhibition facilities, celebrity chef restaurants, and other amenities. Las Vegas Sands Corp. was founded in 1988 and is based in Las Vegas, Nevada."
LDOS,Leidos,Industrials,Diversified Support Services,"Reston, Virginia",8/9/2019,1969,"Leidos Holdings, Inc. provides services and solutions in the defense, intelligence, civil, and health markets in the United States and internationally. It operates through three segments: Defense Solutions, Civil, and Health. The Defense Solutions segment offers national security solutions and systems for air, land, sea, space, and cyberspace for the U.S. Intelligence Community, the Department of Defense, the National Aeronautics and Space Administration, military services, and government agencies of U.S. allies abroad, as well as other federal and commercial customers in the national security industry. Its solutions include technology, large-scale systems, command and control platforms, data analytics, logistics, and cybersecurity solutions, as well as intelligence analysis and operations support services to critical missions. The Civil segment provides systems integration services to air navigation service providers, including the federal aviation administration, the En route automation modernization, advanced technology oceanic procedure, time based flow management, terminal flight data management, geo-7, and future flight services, as well as enterprise-information display systems; and security detection and automation services. It also offers information technology (IT) solutions in cloud computing, mobility, application modernization, DevOps, data center, network modernization, asset management, help desk operations, and digital workplace enablement; and environment, energy, and infrastructure services. The Health segment offers solutions to federal and commercial customers responsible for health and well-being of people worldwide, including health information management, managed health, digital transformation, and life sciences research and development services. The company was founded in 1969 and is headquartered in Reston, Virginia."
LEN,Lennar,Consumer Discretionary,Homebuilding,"Miami, Florida",10/4/2005,1954,"Lennar Corporation, together with its subsidiaries, operates as a homebuilder primarily under the Lennar brand in the United States. It operates through Homebuilding East, Homebuilding Central, Homebuilding Texas, Homebuilding West, Financial Services, Multifamily, and Lennar Other segments. The company's homebuilding operations include the construction and sale of single-family attached and detached homes, as well as the purchase, development, and sale of residential land. It primarily sells single-family attached and detached homes in communities targeted to first-time, move-up, active adult, and luxury homebuyers. The company also offers residential mortgage financing, title insurance, and closing services for home buyers and others. In addition, it involves in the fund investment activity; and originates and sells into securitizations commercial mortgage loans. Further, the company develops, constructs, and manages multifamily rental properties. Lennar Corporation was founded in 1954 and is based in Miami, Florida."
LNC,Lincoln Financial,Financials,Multi-line Insurance,"Radnor, Pennsylvania",6/30/1976,1905,"Lincoln National Corporation, through its subsidiaries, operates multiple insurance and retirement businesses in the United States. It operates through four segments: Annuities, Retirement Plan Services, Life Insurance, and Group Protection. The Annuities segment offers variable, fixed, and indexed variable annuities. The Retirement Plan Services segment provides employers with retirement plan products and services primarily in the defined contribution retirement plan marketplace. This segment offers individual and group variable annuities, group fixed annuities, and mutual fund-based programs; and a range of plan services, including plan recordkeeping, compliance testing, participant education, and trust and custodial services. The Life Insurance segment provides life insurance products, including term insurance, such as single and survivorship versions of universal life insurance; variable universal life insurance; indexed universal life insurance products; and critical illness and long-term care riders. The Group Protection segment offers group non-medical insurance products comprising short and long-term disability, statutory disability and paid family medical leave administration and absence management services, term life, dental, vision and accident, and critical illness benefits and services to the employer marketplace through various forms of employee-paid and employer-paid plans. The company distributes its products through consultants, brokers, planners, agents, financial advisors, third-party administrators, and other intermediaries. Lincoln National Corporation was founded in 1905 and is based in Radnor, Pennsylvania."
LIN,Linde plc,Materials,Industrial Gases,"Guildford, United Kingdom",7/1/1992,1879,"Linde plc operates as an industrial gas company in North and South America, Europe, the Middle East, Africa, and the Asia Pacific. It offers oxygen, nitrogen, argon, rare gases, carbon dioxide, hydrogen, helium, electronic and specialty gases, acetylene, and carbon monoxide. The company also designs and constructs turnkey process plants, such as olefin, natural gas, air separation, hydrogen and synthesis gas, and other plants. It serves healthcare, petroleum refining, manufacturing, food, beverage carbonation, fiber-optics, steel making, aerospace, electronics, chemical, and water treatment industries. The company was founded in 1879 and is based in Guildford, the United Kingdom."
LYV,Live Nation Entertainment,Communication Services,Movies & Entertainment,"Beverly Hills, California",12/23/2019,2010,"Live Nation Entertainment, Inc. operates as a live entertainment company. It operates through Concerts, Ticketing, and Sponsorship & Advertising segments. The Concerts segment promotes live music events in its owned or operated venues, and in rented third-party venues; operates and manages music venues; produces music festivals; creates associated content; and offers management and other services to artists. The Ticketing segment manages the ticketing operations, including the provision of ticketing software and services to clients for tickets and event information through its primary websites livenation.com and ticketmaster.com as well as provides ticket resale services. This segment sells tickets for its events, as well as for third-party clients in various live event categories, such as arenas, stadiums, amphitheaters, music clubs, concert promoters, professional sports franchises and leagues, college sports teams, performing arts venues, museums, and theaters through websites, mobile apps, ticket outlets, and telephone call centers. The Sponsorship & Advertising segment sells international, national, and local sponsorships and placement of advertising, including signage, promotional programs, rich media offering that include advertising related with live streaming and music-related content; and ads across its distribution network of venues, events, and websites. This segment also manages the development of strategic sponsorship programs, as well as develops, books, and produces custom events or programs for specific brands. As of December 31, 2020, it owned, operated, or leased 155 entertainment venues in North America and 76 entertainment venues internationally. The company was formerly known as Live Nation, Inc. and changed its name to Live Nation Entertainment, Inc. in January 2010. Live Nation Entertainment, Inc. was incorporated in 2005 and is headquartered in Beverly Hills, California."
LKQ,LKQ Corporation,Consumer Discretionary,Distributors,"Chicago, Illinois",5/23/2016,1998,"LKQ Corporation distributes replacement parts, components, and systems used in the repair and maintenance of vehicles. It operates through three segments: North America, Europe, and Specialty. The company distributes bumper covers, automotive body panels, and lights, as well as automotive glass products, such as windshields; salvage products, including mechanical and collision parts comprising engines; transmissions; door assemblies; sheet metal products, such as trunk lids, fenders, and hoods; lights and bumper assemblies; scrap metal and other materials to metals recyclers; and brake pads, discs and sensors, clutches, steering and suspension products, filters, and oil and automotive fluids, as well as electrical products, including spark plugs and batteries. It also operates self-service retail operations under the LKQ Pick Your Part name; and designs, manufactures, and markets vehicle equipment and accessories. In addition, the company distributes recreational vehicle appliances and air conditioners, towing hitches, truck bed covers, vehicle protection products, cargo management products, wheels, tires, and suspension products. It serves collision and mechanical repair shops, and new and used car dealerships, as well as retail customers. The company operates in the United States, Canada, the United Kingdom, Germany, Belgium, the Netherlands, Luxembourg, Italy, Poland, Slovakia, Austria, Taiwan, and various other European countries. LKQ Corporation was incorporated in 1998 and is headquartered in Chicago, Illinois."
LMT,Lockheed Martin,Industrials,Aerospace & Defense,"Bethesda, Maryland",3/4/1957,1995,"Lockheed Martin Corporation, a security and aerospace company, engages in the research, design, development, manufacture, integration, and sustainment of technology systems, products, and services worldwide. It operates through four segments: Aeronautics, Missiles and Fire Control, Rotary and Mission Systems, and Space. The Aeronautics segment offers combat and air mobility aircraft, unmanned air vehicles, and related technologies. The Missiles and Fire Control segment provides air and missile defense systems; tactical missiles and air-to-ground precision strike weapon systems; logistics; fire control systems; mission operations support, readiness, engineering support, and integration services; manned and unmanned ground vehicles; and energy management solutions. The Rotary and Mission Systems segment offers military and commercial helicopters; ship and submarine mission and combat systems; mission systems and sensors for rotary and fixed-wing aircraft; sea and land-based missile defense systems; radar systems; the Littoral combat ship; simulation and training services; and unmanned systems and technologies. It also supports government customers in cybersecurity; and delivers communications, and command and control capabilities through mission solutions for defense applications. The Space segment offers satellites; space transportation systems; strategic, advanced strike, and defensive missile systems; and classified systems and services in support of national security systems. This segment also provides network-enabled situational awareness and integrates space and ground-based systems to help its customers gather, analyze, and securely distribute critical intelligence data. Lockheed Martin Corporation was founded in 1912 and is headquartered in Bethesda, Maryland."
L,Loews Corporation,Financials,Multi-line Insurance,"New York City, New York",5/31/1995,1959,"Loews Corporation provides commercial property and casualty insurance in the United States and internationally. The company offers specialty insurance products, such as management and professional liability, and other coverage products; surety and fidelity bonds; property insurance products that include property, marine, and boiler and machinery coverages; and casualty insurance products, such as workers' compensation, general and product liability, and commercial auto and umbrella coverages. It also provides loss-sensitive insurance programs; and warranty, risk management, information, and claims administration services. The company markets its insurance products and services through independent agents, brokers, and managing general underwriters. In addition, the company is involved in the transportation and storage of natural gas and natural gas liquids(NGLs), and hydrocarbons through natural gas pipelines covering approximately 13,650 miles of interconnected pipelines; 455 miles of NGL pipelines in Louisiana and Texas; 14 underground storage fields with an aggregate gas capacity of approximately 213 billion cubic feet of natural gas; and seven salt dome caverns and related brine infrastructure for providing brine supply services. Further, the company operates a chain of 27 hotels; and develops, manufactures, and markets a range of extrusion blow-molded and injection molded plastic containers for customers in the pharmaceutical, dairy, household chemicals, food/nutraceuticals, industrial/specialty chemicals, and water and beverage/juice segments, as well as manufactures commodity and differentiated plastic resins from recycled plastic materials. Loews Corporation was incorporated in 1969 and is headquartered in New York, New York."
LOW,Lowe's,Consumer Discretionary,Home Improvement Retail,"Mooresville, North Carolina",2/29/1984,1904/1946/1959,"Lowe's Companies, Inc., together with its subsidiaries, operates as a home improvement retailer in the United States and internationally. The company offers a line of products for construction, maintenance, repair, remodeling, and decorating. It provides home improvement products in various categories, such as appliances, d√É¬©cor, paint, hardware, millwork, lawn and garden, lighting, lumber and building materials, flooring, kitchens and bath, rough plumbing and electrical, seasonal and outdoor living, and tools. It also offers installation services through independent contractors in various product categories; extended protection plans; and in-warranty and out-of-warranty repair services. The company sells its national brand-name merchandise and private branded products to homeowners, renters, and professional customers. As of January 29, 2021, it operated 1,974 home improvement and hardware stores. The company also sells its products through websites comprising Lowes.com and Lowesforpros.com; and through mobile applications. Lowe's Companies, Inc. was founded in 1921 and is based in Mooresville, North Carolina."
LUMN,Lumen Technologies,Communication Services,Alternative Carriers,"Monroe, Louisiana",3/25/1999,1983 (1877),"Lumen Technologies, Inc., a facilities-based technology and communications company, provides various integrated services and solutions under CenturyLink name to business and residential customers in the United States and internationally. The company operates through five segments: International and Global Accounts Management, Enterprise, Small and Medium Business, Wholesale, and Consumer. It offers IP and data services, including VPN data network, Ethernet, internet protocol (IP), and content delivery services. The company also offers transport and infrastructure services comprising high bandwidth optical networks; unlit optical fiber networks, and related professional and management services; private line services, a direct circuit or channel specifically dedicated for connecting two or more organizational sites; colocation and data center services; and consulting services, which include network management, installation and maintenance of data equipment, and building of proprietary fiber-optic broadband networks for government and business customers. In addition, the company provides voice and collaboration services, including primary rate interface service, local inbound service, switched one-plus, toll free, long distance, and international services; and voice over internet protocol services. Further, it offers IT and managed service that include network, hosting, public and private cloud, and other IT services, as well as intuitive management tools. Additionally, the company is involved in leasing and subleasing of space. As of December 31, 2020, it served approximately 4.5 million broadband subscribers. The company was formerly knowen as CenturyLink, Inc. and changed its name to Lumen Technologies, Inc. in September 2020. Lumen Technologies, Inc. was incorporated in 1968 and is headquartered in Monroe, Louisiana."
LYB,LyondellBasell,Materials,Specialty Chemicals,"Rotterdam, Netherlands",9/5/2012,2007,"LyondellBasell Industries N.V. operates as a chemical company in the United States, Germany, Mexico, Italy, Poland, France, Japan, China, the Netherlands, and internationally. The company operates in six segments: Olefins and Polyolefins√Ç¬óAmericas; Olefins and Polyolefins√Ç¬óEurope, Asia, International; Intermediates and Derivatives; Advanced Polymer Solutions; Refining; and Technology. It produces and markets olefins and co-products; polyolefins; polyethylene products, which consist of high density polyethylene, low density polyethylene, and linear low density polyethylene; and polypropylene (PP) products, such as PP homopolymers and copolymers. The company also produces and sells propylene oxide and its derivatives; oxyfuels and related products; and intermediate chemicals, such as styrene monomers, acetyls, ethylene glycols, and ethylene oxides and derivatives. In addition, it produces and markets compounds and solutions, such as polypropylene compounds, engineered plastics, masterbatches, engineered composites, colors, and powders; and advanced polymers. Further, the company refines crude oil and other crude oils of varied types and sources into gasoline, diesel, and jet fuel; develops and licenses chemical and polyolefin process technologies; and manufactures and sells polyolefin catalysts. LyondellBasell Industries N.V. was founded in 1955 and is headquartered in Houston, Texas."
MTB,M&T Bank,Financials,Regional Banks,"Buffalo, New York",2/23/2004,1856,"M&T Bank Corporation operates as a bank holding company that provides commercial and retail banking services. The company's Business Banking segment offers deposit, lending, cash management, and other financial services to small businesses and professionals. Its Commercial Banking segment provides deposit products, commercial lending and leasing, letters of credit, and cash management services for middle-market and large commercial customers. The company's Commercial Real Estate segment originates, sells, and services commercial real estate loans; and offers deposit services. Its Discretionary Portfolio segment provides deposits; securities, residential real estate loans, and other assets; and short and long term borrowed funds, as well as foreign exchange services. The company's Residential Mortgage Banking segment offers residential real estate loans for consumers and sells those loans in the secondary market; and purchases servicing rights to loans originated by other entities. Its Retail Banking segment offers demand, savings, and time accounts; consumer installment loans, automobile and recreational finance loans, home equity loans and lines of credit, and credit cards; mutual funds and annuities; and other services. The company also provides trust and wealth management; fiduciary and custodial; investment management; and insurance agency services. It offers its services through banking offices, business banking centers, telephone and Internet banking, mobile banking, and automated teller machines. As of December 31, 2020, the company operates 716 domestic banking offices in New York State, Maryland, New Jersey, Pennsylvania, Delaware, Connecticut, Virginia, West Virginia, and the District of Columbia; a full-service commercial banking office in Ontario, Canada; and an office in George Town, Cayman Islands. M&T Bank Corporation was founded in 1856 and is headquartered in Buffalo, New York."
MRO,Marathon Oil,Energy,Oil & Gas Exploration & Production,"Houston, Texas",3/4/1957,1887,"Marathon Oil Corporation operates as an independent exploration and production company in the United States and Equatorial Guinea. The company engages in the exploration, production, and marketing of crude oil and condensate, natural gas liquids, and natural gas; and the production and marketing of products manufactured from natural gas, such as liquefied natural gas and methanol, as well as owns and operates 32 central gathering and treating facilities and the Sugarloaf gathering system, a 42-mile natural gas pipeline through Karnes and Atascosa Counties. As of December 31, 2020, it had estimated proved developed reserves totaling 674 million barrels of oil equivalent (mmboe); and estimated proved undeveloped reserves totaling 298 mmboe. The company was formerly known as USX Corporation and changed its name to Marathon Oil Corporation in July 2001. Marathon Oil Corporation was founded in 1887 and is headquartered in Houston, Texas."
MPC,Marathon Petroleum,Energy,Oil & Gas Refining & Marketing,"Findlay, Ohio",7/1/2011,2009 (1887),"Marathon Petroleum Corporation, together with its subsidiaries, engages in refining, marketing, retailing, and transporting petroleum products primarily in the United States. It operates in two segments: Refining & Marketing, and Midstream. The Refining & Marketing segment refines crude oil and other feedstocks at its refineries in the Gulf Coast, Mid-Continent, and West Coast regions of the United States; and purchases refined products and ethanol for resale. Its refined products include transportation fuels, such as reformulated gasolines and blend-grade gasolines; heavy fuel oil; and asphalt. This segment also manufactures aromatics, propane, propylene, and sulfur. It sells refined products to wholesale marketing customers domestically and internationally, buyers on the spot market, and independent entrepreneurs who operate primarily Marathon branded outlets; and transportation fuels through long-term fuel supply contracts to direct dealer locations, primarily under the ARCO brand. The Midstream segment transports, stores, distributes, and markets crude oil and refined products through refining logistics assets, pipelines, terminals, towboats, and barges; gathers, processes, and transports natural gas; and gathers, transports, fractionates, stores, and markets natural gas liquids. The company also sell refined products for export to international customers. As of December 31, 2020, it operated 7,090 branded outlets in 35 states, the District of Columbia, and Mexico through independent entrepreneurs. The company also operates crude oil and refined product pipelines. Marathon Petroleum Corporation was founded in 1887 and is headquartered in Findlay, Ohio."
MKTX,MarketAxess,Financials,Financial Exchanges & Data,"New York City, New York",7/1/2019,2000,"MarketAxess Holdings Inc., together with its subsidiaries, operates an electronic trading platform for institutional investor and broker-dealer firms worldwide. It offers the access to global liquidity in U.S. investment-grade bonds, U.S. high-yield bonds, U.S. Treasuries, municipal bonds, emerging market debt, Eurobonds, and other fixed income securities. The company, through its Open Trading protocols, executes bond trades between and among institutional investor and broker-dealer clients in an all-to-all anonymous trading environment for corporate bonds. It also offers trading-related products and services, including Composite+ pricing and other market data products to assist clients with trading decisions; auto-execution and other execution services for clients requiring specialized workflow solutions; connectivity solutions that facilitate straight-through processing; and technology services to optimize trading environments. In addition, the company offers a range of pre-and post-trade services, such as trade matching, trade publication, regulatory transaction reporting, and market and reference data across a range of fixed-income and other products. MarketAxess Holdings Inc. was incorporated in 2000 and is headquartered in New York, New York."
MAR,Marriott International,Consumer Discretionary,"Hotels, Resorts & Cruise Lines","Bethesda, Maryland",5/29/1998,1927,"Marriott International, Inc. operates, franchises, and licenses hotel, residential, and timeshare properties worldwide. The company operates through North American Full-Service, North American Limited-Service, and Asia Pacific segments. It operates its properties under the JW Marriott, The Ritz-Carlton, Ritz-Carlton Reserve, W Hotels, The Luxury Collection, St. Regis, EDITION, Bulgari, Marriott Hotels, Sheraton, Delta Hotels, Marriott Executive Apartments, Marriott Vacation Club, Westin, Renaissance, Le M√É¬©ridien, Autograph Collection, Gaylord Hotels, Tribute Portfolio, Design Hotels, Courtyard, Residence Inn, Fairfield by Marriott, SpringHill Suites, Four Points, TownePlace Suites, Aloft, AC Hotels by Marriott, Protea Hotels, Element, and Moxy brand names. As of February 23, 2021, it operated approximately 7,600 properties under 30 hotel brands in 133 countries and territories. Marriott International, Inc. was founded in 1927 and is headquartered in Bethesda, Maryland."
MMC,Marsh McLennan,Financials,Insurance Brokers,"New York City, New York",8/31/1987,1905,"Marsh & McLennan Companies, Inc., a professional services company, provides advice and solutions to clients in the areas of risk, strategy, and people worldwide. It operates in two segments, Risk and Insurance Services, and Consulting. The Risk and Insurance Services segment offers risk management services, such as risk advice, risk transfer, and risk control and mitigation solutions, as well as insurance and reinsurance broking, catastrophe and financial modeling, and related advisory services; and insurance program management services. This segment serves businesses, public entities, insurance companies, associations, professional services organizations, and private clients. The Consulting segment provides health, wealth, and career consulting services and products; and specialized management, as well as economic and brand consulting services. Marsh & McLennan Companies, Inc. has collaboration with Chubb Limited to secure insurance coverage for the COVAX no-fault compensation program. The company was founded in 1871 and is headquartered in New York, New York."
MLM,Martin Marietta Materials,Materials,Construction Materials,"Raleigh, North Carolina",7/2/2014,1993,"Martin Marietta Materials, Inc., a natural resource-based building materials company, supplies aggregates and heavy-side building materials to the construction industry in the United States and internationally. It offers crushed stone, sand, and gravel products; ready mixed concrete and asphalt; paving products and services; and Portland and specialty cement used in the infrastructure projects, and nonresidential and residential construction markets, as well as in the railroad, agricultural, utility, and environmental industries. The company also manufactures and markets magnesia-based chemical products for the industrial, agricultural, and environmental applications; and dolomitic lime primarily for customers in the steel and mining industries. Its chemical products are used in flame retardants, wastewater treatment, pulp and paper production, and other environmental applications. The company was founded in 1939 and is headquartered in Raleigh, North Carolina."
MAS,Masco,Industrials,Building Products,"Livonia, Michigan",6/30/1981,1929,"Masco Corporation designs, manufactures, and distributes home improvement and building products in North America, Europe, and internationally. The company operates through two segments, Plumbing Products and Decorative Architectural Products. The Plumbing Products segment offers faucets, showerheads, handheld showers, valves, bath hardware and accessories, bathing units, shower bases and enclosures, sinks, toilets, acrylic tubs, shower trays, spas, exercise pools, and fitness systems; brass, copper, and composite plumbing system components; connected water products; thermoplastic solutions, extruded plastic profiles, specialized fabrications, and PEX tubing products; and other non-decorative plumbing products. This segment provides its products under the DELTA, BRIZO, PEERLESS, HANSGROHE, AXOR, KRAUS, GINGER, NEWPORT BRASS, BRASSTECH, WALTEC, BRISTAN, HERITAGE, MIROLIN, H√É¬úPPE, HOT SPRING, CALDERA, FREEFLOW SPAS, FANTASY SPAS, ENDLESS POOLS, BRASSCRAFT, PLUMB SHOP, COBRA, COBRA PRO, and MASTER PLUMBER brands. The Decorative Architectural Products segment offers paints, primers, specialty coatings, stains, and waterproofing products, as well as paint applicators and accessories; cabinet and door hardware, functional hardware, wall plates, hook and rail products, closet organization systems, and picture hanging accessories; decorative bath hardware, mirrors, and shower accessories and doors; and decorative indoor and outdoor lighting fixtures, ceiling fans, landscape lighting, and LED lighting systems. This segment provides its products under the BEHR, KILZ, WHIZZ, Elder & Jenks, LIBERTY, BRAINERD, FRANKLIN BRASS, KICHLER, and √É¬âLAN brands. It sells its products to the plumbing, heating, and hardware wholesalers; home centers and online retailers; hardware stores; electrical and landscape distributors; lighting showrooms; building supply outlets; and other mass merchandisers. Masco Corporation was founded in 1929 and is headquartered in Livonia, Michigan."
MA,Mastercard,Information Technology,Data Processing & Outsourced Services,"Harrison, New York",7/18/2008,1966,"Mastercard Incorporated, a technology company, provides transaction processing and other payment-related products and services in the United States and internationally. It facilitates the processing of payment transactions, including authorization, clearing, and settlement, as well as delivers related products and services. The company offers integrated products and services for account holders, merchants, financial institutions, businesses, governments, and other organizations, such as programs that enable issuers to provide consumers with credits to defer payments; payment products and solutions that allow its customers to access funds in deposit and other accounts; prepaid payment programs and management services; and commercial credit and debit payment products and solutions. It also provides value-added products and services comprising cyber and intelligence products, information and analytics services, consulting services, loyalty and reward programs, processing and open banking services, and issuer and acquirer processing services. The company offers payment solutions and services under the MasterCard, Maestro, and Cirrus brands. Mastercard Incorporated was founded in 1966 and is headquartered in Purchase, New York."
MTCH,Match Group,Communication Services,Interactive Media & Services,"Dallas, Texas",9/20/2021,1986,"Match Group, Inc. provides dating products worldwide. The company's portfolio of brands includes Tinder, Match, Meetic, OkCupid, Hinge, Pairs, PlentyOfFish, and OurTime, as well as a various other brands. The company was incorporated in 1986 and is based in Dallas, Texas."
MKC,McCormick & Company,Consumer Staples,Packaged Foods & Meats,"Hunt Valley, Maryland",3/20/2003,1889,"McCormick & Company, Incorporated manufactures, markets, and distributes spices, seasoning mixes, condiments, and other flavorful products to the food industry. The company operates in two segments, Consumer and Flavor Solutions. The Consumer segment offers spices, herbs, and seasonings, as well as desserts. This segment markets its products under the McCormick, French, Frank's RedHot, Lawry's, Gourmet Garden, Club House, and OLD BAY brands in the Americas; Ducros, Schwartz, Kamis, and Drogheria & Alimentari, and Vahin√É¬© brand names in Europe, the Middle East, and Africa; McCormick and DaQiao brands in China; and McCormick, Aeroplane, and Gourmet Garden brand names in Australia, as well as markets regional and ethnic brands, such as Zatarain's, Stubb's, Thai Kitchen, and Simply Asia. It also supplies its products under the private labels. This segment serves retailers comprising grocery, mass merchandise, warehouse clubs, discount and drug stores, and e-commerce retailers directly and indirectly through distributors or wholesalers. The Flavor Solutions segment offers seasoning blends, spices and herbs, condiments, coating systems, and compound flavors to multinational food manufacturers and foodservice customers. It serves foodservice customers directly and indirectly through distributors. The company was founded in 1889 and is headquartered in Hunt Valley, Maryland."
MCD,McDonald's,Consumer Discretionary,Restaurants,"Chicago, Illinois",6/30/1970,1940,"McDonald's Corporation operates and franchises McDonald's restaurants in the United States and internationally. Its restaurants offer various food products and beverages, as well as breakfast menu. As of December 31, 2020, the company operated 39,198 restaurants. McDonald's Corporation was founded in 1940 and is based in Chicago, Illinois."
MCK,McKesson,Health Care,Health Care Distributors,"Irving, Texas",1/13/1999,1833,"McKesson Corporation provides pharmaceuticals and medical supplies in the United States and internationally. It operates through four segments: U.S. Pharmaceutical, Prescription Technology Solutions, International, and Medical-Surgical Solutions. The U.S. Pharmaceutical segment distributes branded, generic, specialty, biosimilar, and over-the-counter pharmaceutical drugs and other healthcare-related products. This segment provides practice management, technology, clinical support, and business solutions to community-based oncology and other specialty practices; and solutions for life sciences companies, including offering multiple distribution channels and clinical trial access to specific patient populations through its network of oncology physicians. The segment also sells financial, operational and clinical solutions to pharmacies; and offers consulting, outsourcing, and other services. The Prescription Technology Solutions segment operates in the healthcare delivery system to connect pharmacies, providers, payers, and biopharma for next-generation patient access and adherence solutions. The International segment provides drug distribution services, specialty pharmacy, and retail and infusion care services. The Medical-Surgical Solutions segment distributes medical-surgical supplies and provides logistics and other services to healthcare providers. McKesson Corporation was founded in 1833 and is headquartered in Irving, Texas."
MDT,Medtronic,Health Care,Health Care Equipment,"Dublin, Ireland",10/31/1986,1949,"Medtronic plc develops, manufactures, distributes, and sells device-based medical therapies to hospitals, physicians, clinicians, and patients worldwide. It operates through four segments: Cardiac and Vascular Group, Minimally Invasive Therapies Group, Restorative Therapies Group, and Diabetes Group. The Cardiac and Vascular Group segment offers implantable cardiac pacemakers, cardioverter defibrillators, and cardiac resynchronization therapy devices; AF ablation products; insertable cardiac monitor systems; mechanical circulatory support; TYRX products; and remote monitoring and patient-centered software. It also provides aortic valves; percutaneous coronary intervention stents, surgical valve replacement and repair products, endovascular stent grafts, percutaneous angioplasty balloons, and products to treat superficial venous diseases in the lower extremities. The Minimally Invasive Therapies Group segment offers surgical products, including surgical stapling devices, vessel sealing instruments, wound closure, electrosurgery products, hernia mechanical devices, mesh implants, and gynecology products; electrosurgical hardware and instruments, and mesh fixation devices; and gastrointestinal, inhalation therapy, and renal care solutions. The Restorative Therapies Group segment offers products for spinal surgeons; neurosurgeons; neurologists; pain management specialists; anesthesiologists; orthopedic surgeons; urologists; colorectal surgeons; urogynecologists; interventional radiologists; ear, nose, and throat specialists; and systems that incorporate energy surgical instruments. It also provides image-guided surgery and intra-operative imaging systems and robotic guidance systems used in robot assisted spine procedures; and therapies for vasculature in and around the brain. The Diabetes Group segment offers insulin pumps and consumables, and continuous glucose monitoring systems. The company was founded in 1949 and is headquartered in Dublin, Ireland."
MRK,Merck & Co.,Health Care,Pharmaceuticals,"Kenilworth, New Jersey",3/4/1957,1891,"Merck & Co., Inc. operates as a healthcare company worldwide. It operates through two segments, Pharmaceutical and Animal Health segments. The Pharmaceutical segment offers human health pharmaceutical products in the areas of oncology, hospital acute care, immunology, neuroscience, virology, cardiovascular, diabetes, and women's health, as well as vaccine products. The Animal Health segment provides discovers, develops, manufactures, and markets a range of veterinary pharmaceuticals, vaccines, and health management solutions and services, as well as a suite of digitally connected identification, traceability, and monitoring products. The company has collaborations with AstraZeneca PLC; Bayer AG; Eisai Co., Ltd.; and Ridgeback Biotherapeutics. It serves drug wholesalers and retailers, hospitals, and government agencies; managed health care providers, such as health maintenance organizations, pharmacy benefit managers, and other institutions; and physicians and physician distributors, veterinarians, and animal producers. The company has an agreement with Gilead Sciences, Inc. to co-develop and co-commercialize long-acting investigational treatment combinations of Lenacapavir and Islatravir in HIV; and a collaboration agreement with Amathus Therapeutics to develop treatments for neurodegenerative diseases. Merck & Co., Inc. was founded in 1891 and is headquartered in Kenilworth, New Jersey."
META,Meta Platforms,Communication Services,Interactive Media & Services,"Menlo Park, California",12/23/2013,2004,"Meta, Inc. develops products that enable people to connect and share with friends and family through mobile devices, personal computers, virtual reality headsets, and in-home devices worldwide. The company's products include Facebook that enables people to connect, share, discover, and communicate with each other on mobile devices and personal computers; Instagram, a community for sharing photos, videos, and private messages; Messenger, a messaging application for people to connect with friends, family, groups, and businesses across platforms and devices; and WhatsApp, a messaging application that is used by people and businesses to communicate in a private way. It also provides Facebook Reality Labs, an augmented and virtual reality product that help people feel connected, anytime, and anywhere. Meta, Inc. was founded in 2004 and is headquartered in Menlo Park, California."
MET,MetLife,Financials,Life & Health Insurance,"New York City, New York",12/11/2000,1868,"MetLife, Inc., a financial services company, provides insurance, annuities, employee benefits, and asset management services worldwide. It operates through five segments: U.S.; Asia; Latin America; Europe, the Middle East and Africa; and MetLife Holdings. The company offers life, dental, group short-and long-term disability, individual disability, accidental death and dismemberment, vision, and accident and health coverages, as well as prepaid legal plans; administrative services-only arrangements to employers; and general and separate account, and synthetic guaranteed interest contracts, as well as private floating rate funding agreements. It also provides pension risk transfers, institutional income annuities, structured settlements, and capital markets investment products; and other products and services, such as life insurance products and funding agreements for funding postretirement benefits, as well as company, bank, or trust-owned life insurance used to finance nonqualified benefit programs for executives. In addition, the company offers personal lines of property and casualty insurance, including private passenger automobile, homeowners', and personal excess liability insurance. Further, it provides fixed and variable annuities, and pension products; accident and health products; regular savings products; whole and term life, endowments, universal and variable life, and group life products; credit insurance products; and protection against long-term health care services. MetLife, Inc. was founded in 1863 and is headquartered in New York, New York."
MTD,Mettler Toledo,Health Care,Life Sciences Tools & Services,"Columbus, Ohio",9/6/2016,1945,"Mettler-Toledo International Inc. manufactures and supplies precision instruments and services worldwide. It operates in five segments: U.S. Operations, Swiss Operations, Western European Operations, Chinese Operations, and Other. The company offers weighing instruments for laboratory, industrial, packaging, logistics, and food retailing applications; various related analytical instruments and automated chemistry solutions used in drug and chemical compound discovery and development; metal detection and other end-of-line product inspection systems used in production and packaging for food processing and packaging, pharmaceutical, packaged consumer goods, and other industries; and solutions that are used in various process analytics applications. Its laboratory instruments include laboratory balances, liquid pipetting solutions, automated laboratory reactors, titrators, pH meters, process analytics sensors and analyzer technologies, physical value analyzers, thermal analysis systems, and other analytical instruments; and LabX, a laboratory software platform. The company's industrial instruments comprise industrial weighing instruments and related terminals, automatic dimensional measurement and data capture solutions, vehicle scale systems, industrial software, and product inspection systems. Its retail weighing solutions consist of networked scales and software, and stand-alone scales for handling fresh goods, such as meats, vegetables, fruits, and cheeses. The company serves the life science industry, and independent research organizations; food and beverage producers; food retailers; chemical, specialty chemical, and cosmetics companies; food retailers; transportation and logistics, metals, and electronics industries; and the academic community. It markets its products through its direct sales force and indirect distribution channels. The company was incorporated in 1991 and is based in Columbus, Ohio."
MGM,MGM Resorts,Consumer Discretionary,Casinos & Gaming,"Paradise, Nevada",7/26/2017,1986,"MGM Resorts International, through its subsidiaries, owns and operates casino, hotel, and entertainment resorts in the United States and Macau. The company operates through three segments: Las Vegas Strip Resorts, Regional Operations, and MGM China. Its casino resorts offer gaming, hotel, convention, dining, entertainment, retail, and other resort amenities. The company's casino operations include slots and table games, as well as online sports betting and iGaming through BetMGM. As of February 17, 2021, its portfolio consisted of 29 hotel and destination gaming offerings. The company also owns and operates Las Vegas Strip Resorts and Fallen Oak golf course. Its customers include premium gaming customers; leisure and wholesale travel customers; business travelers; and group customers, including conventions, trade associations, and small meetings. The company was formerly known as MGM MIRAGE and changed its name to MGM Resorts International in June 2010. MGM Resorts International was incorporated in 1986 and is based in Las Vegas, Nevada."
MCHP,Microchip Technology,Information Technology,Semiconductors,"Chandler, Arizona",9/7/2007,1989,"Microchip Technology Incorporated develops, manufactures, and sells semiconductor products for various embedded control applications in the Americas, Europe, and Asia. The company offers general purpose and specialized 8-bit, 16-bit, and 32-bit microcontrollers; 32-bit embedded microprocessors; and microcontrollers for automotive, industrial, aerospace, office communication, and computing applications. It also provides development tools that enable system designers to program microcontroller products for specific applications; field-programmable gate array (FPGA) products; and analog, power, interface, mixed signal, and timing products comprising power management, linear, mixed-signal, high-voltage, thermal management, discrete diodes and metal oxide semiconductor field effect transistors (MOSFETS), radio frequency (RF), drivers, safety, security, timing, USB, Ethernet, wireless, and other interface products. In addition, the company offers memory products consisting of serial electrically erasable programmable read-only memory, serial flash memories, parallel flash memories, serial static random access memories, and serial electrically erasable random access memories for the production of very small footprint devices; and licenses its SuperFlash embedded flash and Smartbits one time programmable NVM technologies to foundries, integrated device manufacturers, and design partners for use in the manufacture of microcontroller products, gate array, RF, analog, and neuromorphic compute products that require embedded non-volatile memory, as well as provides engineering services. Further, it offers wafer foundry and assembly, and test subcontracting manufacturing services; and timing systems products, application specific integrated circuits, aerospace products. Microchip Technology Incorporated was founded in 1989 and is headquartered in Chandler, Arizona."
MU,Micron Technology,Information Technology,Semiconductors,"Boise, Idaho",9/27/1994,1978,"Micron Technology, Inc. designs, manufactures, and sells memory and storage products worldwide. The company operates through four segments: Compute and Networking Business Unit, Mobile Business Unit, Storage Business Unit, and Embedded Business Unit. It offers memory and storage technologies, including DRAM, NAND, NOR, and 3D XPoint memory under the Micron and Crucial brands, as well as through private labels. The company provides memory products for the cloud server, enterprise, client, graphics, and networking markets, as well as for smartphone and other mobile-device markets; SSDs and component-level solutions for the enterprise and cloud, client, and consumer storage markets; other discrete storage products in component and wafer forms for the removable storage markets, as well as 3D XPoint memory products; and memory and storage products for the automotive, industrial, and consumer markets. It markets its products through its direct sales force, independent sales representatives, distributors, and retailers; and web-based customer direct sales channel, as well as through channel and distribution partners. Micron Technology, Inc. was founded in 1978 and is headquartered in Boise, Idaho."
MSFT,Microsoft,Information Technology,Systems Software,"Redmond, Washington",6/1/1994,1975,"Microsoft Corporation develops, licenses, and supports software, services, devices, and solutions worldwide. Its Productivity and Business Processes segment offers Office, Exchange, SharePoint, Microsoft Teams, Office 365 Security and Compliance, and Skype for Business, as well as related Client Access Licenses (CAL); Skype, Outlook.com, OneDrive, and LinkedIn; and Dynamics 365, a set of cloud-based and on-premises business solutions for small and medium businesses, large organizations, and divisions of enterprises. Its Intelligent Cloud segment licenses SQL and Windows Servers, Visual Studio, System Center, and related CALs; GitHub that provides a collaboration platform and code hosting service for developers; and Azure, a cloud platform. It also offers support services and Microsoft consulting services to assist customers in developing, deploying, and managing Microsoft server and desktop solutions; and training and certification to developers and IT professionals on various Microsoft products. Its More Personal Computing segment provides Windows original equipment manufacturer (OEM) licensing and other non-volume licensing of the Windows operating system; Windows Commercial, such as volume licensing of the Windows operating system, Windows cloud services, and other Windows commercial offerings; patent licensing; Windows Internet of Things; and MSN advertising. It also offers Surface, PC accessories, PCs, tablets, gaming and entertainment consoles, and other devices; Gaming, including Xbox hardware, and Xbox content and services; video games and third-party video game royalties; and Search, including Bing and Microsoft advertising. It sells its products through OEMs, distributors, and resellers; and directly through digital marketplaces, online stores, and retail stores. It has a strategic collaboration with DXC Technology and Dynatrace, Inc.; and a partnership with WPP plc. The company was founded in 1975 and is headquartered in Redmond, Washington."
MAA,Mid-America Apartment Communities,Real Estate,Residential REITs,"Memphis, Tennessee",12/2/2016,1977,"MAA, an S&P 500 company, is a real estate investment trust, or REIT, focused on delivering full-cycle and superior investment performance for shareholders through the ownership, management, acquisition, development and redevelopment of quality apartment communities in the Southeast, Southwest, and Mid-Atlantic regions of the United States. As of December 31, 2020, MAA had ownership interest in 102,772 apartment units, including communities currently in development, across 16 states and the District of Columbia."
MRNA,Moderna,Health Care,Biotechnology,"Cambridge, Massachusetts",7/21/2021,2010,"Moderna, Inc., a biotechnology company, develops therapeutics and vaccines based on messenger RNA for the treatment of infectious diseases, immuno-oncology, rare diseases, cardiovascular diseases, and auto-immune diseases. As of March 9, 2021, the company had 13 programs in clinical trials and a total of 24 development programs in six modalities comprising prophylactic vaccines, cancer vaccines, intratumoral immuno-oncology, localized regenerative therapeutics, systemic secreted and cell surface therapeutics, and systemic intracellular therapeutics. The company has strategic alliances with AstraZeneca PLC, Merck & Co., Inc., Vertex Pharmaceuticals Incorporated, Vertex Pharmaceuticals (Europe) Limited, the Biomedical Advanced Research and Development Authority, the Defense Advanced Research Projects Agency, the National Institute of Allergy and Infectious Diseases, the National Institutes of Health, the Coalition for Epidemic Preparedness Innovations, and Bill & Melinda Gates Foundation. Moderna, Inc. also has collaborations with Lonza Ltd. for the manufacture of COVID-19 vaccine; and Catalent Inc., Laboratorios Farmac√É¬©uticos Rovi, S.A., Recipharm, and Lonza Group for fill-finish manufacturing of its COVID-19 vaccine candidate. The company was formerly known as Moderna Therapeutics, Inc. and changed its name to Moderna, Inc. in August 2018. Moderna, Inc. was founded in 2010 and is headquartered in Cambridge, Massachusetts."
MHK,Mohawk Industries,Consumer Discretionary,Home Furnishings,"Calhoun, Georgia",12/23/2013,1878,"Mohawk Industries, Inc. designs, manufactures, sources, distributes, and markets flooring products for remodeling and new constructions of residential and commercial spaces in the United States, Europe, Russia, and internationally. It operates through three segments: Global Ceramic, Flooring North America (Flooring NA), and Flooring Rest of the World (Flooring ROW). The Global Ceramic segment provides a range of ceramic tile, porcelain tile, and natural stone products; and sources, markets, and distributes other tile related products. This segment markets and distributes its products under the American Olean, Daltile, Eliane, EmilGroup, KAI, Kerama Marazzi, Marazzi, and Ragno brands. The Flooring NA segment offers floor covering product lines in a range of colors, textures, and patterns, including carpets, carpet tiles, rugs and mats, carpet pads, hardwood, laminate, medium-density fiberboards, luxury vinyl tiles (LVT), and sheet vinyl products. This segment markets and distributes its flooring products under the Aladdin Commercial, Durkan, IVC, Karastan, Mohawk, Mohawk Group, Mohawk Home, Pergo, Portico, and Quick-Step brands. The Flooring ROW segment provides hardwood flooring and vinyl flooring, as well as laminates, roofing elements, sheet vinyl, LVT, insulation boards, medium-density fiberboards, chipboards, and other woods products under the Balterio, Feltex, Godfrey Hirst, Hycraft, IVC, Leoline, Moduleo, Pergo, Quick-Step, and Unilin and Xtratherm brands; and licenses its intellectual property to flooring manufacturers. Mohawk Industries, Inc. was founded in 1988 and is headquartered in Calhoun, Georgia."
MOH,Molina Healthcare,Health Care,Managed Health Care,"Long Beach, California",3/2/2022,1980,"Molina Healthcare, Inc. provides managed health care services to low-income families and individuals under the Medicaid and Medicare programs and through the state insurance marketplaces. The company operates in two segments, Health Plans and Other. As of December 31, 2020, it served approximately 4.0 million members eligible for Medicaid, Medicare, and other government-sponsored healthcare programs in 15 states. The company offers its health care services for its members through contracts with a network of providers, including independent physicians and physician groups, hospitals, ancillary providers, and pharmacies. Molina Healthcare, Inc. was founded in 1980 and is headquartered in Long Beach, California."
TAP,Molson Coors Beverage Company,Consumer Staples,Brewers,"Chicago, Illinois",6/30/1976,"2005 (Molson 1786, Coors 1873)","Molson Coors Beverage Company manufactures, markets, and sells beer and other malt beverage products in the United States, Canada, Europe, and internationally. The company was formerly known as Molson Coors Brewing Company and changed its name to Molson Coors Beverage Company in January 2020. Molson Coors Beverage Company was founded in 1774 and is headquartered in Chicago, Illinois."
MDLZ,Mondelez International,Consumer Staples,Packaged Foods & Meats,"Chicago, Illinois",10/2/2012,2012,"Mondelez International, Inc., through its subsidiaries, manufactures, markets, and sells snack food and beverage products worldwide. It offers biscuits, including cookies, crackers, and salted snacks; chocolates; and gums and candies, as well as various cheese and grocery, and powdered beverage products. The company's snack brand portfolio includes Cadbury, Milka, and Toblerone chocolates; Oreo, belVita, and LU biscuits; Halls candies; and Trident gums and Tang powdered beverages. It serves supermarket chains, wholesalers, supercenters, club stores, mass merchandisers, distributors, convenience stores, gasoline stations, drug stores, value stores, and other retail food+ outlets through direct store delivery, company-owned and satellite warehouses, distribution centers, and other facilities, as well as through independent sales offices and agents, and e-commerce channels. The company was formerly known as Kraft Foods Inc. and changed its name to Mondelez International, Inc. in October 2012. Mondelez International, Inc. was incorporated in 2000 and is based in Chicago, Illinois."
MPWR,Monolithic Power Systems,Information Technology,Semiconductors,"Kirkland, Washington",2/12/2021,1997,"Monolithic Power Systems, Inc. designs, develops, and markets integrated power semiconductor solutions and power delivery architectures for computing and storage, automotive, industrial, communications, and consumer applications markets. It offers direct current (DC) to DC integrated circuits (ICs) that are used to convert and control voltages of various electronic systems, such as portable electronic devices, wireless LAN access points, computers and notebooks, monitors, infotainment applications, and medical equipment. The company also provides lighting control ICs for backlighting that are used in systems, which provide the light source for LCD panels in notebook computers, monitors, car navigation systems, and televisions, as well as for general illumination products. The company sells its products through third-party distributors, and value-added resellers, as well as directly to original equipment manufacturers, original design manufacturers, electronic manufacturing service providers, and other end customers in China, Taiwan, Europe, South Korea, Southeast Asia, Japan, the United States, and internationally. Monolithic Power Systems, Inc. was incorporated in 1997 and is headquartered in Kirkland, Washington."
MNST,Monster Beverage,Consumer Staples,Soft Drinks,"Corona, California",6/28/2012,2012 (1935),"Monster Beverage Corporation, through its subsidiaries, develops, markets, sells, and distributes energy drink beverages and concentrates in the United States and internationally. It operates through three segments: Monster Energy Drinks, Strategic Brands, and Other. The company offers carbonated energy drinks, non-carbonated dairy based coffee and energy drinks, non-carbonated energy teas and shakes, non-carbonated energy drinks, and ready-to-drink packaged energy drinks primarily to bottlers and beverage distributors, as well as sells directly to retail grocery and specialty chains, wholesalers, club stores, mass merchandisers, convenience chains, drug stores, foodservice customers, value stores, e-commerce retailers, and the military; and concentrates and/or beverage bases to bottling and canning operations. Monster Beverage Corporation sells its products under the Monster Energy, Monster Energy Ultra, Monster Rehab, Monster MAXX, Java Monster, Muscle Monster, Espresso Monster, Punch Monster, Juice Monster, Monster Hydro, Caff√É¬© Monster, Reign Total Body Fuel, Reign Inferno Thermogenic Fuel, NOS, Full Throttle, Burn, Mother, Nalu, Ultra Energy, Play and Power Play, Relentless, BPM, BU, Gladiator, Samurai, Live+, Predator, and Fury brands. The company was formerly known as Hansen Natural Corporation and changed its name to Monster Beverage Corporation in January 2012. Monster Beverage Corporation was incorporated in 1990 and is headquartered in Corona, California."
MCO,Moody's Corporation,Financials,Financial Exchanges & Data,"New York City, New York",7/1/1998,1909,"Moody's Corporation operates as an integrated risk assessment firm worldwide. It operates in two segments, Moody's Investors Service and Moody's Analytics. The Moody's Investors Service segment publishes credit ratings and provides assessment services on various debt obligations, programs and facilities, and entities that issue such obligations, such as various corporate, financial institution, and governmental obligations; and structured finance securities. This segment provides ratings in approximately 140 countries. Its ratings are disseminated through press releases to the public through electronic media, including the internet and real-time information systems used by securities traders and investors. This segment has rated approximately 5,000 non-financial corporates; 3,600 financial institutions; 16,000 public finance issuers; 145 sovereigns; 47 supranational institutions; 459 sub-sovereigns; and 1,000 infrastructure and project finance issuers, as well as 9,100 structured finance deals. The Moody's Analytics segment develops a range of products and services that support the risk management activities of institutional participants in financial markets; and offers subscription based research, data, and analytical products comprising credit ratings, credit research, quantitative credit scores and other analytical tools, economic research and forecasts, business intelligence and company information products, commercial real estate data and analytical tools, and on-line and classroom-based training services, as well as credentialing and certification services. It also offers software solutions, as well as related risk management services; and offshore analytical and research services with learning solutions and certification programs. The company was formerly known as Dun and Bradstreet Company and changed its name to Moody's Corporation in September 2000. Moody's Corporation was founded in 1900 and is headquartered in New York, New York."
MS,Morgan Stanley,Financials,Investment Banking & Brokerage,"New York City, New York",7/29/1993,1935,"Morgan Stanley, a financial holding company, provides various financial products and services to corporations, governments, financial institutions, and individuals in the Americas, Europe, the Middle East, Africa, and Asia. The company operates through Institutional Securities, Wealth Management, and Investment Management segments. The Institutional Securities segment offers capital raising and financial advisory services, including services related to the underwriting of debt, equity, and other securities, as well as advice on mergers and acquisitions, restructurings, real estate, and project finance. This segment also provides sales and trading services, such as sales, financing, prime brokerage, and market-making services in equity and fixed income products consisting of foreign exchange and commodities; corporate and commercial real estate loans, which provides secured lending facilities and financing for sales and trading customers, as well as asset-backed and mortgage lending; and wealth management services, investment, and research services. The Wealth Management segment offers various financial services and solutions covering brokerage and investment advisory services; financial and wealth planning services; stock plan administration services; annuity and insurance products; securities-based lending, residential real estate loans, and other lending products; and banking and retirement plan services to individual investors and small to medium-sized businesses and institutions. The Investment Management segment provides various investment strategies and products comprising equity, fixed income, liquidity, and alternative/other products to benefit/defined contribution plans, foundations, endowments, government entities, sovereign wealth funds, insurance companies, and third-party fund sponsors and corporations through institutional and intermediary channels. The company was founded in 1924 and is headquartered in New York, New York."
MOS,Mosaic Company (The),Materials,Fertilizers & Agricultural Chemicals,"Tampa, Florida",9/26/2011,2004 (1865 / 1909),"The Mosaic Company, through its subsidiaries, produces and markets concentrated phosphate and potash crop nutrients in North America and internationally. The company operates through three segments: Phosphates, Potash, and Mosaic Fertilizantes. It owns and operates mines, which produce concentrated phosphate crop nutrients, such as diammonium phosphate, monoammonium phosphate, and ammoniated phosphate products; and phosphate-based animal feed ingredients primarily under the Biofos and Nexfos brand names, as well as produces a double sulfate of potash magnesia product under K-Mag brand name. The company also produces and sells potash for use in the manufacturing of mixed crop nutrients and animal feed ingredients, and for industrial use; and for use in the de-icing and as a water softener regenerant. In addition, it provides nitrogen-based crop nutrients and animal feed ingredients, and other ancillary services; and purchases and sells phosphates, potash, and nitrogen products. The company sells its products to wholesale distributors, retail chains, farmers, cooperatives, independent retailers, and national accounts. The Mosaic Company was incorporated in 2004 and is headquartered in Tampa, Florida."
MSI,Motorola Solutions,Information Technology,Communications Equipment,"Chicago, Illinois",3/4/1957,1928 (2011),"Motorola Solutions, Inc. provides mission critical communications and analytics in the United States, the United Kingdom, Canada, and internationally. The company operates in two segments, Products and Systems Integration, and Services and Software. The Products and Systems Integration segment offers a portfolio of infrastructure, devices, accessories, and video security devices and infrastructure, as well as the implementation, optimization, and integration of systems, devices, software, and applications for government, public safety and first-responder agencies, municipalities, and commercial and industrial customers. Its LMR and video security and analytics devices include two-way portable and vehicle-mounted radios, fixed and mobile video cameras, and accessories; radio network core and central processing software, base stations, consoles, and repeaters; and video analytics, network video management hardware and software, and access control solutions. The Services segment provides repair, technical support, and hardware maintenance services. This segment also offers monitoring, software updates, and cybersecurity services; and public safety and enterprise command center software, unified communications applications, and video software solutions. It serves for government, public safety, and commercial communication networks. The company was formerly known as Motorola, Inc. and changed its name to Motorola Solutions, Inc. in January 2011. Motorola Solutions, Inc. was founded in 1928 and is headquartered in Chicago, Illinois."
MSCI,MSCI,Financials,Financial Exchanges & Data,"New York City, New York",4/4/2018,1969,"MSCI Inc., together with its subsidiaries, provides investment decision support tools for the clients to manage their investment processes worldwide. The company operates through Index, Analytics, and All Other segments. The Index segment primarily provides indexes for use in various areas of the investment process, including indexed product creation, such as ETFs, mutual funds, annuities, futures, options, structured products, over-the-counter derivatives; performance benchmarking; portfolio construction and rebalancing; and asset allocation, as well as licenses GICS and GICS Direct. The Analytics segment offers risk management, performance attribution and portfolio management content, applications, and services that provide clients with an integrated view of risk and return, and an analysis of market, credit, liquidity, and counterparty risk across various asset classes; various managed services, including consolidation of client portfolio data from various sources, review and reconciliation of input data and results, and customized reporting; and HedgePlatform to measure, evaluate, and monitor the risk of hedge fund investments. The All Other √Ç¬ñ ESG segment provides products and services that help institutional investors understand how environmental, social, and governance (ESG) factors impact the long-term risk and opportunities in financial markets; and data and rating products for use in the construction of equity and fixed income indexes and issue index-based investment products, as well as manage, measure, and report on ESG mandates. The All Other √Ç¬ñ Real Estate segment includes research, reporting, market data, and benchmarking offerings that provide real estate performance analytics for funds, investors, and managers; and business intelligence to real estate owners, managers, developers, and brokers. It serves asset owners and managers, financial intermediaries, and wealth managers. MSCI Inc. was founded in 1998 and is headquartered in New York, New York."
NDAQ,"Nasdaq, Inc.",Financials,Financial Exchanges & Data,"New York City, New York",10/22/2008,1971,"Nasdaq, Inc. operates as a technology company that serves capital markets and other industries worldwide. It operates through four segments: Market Services, Corporate Platforms, Investment Intelligence, and Market Technology. The Market Services segment includes equity derivative trading and clearing, cash equity trading, fixed income and commodities trading and clearing, and trade management service businesses. This segment operates various exchanges and other marketplace facilities across various asset classes, which include derivatives, commodities, cash equity, debt, structured products, and exchange traded products; and provides broker, clearing, settlement, and central depository services. The Corporate Platforms segment includes listing; investor relation; and environmental, social, and governance services businesses that deliver critical capital market and governance solutions to public and private companies. As of December 31, 2020, it had 3,392 companies listed securities on The Nasdaq Stock Market, including 1,476 listings on The Nasdaq Global Select Market; 907 on The Nasdaq Global Market; and 1,009 on The Nasdaq Capital Market. The Investment Intelligence segment provides market data, index, and analytics to institutional and retail investors. The Market Technology segment offers technology solutions for trading, clearing, market surveillance, settlement, depository, and information dissemination to markets. It also provides Nasdaq Trade Surveillance solution, a managed service designed for brokers and other market participants; Nasdaq Risk, a suite of products that offer a real-time and multi-tiered risk solutions; Nasdaq Automated Investigator, an anti-money laundering tool; and anti-financial crime management solutions. The company was formerly known as The NASDAQ OMX Group, Inc. and changed its name to Nasdaq, Inc. in September 2015. Nasdaq, Inc. was founded in 1971 and is headquartered in New York, New York."
NTAP,NetApp,Information Technology,"Technology Hardware, Storage & Peripherals","San Jose, California",6/25/1999,1992,"NetApp, Inc. provides software, systems, and services to manage and share data on-premises, and private and public clouds worldwide. The company offers cloud data services, including NetApp Cloud Volumes Service for AWS, NetApp Cloud Sync, NetApp Cloud Tiering, NetApp Global File Cache, NetApp SaaS Backup, NetApp Cloud Manager, NetApp Fabric Orchestrator, and NetApp Cloud Insights. It also provides hybrid cloud solutions, such as NetApp ONTAP Storage Operating System, NetApp AFF A-series, NetApp AFF C190, NetApp FAS Series, FlexPod, NetApp ONTAP Select, NetApp MAX Data, NetApp Data Availability Services, NetApp SnapCenter Backup Management Software, NetApp SnapMirror Data Replication Software, NetApp SnapLock Data Compliance Software, NetApp StorageGRID Object Storage Software, NetApp Element Operating System, NetApp SolidFire, NetApp HCI, NetApp SANtricity Storage Operating System, NetApp EF-Series, NetApp E-Series, NetApp Active IQ Predictive Analytics and Support, NetApp OnCommand Insight, and NetApp OnCommand Workflow Automation. Further, it provides software maintenance, hardware maintenance, and other services, including professional services, global support solutions, and customer education and training. It serves the energy, financial services, government, high technology, internet, life sciences, healthcare services, manufacturing, media, entertainment, animation, video postproduction, and telecommunications through a direct sales force and an ecosystem of partners. NetApp has strategic partnership with Fujitsu for data management infrastructure. NetApp, Inc. was founded in 1992 and is headquartered in Sunnyvale, California."
NFLX,Netflix,Communication Services,Movies & Entertainment,"Los Gatos, California",12/20/2010,1997,"Netflix, Inc. provides entertainment services. It offers TV series, documentaries, and feature films across various genres and languages. The company provides members the ability to receive streaming content through a host of Internet-connected devices, including TVs, digital video players, television set-top boxes, and mobile devices. It also provides DVDs-by-mail membership services. The company has approximately 204 million paid members in 190 countries. Netflix, Inc. was founded in 1997 and is headquartered in Los Gatos, California."
NWL,Newell Brands,Consumer Discretionary,Housewares & Specialties,"Atlanta, Georgia",4/30/1989,1903,"Newell Brands Inc. designs, manufactures, sources, and distributes consumer and commercial products worldwide. Its Appliances and Cookware segment offers household products, including kitchen appliances, gourmet cookware, bakeware, and cutlery under the Calphalon, Crock-Pot, Mr. Coffee, Oster, and Sunbeam brands. The company's Commercial Solutions segment provides commercial cleaning and maintenance solutions; closet and garage organization; hygiene systems and material handling solutions; and home and security, and smoke and carbon monoxide alarms products under the BRK, First Alert, Mapa, Quickie, Rubbermaid, Rubbermaid Commercial Products, and Spontex brands. Its Home Solutions segment offers food and home storage; fresh preserving; vacuum sealing; and home fragrance products under the Ball, Chesapeake Bay Candle, FoodSaver, Rubbermaid, Sistema, WoodWick, and Yankee Candle brands. The company's Learning and Development segment provides writing instruments, including markers and highlighters, pens, and pencils; art products; activity-based adhesive and cutting products; labeling solutions; and baby gear and infant care products under the Aprica, Baby Jogger, Dymo, Elmer's, EXPO, Graco, Mr. Sketch, NUK, Paper Mate, Parker, Prismacolor, Sharpie, Tigex Waterman, and X-Acto brands. Its Outdoor and Recreation segment offers products for outdoor and outdoor-related activities under the Coleman, Contigo, ExOfficio, and Marmot brands. The company markets its products to warehouse clubs, department stores, drug/grocery stores, mass merchants, specialty retailers, distributors and e-commerce companies, home centers, sporting goods retailers, office superstores and supply stores, contract stationers, and travel retailers. The company was formerly known as Newell Rubbermaid Inc. and changed its name to Newell Brands Inc. in April 2016. Newell Brands Inc. was founded in 1903 and is based in Atlanta, Georgia."
NEM,Newmont,Materials,Gold,"Denver, Colorado",6/30/1969,1921,"Newmont Corporation engages in the production and exploration of gold. It also explores for copper, silver, zinc, and lead. The company has operations and/or assets in the United States, Canada, Mexico, Dominican Republic, Peru, Suriname, Argentina, Chile, Australia, and Ghana. As of December 31, 2020, it had proven and probable gold reserves of 94.2 million ounces and land position of 58,900 square kilometers. The company was founded in 1916 and is headquartered in Denver, Colorado."
NWSA,News Corp (Class A),Communication Services,Publishing,"New York City, New York",8/1/2013,2013 (1980),"News Corporation, a media and information services company, creates and distributes content for consumers and businesses worldwide. It operates in six segments: Digital Real Estate Services, Subscription Video Services, Dow Jones, Book Publishing, News Media, and Other. The company distributes content and data products, including The Wall Street Journal, Factiva, Dow Jones Risk & Compliance, Dow Jones Newswires, Barron's, and MarketWatch through various media channels, such as newspapers, newswires, websites, applications for mobile devices, tablets and e-book readers, newsletters, magazines, proprietary databases, live journalism, videos, and podcasts. It also owns and operates daily, Sunday, weekly, and bi-weekly newspapers comprising The Australian, The Weekend Australian, The Daily Telegraph, The Sunday Telegraph, Herald Sun, Sunday Herald Sun, The Courier Mail, The Sunday Mail, The Advertiser, Sunday Mail, The Sun, The Sun on Sunday, The Times, The Sunday Times, and New York Post, as well as digital mastheads and other websites. In addition, the company publishes general fiction, nonfiction, children's, and religious books; provides video sports, entertainment, and news services to pay-TV subscribers and other commercial licensees primarily through cable, satellite, and Internet distribution; and broadcasts rights to live sporting events. Further, it offers property and property-related services on its Websites and mobile applications; online real estate services; and professional software and service products, which comprise Top Producer and ListHub. News Corporation is headquartered in New York, New York."
NWS,News Corp (Class B),Communication Services,Publishing,"New York City, New York",9/18/2015,2013 (1980),"News Corporation, a media and information services company, creates and distributes content for consumers and businesses worldwide. It operates in six segments: Digital Real Estate Services, Subscription Video Services, Dow Jones, Book Publishing, News Media, and Other. The company distributes content and data products, including The Wall Street Journal, Factiva, Dow Jones Risk & Compliance, Dow Jones Newswires, Barron's, and MarketWatch through various media channels, such as newspapers, newswires, websites, applications for mobile devices, tablets and e-book readers, newsletters, magazines, proprietary databases, live journalism, videos, and podcasts. It also owns and operates daily, Sunday, weekly, and bi-weekly newspapers comprising The Australian, The Weekend Australian, The Daily Telegraph, The Sunday Telegraph, Herald Sun, Sunday Herald Sun, The Courier Mail, The Sunday Mail, The Advertiser, Sunday Mail, The Sun, The Sun on Sunday, The Times, The Sunday Times, and New York Post, as well as digital mastheads and other websites. In addition, the company publishes general fiction, nonfiction, children's, and religious books; provides video sports, entertainment, and news services to pay-TV subscribers and other commercial licensees primarily through cable, satellite, and Internet distribution; and broadcasts rights to live sporting events. Further, it offers property and property-related services on its Websites and mobile applications; online real estate services; and professional software and service products, which comprise Top Producer and ListHub. News Corporation is headquartered in New York, New York."
NEE,NextEra Energy,Utilities,Multi-Utilities,"Juno Beach, Florida",6/30/1976,1984 (1925),"NextEra Energy, Inc., through its subsidiaries, generates, transmits, distributes, and sells electric power to retail and wholesale customers in North America. The company generates electricity through wind, solar, nuclear, and fossil fuel, such as coal and natural gas facilities. It also develops, constructs, and operates long-term contracted assets with a focus on renewable generation facilities, electric transmission facilities, and battery storage projects; and owns, develops, constructs, manages and operates electric generation facilities in wholesale energy markets. As of December 31, 2020, the company operated approximately 28,400 megawatts of net generating capacity. It serves approximately 11 million people through approximately 5.6 million customer accounts in the east and lower west coasts of Florida with approximately 76,200 circuit miles of transmission and distribution lines and 673 substations. The company was formerly known as FPL Group, Inc. and changed its name to NextEra Energy, Inc. in 2010. NextEra Energy, Inc. was founded in 1925 and is headquartered in Juno Beach, Florida."
NKE,"Nike, Inc.",Consumer Discretionary,"Apparel, Accessories & Luxury Goods","Washington County, Oregon",11/30/1988,1964,"NIKE, Inc., together with its subsidiaries, designs, develops, markets, and sells athletic footwear, apparel, equipment, and accessories worldwide. The company offers NIKE brand products in six categories, including running, NIKE basketball, the Jordan brand, football, training, and sportswear. It also markets products designed for kids, as well as for other athletic and recreational uses, such as American football, baseball, cricket, golf, lacrosse, skateboarding, tennis, volleyball, walking, wrestling, and other outdoor activities; and apparel with licensed college and professional team and league logos, as well as sells sports apparel. In addition, the company sells a line of performance equipment and accessories comprising bags, socks, sport balls, eyewear, timepieces, digital devices, bats, gloves, protective equipment, and other equipment for sports activities; and various plastic products to other manufacturers. Further, it provides athletic and casual footwear, apparel, and accessories under the Jumpman trademark; casual sneakers, apparel, and accessories under the Converse, Chuck Taylor, All Star, One Star, Star Chevron, and Jack Purcell trademarks; and action sports and youth lifestyle apparel and accessories under the Hurley trademark. Additionally, the company licenses agreements that permit unaffiliated parties to manufacture and sell apparel, digital devices, and applications and other equipment for sports activities under NIKE-owned trademarks. It sells its products to footwear stores; sporting goods stores; athletic specialty stores; department stores; skate, tennis, and golf shops; and other retail accounts through NIKE-owned retail stores, digital platforms, independent distributors, licensees, and sales representatives. The company was formerly known as Blue Ribbon Sports, Inc. and changed its name to NIKE, Inc. in 1971. NIKE, Inc. was founded in 1964 and is headquartered in Beaverton, Oregon."
NI,NiSource,Utilities,Multi-Utilities,"Merrillville, Indiana",11/2/2000,1912,"NiSource Inc., an energy holding company, operates as a regulated natural gas and electric utility company in the United States. The company operates through two segments, Gas Distribution Operations and Electric Operations. It provides natural gas services and transportation for residential, commercial, and industrial customers; generates, transmits, and distributes electricity; and wholesale and transmission transaction services. The company owns and operates two coal-fired electric generating stations with a capacity of 2,080 megawatts (MW); combined cycle gas turbine with a capacity of 571 MW; two gas-fired generating units with a capacity of 155 MW; and two hydroelectric generating plants with a capacity of 10 MW. It serves approximately 4 million natural gas customers in six states under the Columbia Gas and NIPSCO brands; and 500,000 electricity customers in the northern part of Indiana. The company was formerly known as NIPSCO Industries, Inc. and changed its name to NiSource Inc. in April 1999. NiSource Inc. was founded in 1847 and is headquartered in Merrillville, Indiana."
NDSN,Nordson Corporation,Industrials,Industrial Machinery,"Westlake, Ohio",2/15/2022,1935,"Nordson Corporation engineers, manufactures, and markets products and systems to dispense, apply, and control adhesives, coatings, polymers, sealants, biomaterials, and other fluids worldwide. It operates through two segments, Industrial Precision Solutions (IPS) and Advanced Technology Solutions (ATS). The IPS segment provides dispensing, coating, and laminating systems for adhesives, lotions, liquids, and fibers to disposable products and roll goods; automated adhesive dispensing systems used in packaged goods industries; components and systems used in the thermoplastic melt stream; and product assembly systems for use in paper and paperboard converting applications, and manufacturing roll goods, as well as for the assembly of plastic, metal, and wood products. It also offers automated and manual dispensing products and systems to apply adhesive and sealant materials; dispensing and curing systems to coat and cure containers; systems to apply liquid paints and coatings to consumer and industrial products; and systems to apply powder paints and coatings to metal, plastic, and wood products, as well as ultraviolet equipment for use in curing and drying operations for specialty coatings, semiconductor materials, and paints. The ATS segment provides automated dispensing systems for the attachment, protection, and coating of fluids, as well as related gas plasma treatment systems for cleaning and conditioning surfaces; precision manual and semi-automated dispensers, minimally invasive interventional delivery devices, plastic molded syringes, cartridges, tips, fluid connection components, tubing, balloons, and catheters; and bond testing and automated optical, acoustic microscopy, and x-ray inspection systems for use in semiconductor and printed circuit board industries. The company markets its products through direct sales force, as well as distributors and sales representatives. Nordson Corporation was founded in 1935 and is headquartered in Westlake, Ohio."
NSC,Norfolk Southern Railway,Industrials,Railroads,"Atlanta, Georgia",3/4/1957,1881/1894 (1980),"Norfolk Southern Corporation, together with its subsidiaries, engages in the rail transportation of raw materials, intermediate products, and finished goods in the United States. The company transports industrial products, including agriculture, forest and consumer products, chemicals, and metals and construction materials; and coal, automobiles, and automotive parts. It also transports overseas freight through various Atlantic and Gulf Coast ports; and provides commuter passenger services. As of December 31, 2020, the company operated approximately 19,300 route miles in 22 states and the District of Columbia. Norfolk Southern Corporation was incorporated in 1980 and is based in Norfolk, Virginia."
NTRS,Northern Trust,Financials,Asset Management & Custody Banks,"Chicago, Illinois",1/30/1998,1889,"Northern Trust Corporation, a financial holding company, provides wealth management, asset servicing, asset management, and banking solutions for corporations, institutions, families, and individuals worldwide. It operates in two segments, Corporate & Institutional Services (C&IS) and Wealth Management. The C&IS segment offers asset servicing and related services, including custody, fund administration, investment operations outsourcing, investment management, investment risk and analytical services, employee benefit services, securities lending, foreign exchange, treasury management, brokerage services, transition management services, banking, and cash management services. This segment serves corporate and public retirement funds, foundations, endowments, fund managers, insurance companies, sovereign wealth funds, and other institutional investors. The Wealth Management segment offers trust, investment management, custody, and philanthropic; financial consulting; guardianship and estate administration; family business consulting; family financial education; brokerage services; and private and business banking services. This segment serves high-net-worth individuals and families, business owners, executives, professionals, retirees, and established privately-held businesses. The company also provides asset management services, such as active and passive equity; active and passive fixed income; cash management; alternative asset classes comprising private equity and hedge funds of funds; and multi-manager advisory services and products through separately managed accounts, bank common and collective funds, registered investment companies, exchange traded funds, non-U.S. collective investment funds, and unregistered private investment funds. In addition, it offers overlay and other risk management services. The company was founded in 1889 and is headquartered in Chicago, Illinois."
NOC,Northrop Grumman,Industrials,Aerospace & Defense,"West Falls Church, Virginia",3/4/1957,"1994 (Northrop 1939, Grumman 1930)","Northrop Grumman Corporation operates as an aerospace and defense company worldwide. The company operates through four segments: Aeronautics Systems, Defense Systems, Mission Systems, and Space Systems. The Aeronautics Systems segment designs, develops, manufactures, integrates, and sustains aircraft systems for strategic and tactical intelligence, surveillance, and reconnaissance (ISR) missions; and long-range strike aircraft systems, tactical fighter aircrafts, and airborne battle management systems. The Defense Systems segment offers weapon and mission systems for the U.S. military and civilian agency customers. Its principal products and services include integrated battle management systems, weapons systems, information technology services, and intelligence operations. This segment provides command and control and weapons systems, including munitions and missiles; precision strike weapons; propulsion, such as air-breathing systems; and gun systems and precision munitions. It also offers life cycle service and support for software, weapons systems, and aircraft; security services, including information and cyber operations; intelligence analysis and support; and IT infrastructure, such as cloud. The Mission Systems segment offers command, control, communications, and computers ISR systems; radar, electro-optical/infrared, and acoustic sensors; electronic warfare systems; communications and network systems; processing systems; navigation; and maritime power, propulsion, and payload launch systems. This segment also provides airborne sensors and networks; cyber and intelligence mission solutions; maritime/land systems and sensors; and navigation, targeting, and survivability solutions. The Space Systems segment offers satellites and payloads; ground systems; missile defense systems and interceptors; launch vehicles and related propulsion systems; and strategic missiles. Northrop Grumman Corporation was founded in 1939 and is based in Falls Church, Virginia."
NCLH,Norwegian Cruise Line Holdings,Consumer Discretionary,"Hotels, Resorts & Cruise Lines","Miami, Florida",10/13/2017,2011 (1966),"Norwegian Cruise Line Holdings Ltd., together with its subsidiaries, operates as a cruise company in the North America, Europe, the Asia-Pacific, and internationally. The company operates the Norwegian Cruise Line, Oceania Cruises, and Regent Seven Seas Cruises brands. It offers itineraries ranging from three days to a 180-days calling on various locations, including destinations in Scandinavia, Russia, the Mediterranean, the Greek Isles, Alaska, Canada and New England, India and the rest of Asia, Tahiti and the South Pacific, Australia and New Zealand, Africa, South America, the Panama Canal, and the Caribbean. As of December 31, 2020, the company had 28 ships with approximately 59,150 berths. It distributes its products through retail/travel advisor and onboard cruise sales channels, as well as meetings, incentives, and charters. The company was founded in 1966 and is based in Miami, Florida."
NRG,NRG Energy,Utilities,Independent Power Producers & Energy Traders,"Houston, Texas",1/29/2010,1992,"NRG Energy, Inc., together with its subsidiaries, operates as an integrated power company in the United States. It operates through Texas, East, and West. The company is involved in the producing, selling, and delivering electricity and related products and services to 3.6 million residential, industrial, and commercial consumers. It generates electricity using natural gas, coal, oil, solar, nuclear, and battery storage. The company also provides system power, distributed generation, renewable products, backup generation, storage and distributed solar, demand response, energy efficiency, advisory, and on-site energy solutions; and carbon management and specialty services. In addition, it trades in electric power, natural gas, and related commodities; environmental products; weather products; and financial products, including forwards, futures, options, and swaps. Further, the company procures fuels; provides transportation services; and directly sells energy, services, and products and services to retail customers under the NRG, Reliant, Green Mountain Energy, Stream, XOOM Energy, and other brand names. As of December 31, 2020, it owns power generation portfolio with approximately 23,000 megawatts of capacity at 33 plants. NRG Energy, Inc. was founded in 1989 and is headquartered in Princeton, New Jersey."
NUE,Nucor,Materials,Steel,"Charlotte, North Carolina",4/30/1985,1940,"Nucor Corporation manufactures and sells steel and steel products. It operates through three segments: Steel Mills, Steel Products, and Raw Materials. The Steel Mills segment produces hot-rolled, cold-rolled, and galvanized sheet steel products; plate steel products; wide-flange beams, beam blanks, and H-piling and sheet piling products; bar steel products, such as blooms, billets, concrete reinforcing and merchant bars, and special bar quality products. It also engages in the steel trading and rebar distribution businesses. This segment sells its products to steel service centers, fabricators, and manufacturers in the United States, Canada, and Mexico. The Steel Products segment offers hollow structural section steel tubing products, electrical conduits, steel joists and joist girders, steel decks, fabricated concrete reinforcing steel products, cold finished steel products, steel fasteners, metal building systems, steel grating and expanded metal products, and wire and wire mesh products primarily for use in nonresidential construction applications. This segment also engages in the piling distribution business. The Raw Materials segment produces direct reduced iron (DRI); brokers ferrous and nonferrous metals, pig iron, hot briquetted iron, and DRI; supplies ferro-alloys; and processes ferrous and nonferrous scrap metal, as well as engages in the natural gas drilling operations. This segment sells its ferrous scrap to electric arc furnace steel mills and foundries for manufacturing process; and nonferrous scrap metal to aluminum can producers, secondary aluminum smelters, steel mills and other processors, and consumers of various nonferrous metals. The company offers its products through its in-house sales forces; and internal distribution and trading companies. The company was incorporated in 1958 and is headquartered in Charlotte, North Carolina."
NVDA,Nvidia,Information Technology,Semiconductors,"Santa Clara, California",11/30/2001,1993,"NVIDIA Corporation operates as a visual computing company worldwide. It operates in two segments, Graphics and Compute & Networking. The Graphics segment offers GeForce GPUs for gaming and PCs, the GeForce NOW game streaming service and related infrastructure, and solutions for gaming platforms; Quadro/NVIDIA RTX GPUs for enterprise design; GRID software for cloud-based visual and virtual computing; and automotive platforms for infotainment systems. The Compute & Networking segment offers Data Center platforms and systems for AI, HPC, and accelerated computing; Mellanox networking and interconnect solutions; automotive AI Cockpit, autonomous driving development agreements, and autonomous vehicle solutions; and Jetson for robotics and other embedded platforms. The company's products are used in gaming, professional visualization, datacenter, and automotive markets. NVIDIA Corporation sells its products to original equipment manufacturers, original device manufacturers, system builders, add-in board manufacturers, retailers/distributors, Internet and cloud service providers, automotive manufacturers and tier-1 automotive suppliers, mapping companies, start-ups, and other ecosystem participants. NVIDIA Corporation was founded in 1993 and is headquartered in Santa Clara, California."
NVR,"NVR, Inc.",Consumer Discretionary,Homebuilding,"Reston, Virginia",9/26/2019,1980,"NVR, Inc. operates as a homebuilder in the United States. The company operates in two segments, Homebuilding and Mortgage Banking. It primarily constructs and sells single-family detached homes, townhomes, and condominium buildings under the Ryan Homes, NVHomes, and Heartland Homes names. The company markets its Ryan Homes products to first-time and first-time move-up buyers, and NVHomes and Heartland Homes products to move-up and luxury buyers. It also provides various mortgage-related services to its homebuilding customers, as well as brokers title insurance and performs title searches in connection with mortgage loan closings. The company primarily serves in Maryland, Virginia, West Virginia, Delaware, New Jersey, Eastern Pennsylvania, New York, Ohio, Western Pennsylvania, Indiana, Illinois, North Carolina, South Carolina, Florida, Tennessee, and Washington, D.C. The company was founded in 1980 and is headquartered in Reston, Virginia."
NXPI,NXP Semiconductors,Information Technology,Semiconductors,"Eindhoven, Netherlands",3/22/2021,1953,"NXP Semiconductors N.V. offers various semiconductor products. The company's product portfolio includes microcontrollers; application processors including i.MX application processors and i.MX 8 family of applications processors; communication processors; wireless connectivity solutions, such as near field communications, ultra-wideband, Bluetooth low-energy, Zigbee, and Wi-Fi and Wi-Fi/Bluetooth integrated SoCs; analog and interface devices; radio frequency power amplifiers; and security controllers, as well as semiconductor-based environmental and inertial sensors, including pressure, inertial, magnetic, and gyroscopic sensors. Its product solutions are used in a range of applications, including automotive, industrial and Internet of Things, mobile, and communication infrastructure. The company markets its products to various original equipment manufacturers, original design manufacturers, contract manufacturers, and distributors. It operates in China, the Netherlands, the United States, Singapore, Germany, Japan, South Korea, Malaysia, and internationally. The company was formerly known as KASLION Acquisition B.V and changed its name to NXP Semiconductors N.V. in May 2010. NXP Semiconductors N.V. was incorporated in 2006 and is headquartered in Eindhoven, the Netherlands."
ORLY,O'Reilly Auto Parts,Consumer Discretionary,Specialty Stores,"Springfield, Missouri",3/27/2009,1957,"O'Reilly Automotive, Inc., together with its subsidiaries, operates as a retailer of automotive aftermarket parts, tools, supplies, equipment, and accessories in the United States. The company provides new and remanufactured automotive hard parts and maintenance items, such as alternators, batteries, brake system components, belts, chassis parts, driveline parts, engine parts, fuel pumps, hoses, starters, temperature control, water pumps, antifreeze, appearance products, engine additives, filters, fluids, lighting products, and oil and wiper blades; and accessories, including floor mats, seat covers, and truck accessories. Its stores offer auto body paint and related materials, automotive tools, and professional service provider service equipment. The company's stores also offer enhanced services and programs comprising used oil, oil filter, and battery recycling; battery, wiper, and bulb replacement; battery diagnostic testing; electrical and module testing; check engine light code extraction; loaner tool program; drum and rotor resurfacing; custom hydraulic hoses; and professional paint shop mixing and related materials. Its stores provide do-it-yourself and professional service provider customers a selection of products for domestic and imported automobiles, vans, and trucks. As of December 31, 2020, the company operated 5,616 stores. O'Reilly Automotive, Inc. was founded in 1957 and is headquartered in Springfield, Missouri."
OXY,Occidental Petroleum,Energy,Oil & Gas Exploration & Production,"Houston, Texas",3/4/1957,1920,"Occidental Petroleum Corporation, together with its subsidiaries, engages in the acquisition, exploration, and development of oil and gas properties in the United States, the Middle East, Africa, and Latin America. The company operates through three segments: Oil and Gas, Chemical, and Marketing and Midstream. The company's Oil and Gas segment explores for, develops, and produces oil and condensate, natural gas liquids (NGLs), and natural gas. Its Chemical segment manufactures and markets basic chemicals, including chlorine, caustic soda, chlorinated organics, potassium chemicals, ethylene dichloride, chlorinated isocyanurates, sodium silicates, and calcium chloride; vinyls comprising vinyl chloride monomer, polyvinyl chloride, and ethylene. The company's Midstream and Marketing segment gathers, processes, transports, stores, purchases, and markets oil, condensate, NGLs, natural gas, carbon dioxide, and power. This segment also trades around its assets consisting of transportation and storage capacity; and invests in entities. Occidental Petroleum Corporation was founded in 1920 and is headquartered in Houston, Texas."
ODFL,Old Dominion,Industrials,Trucking,"Thomasville, North Carolina",12/9/2019,1934,"Old Dominion Freight Line, Inc. operates as a less-than-truckload (LTL) motor carrier in the United States and North America. It provides regional, inter-regional, and national LTL services, including expedited transportation. The company also offers various value-added services, such as container drayage, truckload brokerage, and supply chain consulting. As of December 31, 2020, it owned 9,288 tractors, as well as operated 244 service and 42 maintenance centers. Old Dominion Freight Line, Inc. was founded in 1934 and is based in Thomasville, North Carolina."
OMC,Omnicom Group,Communication Services,Advertising,"New York City, New York",12/31/1997,1986,"Omnicom Group Inc., together with its subsidiaries, provides advertising, marketing, and corporate communications services. It provides a range of services in the areas of advertising, customer relationship management, public relations, and healthcare. The company's services include advertising, branding, content marketing, corporate social responsibility consulting, crisis communications, custom publishing, data analytics, database management, digital/direct marketing, digital transformation, entertainment marketing, experiential marketing, field marketing, financial/corporate business-to-business advertising, graphic arts/digital imaging, healthcare marketing and communications, and in-store design services. Its services also comprise interactive marketing, investor relations, marketing research, media planning and buying, merchandising and point of sale, mobile marketing, multi-cultural marketing, non-profit marketing, organizational communications, package design, product placement, promotional marketing, public affairs, retail marketing, sales support, search engine marketing, shopper marketing, social media marketing, and sports and event marketing services. It operates in the United States, Canada, Puerto Rico, South America, Mexico, Europe, the Middle East, Africa, Australia, Greater China, India, Japan, Korea, New Zealand, Singapore, and other Asian countries. The company was incorporated in 1944 and is based in New York, New York."
ON,ON Semiconductor,Information Technology,Semiconductors,"Phoenix, Arizona",6/21/2022,1999,"ON Semiconductor Corporation, together with its subsidiaries, manufactures and sells semiconductor components for various electronic devices worldwide. The company operates in three segments: Power Solutions Group (PSG), Advanced Solutions Group (ASG), and Intelligent Sensing Group (ISG). The PSG segment offers analog, discrete, module, and integrated semiconductor products for various applications, such as power switching, power conversion, signal conditioning, circuit protection, signal amplification, and voltage regulation functions. The ASG segment designs and develops analog, mixed-signal, logic, ASSPs and ASICs, Wi-Fi, and power solutions. It also provides trusted foundry and design services for government customers; and manufacturing services. The ISG segment offers complementary metal oxide semiconductors image sensors; proximity sensors; image signal processors; single photon detectors, including SiPM and SPAD arrays; radars; and actuator drivers for autofocus and image stabilization for a range of customers in automotive, industrial, medical, aerospace/defense, communications, networking, wireless, consumer, and computing markets. The company serves original equipment manufacturers, distributors, and electronic manufacturing service providers. ON Semiconductor Corporation was incorporated in 1992 and is headquartered in Phoenix, Arizona."
OKE,ONEOK,Energy,Oil & Gas Storage & Transportation,"Tulsa, Oklahoma",3/15/2010,1906,"one does not have significant operations. It intends to effect a merger, capital stock exchange, asset acquisition, stock purchase, reorganization, or other similar business combination with one or more operating businesses. The company was incorporated in 2020 and is based in San Francisco, California."
ORCL,Oracle Corporation,Information Technology,Application Software,"Austin, Texas",8/31/1989,1977,"Oracle Corporation provides products and services that address enterprise information technology environments worldwide. Its Oracle cloud software as a service offering include various cloud software applications, including Oracle enterprise resource planning (ERP) cloud, Oracle enterprise and performance management cloud, Oracle supply chain management cloud, Oracle human capital management cloud, Oracle customer experience cloud, and NetSuite application suite. The company also offers cloud-based industry solutions for various industries; Oracle application licenses; and Oracle license support services. In addition, it provides cloud and license business' infrastructure technologies, such as the Oracle Database, an enterprise database; Java, a software development language; and middleware, including development tools and others. The company's cloud and license business' infrastructure technologies also comprise cloud-based compute, storage, and networking capabilities through its Oracle cloud infrastructure as a service offerings. Further, it offers infrastructure offerings comprising Oracle autonomous data warehouse cloud service, Oracle autonomous transaction processing cloud service, Internet-of-Things, digital assistant, and Blockchain. Additionally, the company provides hardware products and other hardware-related software offerings, including Oracle engineered systems, enterprise servers, storage solutions, industry-specific hardware, virtualization software, operating systems, management software, and related hardware services. The company markets and sells its cloud, license, hardware, support, and services offerings directly to businesses in various industries, government agencies, and educational institutions, as well as through indirect channels. Oracle Corporation was founded in 1977 and is headquartered in Austin, Texas."
OGN,Organon & Co.,Health Care,Pharmaceuticals,"Jersey City, New Jersey",6/3/2021,2021,"Organon & Co. is a global healthcare company formed through a spinoff from Merck & Co. The company focuses on women's health, biosimilars, and established brands. Organon is headquartered in Jersey City, New Jersey."
OTIS,Otis Worldwide,Industrials,Industrial Machinery,"Farmington, Connecticut",4/3/2020,2020 (1853),"Otis Worldwide Corporation manufactures, installs, and services elevators and escalators in the United States, China, and internationally. The company operates through two segments, New Equipment and Service. The New Equipment segment designs, manufactures, sells, and installs a range of passenger and freight elevators, as well as escalators and moving walkways for residential and commercial buildings, and infrastructure projects. The Service segment performs maintenance and repair services, as well as modernization services to upgrade elevators and escalators. The company was founded in 1853 and is headquartered in Farmington, Connecticut."
PCAR,Paccar,Industrials,Construction Machinery & Heavy Trucks,"Bellevue, Washington",12/31/1980,1905,"PACCAR Inc designs, manufactures, and distributes light, medium, and heavy-duty commercial trucks in the United States, Europe, and internationally. It operates through three segments: Truck, Parts, and Financial Services. The Truck segment designs, manufactures, and distributes trucks for the over-the-road and off-highway hauling of commercial and consumer goods. It sells its trucks through a network of independent dealers under the Kenworth, Peterbilt, and DAF nameplates. The Parts segment distributes aftermarket parts for trucks and related commercial vehicles. The Financial Services segment conducts full-service leasing operations under the PacLease trade name. It also provides equipment financing and administrative support services for its franchisees; retail loan and leasing services for small, medium, and large commercial trucking companies, as well as independent owners/operators and other businesses; and truck inventory financing services to independent dealers. In addition, this segment offers loans and leases directly to customers for the acquisition of trucks and related equipment. The company also manufactures and markets industrial winches under the Braden, Carco, and Gearmatic nameplates. PACCAR Inc was founded in 1905 and is headquartered in Bellevue, Washington."
PKG,Packaging Corporation of America,Materials,Paper Packaging,"Lake Forest, Illinois",7/26/2017,1959,"Packaging Corporation of America manufactures and sells containerboard and corrugated packaging products in the United States. The company operates through Packaging and Paper segments. The Packaging segment offers various containerboard and corrugated packaging products, such as conventional shipping containers used to protect and transport manufactured goods; multi-color boxes and displays that help to merchandise the packaged product in retail locations; and honeycomb protective packaging products, as well as packaging for meat, fresh fruit and vegetables, processed food, beverages, and other industrial and consumer products. This segment sells its corrugated products through a direct sales and marketing organization, independent brokers, and distribution partners. The Paper segment manufactures and sells commodity and specialty papers, as well as communication-based papers, including cut-size office papers, and printing and converting papers. This segment sells white papers through its sales and marketing organization. Packaging Corporation of America was founded in 1867 and is headquartered in Lake Forest, Illinois."
PARA,Paramount Global,Communication Services,Movies & Entertainment,"New York City, New York",9/30/1994,2019 (1952),"Paramount Global is a global media and entertainment company. It creates content across various platforms for audiences worldwide through its broadcast, cable, and studio operations. Paramount Global is headquartered in New York, NY."
PH,Parker Hannifin,Industrials,Industrial Machinery,"Cleveland, Ohio",11/30/1985,1917,"Parker-Hannifin Corporation manufactures and sells motion and control technologies and systems for various mobile, industrial, and aerospace markets worldwide. The company operates through two segments, Diversified Industrial and Aerospace Systems. The Diversified Industrial segment offers sealing, shielding, thermal products and systems, adhesives, coatings, and noise vibration and harshness solutions; filters, systems, and diagnostics solutions to monitor and remove contaminants from fuel, air, oil, water, and other liquids and gases; connectors, which control, transmit, and contain fluid; control solutions for extreme corrosion resistance, temperatures, pressures, and precise flow; and hydraulic, pneumatic, and electromechanical components and systems for builders and users of mobile and industrial machinery and equipment. This segment sells its products to original equipment manufacturers (OEMs) and distributors who serve the replacement markets in manufacturing, packaging, processing, transportation, construction, refrigeration and air conditioning, agricultural, and military machinery and equipment industries. The Aerospace Systems segment offers products for use in commercial and military airframe and engine programs, such as control actuation systems and components, engine build-up ducting, engine exhaust nozzles and assemblies, engine systems and components, fluid conveyance systems and components, fuel systems and components, fuel tank inerting systems, hydraulic systems and components, lubrication components, pilot controls, pneumatic control components, thermal management products, and wheels and brakes, as well as fluid metering, delivery, and atomization devices. This segment markets its products directly to OEMs and end users. It markets its products through direct-sales employees, independent distributors, and sales representatives. The company was founded in 1917 and is headquartered in Cleveland, Ohio."
PAYX,Paychex,Information Technology,Data Processing & Outsourced Services,"Penfield, New York",10/1/1998,1971,"Paychex, Inc. provides integrated human capital management solutions for human resources (HR), payroll, benefits, and insurance services for small- to medium-sized businesses in the United States and Europe. The company offers payroll processing services; payroll tax administration services; employee payment services; and regulatory compliance services, such as new-hire reporting and garnishment processing. It also provides HR solutions, including payroll, employer compliance, HR and employee benefits administration, risk management outsourcing, and the on-site availability of a professionally trained HR representative; and retirement services administration, including plan implementation, ongoing compliance with government regulations, employee and employer reporting, participant and employer online access, electronic funds transfer, and other administrative services. In addition, the company offers cloud-based HR administration software products for employee benefits management and administration, time and attendance, recruiting, and onboarding solutions; plan administration outsourcing and state unemployment insurance services; various business services to small to medium-sized businesses comprising payroll funding and outsourcing services, which include payroll processing, invoicing, and tax preparation; and payment processing services, financial fitness programs, and a small-business loan resource center. Further, it provides insurance services for property and casualty coverage, such as workers' compensation, business-owner policies, cyber security protection, and commercial auto, as well as health and benefits coverage, including health, dental, vision, and life. The company markets and sells its services primarily through its direct sales force. Paychex, Inc. was founded in 1979 and is headquartered in Rochester, New York."
PAYC,Paycom,Information Technology,Application Software,"Oklahoma City, Oklahoma",1/28/2020,1998,"Paycom Software, Inc. provides cloud-based human capital management (HCM) solution delivered as software-as-a-service for small to mid-sized companies in the United States. It offers functionality and data analytics that businesses need to manage the employment life cycle from recruitment to retirement. The company's HCM solution provides a suite of applications in the areas of talent acquisition, including applicant tracking, candidate tracker, background checks, on-boarding, e-verify, and tax credit services; and time and labor management, such as time and attendance, scheduling/schedule exchange, time-off requests, labor allocation, labor management reports/push reporting, and geofencing/geotracking. Its HCM solution also offers payroll applications comprising payroll and tax management, Paycom pay, expense management, mileage tracker/fixed and variable rates, garnishment management, and GL concierge applications; and talent management applications that include employee self-service, compensation budgeting, performance management, and Paycom learning, course content, and subscriptions, as well as my analytics, which offer employment predictor reporting. In addition, the company's HCM solution provides HR management applications comprising manager on-the-go that gives supervisors and managers the ability to perform a variety of tasks, such as approving time-off requests and expense reimbursements; direct data exchange; ask here, a tool for direct line of communication to ask work-related questions; document and checklist; government and compliance; benefits administration/benefits to carrier; COBRA administration; personnel action forms; surveys; and affordable care act applications. Paycom Software, Inc. was founded in 1998 and is headquartered in Oklahoma City, Oklahoma."
PYPL,PayPal,Information Technology,Data Processing & Outsourced Services,"San Jose, California",7/20/2015,1998,"PayPal Holdings, Inc. operates as a technology platform and digital payments company that enables digital and mobile payments on behalf of consumers and merchants worldwide. Its payment solutions include PayPal, PayPal Credit, Braintree, Venmo, Xoom, Hyperwallet, and iZettle products. The company's payments platform allows consumers to send and receive payments, withdraw funds to their bank accounts, and hold balances in their PayPal accounts in various currencies. It also offers gateway services that enable merchants to accept payments online with credit or debit cards, as well as digital wallets. PayPal Holdings, Inc. was founded in 1998 and is headquartered in San Jose, California."
PNR,Pentair,Industrials,Industrial Machinery,"Worsley, United Kingdom",10/1/2012,1966,"Pentair plc provides various smart water solutions worldwide. It operates through two segments, Consumer Solutions; and Industrial & Flow Technologies. The Consumer Solutions segment designs, manufactures, and sells residential and commercial pool equipment and accessories, including pumps, filters, heaters, lights, automatic controls, automatic cleaners, maintenance equipment, and pool accessories for residential and commercial pool maintenance, repair, renovation, service, and construction applications; and water treatment products and systems comprising pressure tanks, control valves, activated carbon products, conventional filtration products, and point-of-entry and point-of-use systems for the use in residential whole home water filtration, drinking water filtration, and water softening solutions, as well as in commercial total water management and filtration in foodservice operations. This segment offers its products under the Everpure, Kreepy Krauly, Pelican, Pentair Water Solutions, RainSoft, and Sta-Rite brands. The Industrial & Flow Technologies segment manufactures and sells fluid treatment products, such as advanced membrane filtration products, separation systems, and membrane bioreactors; water supply and disposal, solid handling, fluid transfer, and turbine pumps; and valves, spray nozzles, process filtration systems, and gas recovery solutions for food and beverage, fluid separation technologies, water and wastewater treatment, water wells, pressure boosting, fire suppression, flood control, agricultural irrigation, crop spray, fluid circulation and transfer, fluid delivery, ion exchange, desalination, residential and municipal wells, and wastewater solids handling applications. This segment offers its products under the Pentair, Aurora, Berkeley, Codeline, Fairbanks-Nijhuis, Haffmans, Hydromatic, Hypro, Jung Pumpen, Myers, Sta-Rite, Shurflo, S√É¬ºdmo, and X-Flow brands. Pentair plc was founded in 1966 and is headquartered in London, the United Kingdom."
PEP,PepsiCo,Consumer Staples,Soft Drinks,"Purchase, New York",3/4/1957,1898,"PepsiCo, Inc. operates as a food and beverage company worldwide. The company operates through seven segments: Frito-Lay North America; Quaker Foods North America; PepsiCo Beverages North America; Latin America; Europe; Africa, Middle East and South Asia; and Asia Pacific, Australia and New Zealand and China Region. It offers branded dips, cheese-flavored snacks, and tortillas, as well as corn, potato, and tortilla chips; cereals, rice, pasta, mixes and syrups, granola bars, grits, oatmeal, rice cakes, simply granola, and side dishes; beverage concentrates, fountain syrups, and finished goods; ready-to-drink tea, coffee, and juices; and dairy products. The company provides its products primarily under the Cheetos, Doritos, Fritos, Lay's, Ruffles, Tostitos, Aunt Jemima, Cap'n crunch, Life, Pasta Roni, Quaker Chewy, Quaker, Rice-A-Roni, Aquafina, Diet Mountain Dew, Diet Pepsi, Gatorade, Mountain Dew, Pepsi, Propel, Sierra Mist, Tropicana, Emperador, Marias Gamesa, Rosquinhas Mabel, Sabritas, Saladitas, 7UP, Gatorade, H2oh!, Manzanita Sol, Mirinda, Pepsi, Pepsi Black, San Carlos, Toddy, Agusha, Chudo, and Domik v Derevne brands. It serves wholesale and other distributors, foodservice customers, grocery stores, drug stores, convenience stores, discount/dollar stores, mass merchandisers, membership stores, hard discounters, e-commerce retailers and authorized independent bottlers, and others through a network of direct-store-delivery, customer warehouse, and distributor networks, as well as directly to consumers through e-commerce platforms and retailers. The company was founded in 1898 and is headquartered in Purchase, New York."
PKI,PerkinElmer,Health Care,Health Care Equipment,"Waltham, Massachusetts",5/31/1985,1937,"PerkinElmer, Inc. provides products, services, and solutions to the diagnostics, life sciences, and applied services markets worldwide. The company operates in two segments, Discovery & Analytical Solutions and Diagnostics. The Discovery & Analytical Solutions segment offers a suite of solutions, including reagents, informatics, and detection and imaging technologies that enable scientists to enhance research breakthroughs in the life sciences research market, as well as laboratory services. It also provides analytical technologies, solutions, and services for the environmental, food, and industrial markets that enable its customers to understand the characterization and health of various aspects, including air, water, and soil. In addition, this segment offers solutions to farmers and food producers; and analytical instrumentation for the industrial market, which includes the chemical, semiconductor and electronics, energy, lubricant, petrochemical, and polymer industries. The Diagnostics segment provides instruments, reagents, assay platforms, and software products for the early detection of genetic disorders, such as pregnancy and early childhood, as well as infectious disease testing in the diagnostics market. Its products are used for testing and screening genetic abnormalities, disorders, and diseases, including down syndrome, hypothyroidism, muscular dystrophy, infertility, and various metabolic conditions. This segment also develops technologies that enable and support genomic workflows using protein coupled receptor and next-generation DNA sequencing for applications in oncology and drug discovery. The company serves pharmaceutical and biotechnology companies, laboratories, academic and research institutions, public health authorities, private healthcare organizations, doctors, and government agencies. PerkinElmer, Inc. was founded in 1937 and is headquartered in Waltham, Massachusetts."
PFE,Pfizer,Health Care,Pharmaceuticals,"New York City, New York",3/4/1957,1849,"Pfizer Inc. discovers, develops, manufactures, markets, distributes, and sells biopharmaceutical products worldwide. It offers medicines and vaccines in various therapeutic areas, including cardiovascular metabolic and pain under the Eliquis, Chantix/Champix, and Premarin family brands; biologics, small molecules, immunotherapies, and biosimilars under the Ibrance, Xtandi, Sutent, Inlyta, Retacrit, Lorbrena, and Braftovi brands; and sterile injectable and anti-infective medicines under the Sulperazon, Medrol, Zithromax, Vfend, and Panzyga brands. The company also provides medicines and vaccines in various therapeutic areas, such as pneumococcal disease, meningococcal disease, tick-borne encephalitis, and COVID-19 under the Prevnar 13/Prevenar 13 (pediatric/adult), Nimenrix, FSME/IMMUN-TicoVac, Trumenba, and the Pfizer-BioNTech COVID-19 vaccine brands; biosimilars for chronic immune and inflammatory diseases under the Xeljanz, Enbrel, Inflectra, and Eucrisa/Staquis brands; and amyloidosis, hemophilia, and endocrine diseases under the Vyndaqel/Vyndamax, BeneFIX, and Genotropin brands. In addition, the company is involved in the contract manufacturing business. It serves wholesalers, retailers, hospitals, clinics, government agencies, pharmacies, and individual provider offices, as well as disease control and prevention centers. The company has collaboration agreements with Bristol-Myers Squibb Company; Astellas Pharma US, Inc.; Myovant Sciences Ltd.; Akcea Therapeutics, Inc; Merck KGaA; Valneva SE; BioNTech SE; and Syapse, Inc. Pfizer Inc. was founded in 1849 and is headquartered in New York, New York."
PCG,PG&E Corporation,Utilities,Multi-Utilities,"San Francisco, California",10/3/2022,1905,"PG&E Corporation, through its subsidiary, Pacific Gas and Electric Company, engages in the sale and delivery of electricity and natural gas to customers in northern and central California, the United States. It generates electricity using nuclear, hydroelectric, fossil fuel-fired, fuel cell, and photovoltaic sources. As of December 31, 2020, the company owns and operates approximately 18,000 circuit miles of interconnected transmission lines, 35 electric transmission substations, approximately 108,000 circuit miles of distribution lines, 68 transmission switching substations, and 758 distribution substations; and natural gas transmission, storage, and distribution system consisting of approximately 43,500 miles of distribution pipelines, approximately 6,300 miles of backbone and local transmission pipelines, and various storage facilities. It serves residential, commercial, industrial, and agricultural customers, as well as natural gas-fired electric generation facilities. The company was founded in 1905 and is headquartered in San Francisco, California."
PM,Philip Morris International,Consumer Staples,Tobacco,"New York City, New York",3/31/2008,2008 (1847),"Philip Morris International Inc., through its subsidiaries, manufactures and sells cigarettes, other nicotine-containing products, smoke-free products, and related electronic devices and accessories. The company offers IQOS smoke-free products, including heated tobacco and nicotine-containing vapor products under the HEETS, HEETS Creations, HEETS Dimensions, HEETS Marlboro, HEETS FROM MARLBORO, Marlboro Dimensions, Marlboro HeatSticks, and Parliament HeatSticks brands, as well as under the Fiit and Miix licensed brands. It also sells its products under the Marlboro, Parliament, Bond Street, Chesterfield, L&M, Lark, and Philip Morris brands. In addition, the company owns various cigarette brands, such as Dji Sam Soe, Sampoerna A, and Sampoerna U in Indonesia; and Fortune and Jackpot in the Philippines. It markets and sells its products in the European Union, Eastern Europe, the Middle East, Africa, South and Southeast Asia, East Asia, Australia, Latin America, and Canada. Philip Morris International Inc. was incorporated in 1987 and is headquartered in New York, New York."
PSX,Phillips 66,Energy,Oil & Gas Refining & Marketing,"Houston, Texas",5/1/2012,2012 (1917),"Phillips 66 operates as an energy manufacturing and logistics company. It operates through four segments: Midstream, Chemicals, Refining, and Marketing and Specialties (M&S). The Midstream segment transports crude oil and other feedstocks; delivers refined petroleum products to market; provides terminaling and storage services for crude oil and refined petroleum products; transports, stores, fractionates, exports, and markets natural gas liquids; provides other fee-based processing services; and gathers, processes, transports, and markets natural gas. The Chemicals segment produces and markets ethylene and other olefin products; aromatics and styrenics products, such as benzene, cyclohexane, styrene, and polystyrene; and various specialty chemical products, including organosulfur chemicals, solvents, catalysts, and chemicals used in drilling and mining. The Refining segment refines crude oil and other feedstocks into petroleum products comprising gasolines, distillates, and aviation fuels at 13 refineries in the United States and Europe. The M&S segment purchases for resale and markets refined petroleum products consisting of gasolines, distillates, and aviation fuels primarily in the United States and Europe. It also manufactures and markets specialty products, such as base oils and lubricants. The company was founded in 1875 and is headquartered in Houston, Texas."
PNW,Pinnacle West,Utilities,Multi-Utilities,"Phoenix, Arizona",10/4/1999,1985,"Pinnacle West Capital Corporation, through its subsidiary, Arizona Public Service Company, provides retail and wholesale electric services primarily in the state of Arizona. The company engages in the generation, transmission, and distribution of electricity using coal, nuclear, gas, oil, and solar generating facilities. Its transmission facilities include approximately 5,728 pole miles of overhead lines and approximately 74 miles of underground lines; and distribution facilities comprise approximately 11,225 miles of overhead lines and approximately 22,453 miles of underground primary cable, as well as owns and maintains 80 transmission substations and 443 distribution substations. The company also owns or leases approximately 6,321 megawatts of regulated generation capacity. It serves approximately 1.3 million customers. The company was incorporated in 1985 and is headquartered in Phoenix, Arizona."
PXD,Pioneer Natural Resources,Energy,Oil & Gas Exploration & Production,"Irving, Texas",9/24/2008,1997,"one does not have significant operations. It intends to effect a merger, capital stock exchange, asset acquisition, stock purchase, reorganization, or other similar business combination with one or more operating businesses. The company was incorporated in 2020 and is based in San Francisco, California."
PNC,PNC Financial Services,Financials,Regional Banks,"Pittsburgh, Pennsylvania",4/30/1988,1845,"The PNC Financial Services Group, Inc. operates as a diversified financial services company in the United States. It operates through three segments: Retail Banking, Corporate & Institutional Banking, and Asset Management Group. The Retail Banking segment offers brokerage, insurance, and investment and cash management services; checking, savings, and money market accounts; certificates of deposits; and lending products, which includes residential mortgages, home equity loans and lines of credit, auto loans, education loans, and personal and small business loans, and credit cards to consumer and small business customers through a network of branches, ATMs, call centers, and online and mobile banking channels. The Corporate & Institutional Banking segment provides secured and unsecured loans, letters of credit, and equipment leases; payables, receivables, deposit and account, liquidity and investments, and online and mobile banking products and services; foreign exchange, derivatives, securities underwriting, loan syndications, and mergers and acquisitions and equity capital markets advisory related services; and commercial loan servicing and technology solutions for the commercial real estate finance industry. The Asset Management Group segment offers investment and retirement planning, customized investment management, private banking, and trust management and administration solutions; and multi-generational family planning products, such as estate, financial, tax planning, fiduciary, investment management and consulting, personal administrative, asset custody, and customized performance reporting services. This segment also provides outsourced chief investment officer, custody, private real estate, cash and fixed income client solutions, and fiduciary retirement advisory services. As of December 31, 2020, it operated 2,162 branches and 8,900 ATMs. The PNC Financial Services Group, Inc. was founded in 1852 and is headquartered in Pittsburgh, Pennsylvania."
POOL,Pool Corporation,Consumer Discretionary,Distributors,"Covington, Louisiana",10/7/2020,1993,"Pool Corporation distributes swimming pool supplies, equipment, and related leisure products in the United States and internationally. The company offers maintenance products, including chemicals, supplies, and pool accessories; repair and replacement parts for pool equipment, such as cleaners, filters, heaters, pumps, and lights; fiberglass pools, and hot tubs and packaged pool kits comprising walls, liners, braces, and coping for in-ground and above-ground pools; pool equipment and components for new pool construction and the remodeling of existing pools; and irrigation and related products consisting of irrigation system components, and professional lawn care equipment and supplies. It also provides building materials, such as concrete, plumbing and electrical components, functional and decorative pool surfaces, decking materials, tiles, hardscapes, and natural stones for use in pool installations and remodeling; and commercial products, such as heaters, safety equipment, and commercial pumps and filters. In addition, the company offers discretionary recreational and related outdoor living products that enhance consumers' use and enjoyment of outdoor living spaces, such as hot tubs, grills, and components for outdoor kitchens. It serves swimming pool remodelers and builders; specialty retailers that sell swimming pool supplies; swimming pool repair and service businesses; irrigation construction and landscape maintenance contractors; golf courses; and commercial customers that serve hotels, universities, and community recreational facilities. As of December 31, 2020, the company operated 398 sales centers in North America, Europe, and Australia. Pool Corporation was incorporated in 1993 and is headquartered in Covington, Louisiana."
PPG,PPG Industries,Materials,Specialty Chemicals,"Pittsburgh, Pennsylvania",3/4/1957,1883,"PPG Industries, Inc. manufactures and distributes paints, coatings, and specialty materials worldwide. The company's Performance Coatings segment offers coatings, solvents, adhesives, sealants, sundries, and software for automotive and commercial transport/fleet repair and refurbishing, light industrial coatings, and specialty coatings for signs; and coatings, sealants, transparencies, transparent armor, adhesives, engineered materials, and packaging and chemical management services for commercial, military, regional jet, and general aviation aircraft. It also provides coatings and finishes for the protection of metals and structures, such as metal fabricators, heavy duty maintenance contractors, and manufacturers of ships, bridges, and rail cars; paints, wood stains, and purchased sundries for painting and maintenance contractors, and consumers for decoration and maintenance of residential and commercial building structures; and thermoplastics, pavement marking products, and other technologies for pavement marking. The company's Industrial Coatings segment provides coatings, adhesives and sealants, and metal pretreatments, as well as services and coatings applications for appliances, agricultural and construction equipment, consumer electronics, automotive parts and accessories, building products, kitchenware, and transportation vehicles and other finished products; and on-site coatings services. It also provides coatings for metal cans, closures, plastic tubes, industrial packaging, and promotional and specialty packaging; amorphous precipitated silica for tire, battery separator, and other end-uses; TESLIN substrates for labels, e-passports, drivers' licenses, breathable membranes, and other loyalty and identification cards; and organic light emitting diode materials, displays and lighting lens materials, and optical lenses and color-change products, as well as photochromic dyes. The company was founded in 1883 and is headquartered in Pittsburgh, Pennsylvania."
PPL,PPL Corporation,Utilities,Electric Utilities,"Allentown, Pennsylvania",10/1/2001,1920,"PPL Corporation, a utility holding company, delivers electricity and natural gas in the United States and the United Kingdom. The company operates through three segments: U.K. Regulated, Kentucky Regulated, and Pennsylvania Regulated. It serves approximately 425,000 electric and 332,000 natural gas customers in Louisville and adjacent areas in Kentucky; 536,000 electric customers in central, southeastern, and western Kentucky; and 28,000 electric customers in five counties in southwestern Virginia. The company also provides electric delivery services to approximately 1.4 million customers in Pennsylvania; operates electricity distribution networks in the United Kingdom; generates electricity from coal, gas, hydro, and solar sources in Kentucky; and sells wholesale electricity to two municipalities in Kentucky. PPL Corporation was founded in 1920 and is headquartered in Allentown, Pennsylvania."
PFG,Principal Financial Group,Financials,Life & Health Insurance,"Des Moines, Iowa",7/22/2002,1879,"Principal Financial Group, Inc. provides retirement, asset management, and insurance products and services to businesses, individuals, and institutional clients worldwide. The company operates in Retirement and Income Solutions, Principal Global Investors, Principal International, and U.S. Insurance Solutions segments. The Retirement and Income Solutions segment provides a portfolio of asset accumulation products and services for retirement savings and income. It offers products and services for defined contribution plans, including 401(k) and 403(b) plans, defined benefit pension plans, nonqualified executive benefit plans, employee stock ownership plans, and pension risk transfer services; individual retirement accounts and payroll deduction plans; investment only products; and mutual funds, individual annuities, and bank products. The Principal Global Investors segment provides equity, fixed income, real estate, and other alternative investments, as well as asset allocation, stable value management, and other structured investment strategies. The Principal International segment offers pension accumulation and income annuity products, mutual funds, asset management, and life insurance accumulation products, as well as voluntary savings plans in Brazil, Chile, Mexico, China, Hong Kong Special Administrative Region, India, and Southeast Asia. The U.S. Insurance Solutions segment provides specialty benefits, such as group dental and vision insurance, group life insurance, and group and individual disability insurance, as well as administers group dental, disability, and vision benefits; and individual life insurance products comprising universal, variable universal, indexed universal, and term life insurance products in the United States. It also offers insurance solutions for small and medium-sized businesses and their owners, as well as executives. Principal Financial Group, Inc. was founded in 1879 and is based in Des Moines, Iowa."
PG,Procter & Gamble,Consumer Staples,Personal Products,"Cincinnati, Ohio",3/4/1957,1837,"The Procter & Gamble Company provides branded consumer packaged goods to consumers in North and Latin America, Europe, the Asia Pacific, Greater China, India, the Middle East, and Africa. It operates in five segments: Beauty; Grooming; Health Care; Fabric & Home Care; and Baby, Feminine & Family Care. The Beauty segment offers conditioners, shampoos, styling aids, and treatments; and antiperspirants and deodorants, personal cleansing, and skin care products under the Head & Shoulders, Herbal Essences, Pantene, Rejoice, Olay, Old Spice, Safeguard, SK-II, and Secret brands. The Grooming segment provides female and male blades and razors, pre- and post-shave products, and other shave care products; and appliances that include electric shavers and epilators under the Braun, Gillette, and Venus brands. The Health Care segment offers toothbrushes, toothpaste, and other oral care products; and gastrointestinal, rapid diagnostics, respiratory, vitamins/minerals/supplements, pain relief, and other personal health care products under the Crest, Oral-B, Metamucil, Neurobion, Pepto Bismol, and Vicks brands. The Fabric & Home Care segment provides fabric enhancers, laundry additives, and laundry detergents; and air care, dish care, P&G professional, and surface care products under the Ariel, Downy, Gain, Tide, Cascade, Dawn, Fairy, Febreze, Mr. Clean, and Swiffer brands. The Baby, Feminine & Family Care segment baby wipes, taped diapers, and pants; adult incontinence and feminine care products; and paper towels, tissues, and toilet papers under the Luvs, Pampers Always, Always Discreet, Tampax Bounty, Charmin, and Puffs brands. The company sells its products through mass merchandisers, e-commerce, grocery stores, membership club stores, drug stores, department stores, distributors, wholesalers, baby stores, specialty beauty stores, high-frequency stores, pharmacies, electronics stores, and professional channels. The Procter & Gamble Company was founded in 1837 and is headquartered in Cincinnati, Ohio."
PGR,Progressive Corporation,Financials,Property & Casualty Insurance,"Mayfield Village, Ohio",8/4/1997,1937,"The Progressive Corporation, an insurance holding company, provides personal and commercial auto, personal residential and commercial property, general liability, and other specialty property-casualty insurance products and related services in the United States. It operates in three segments: Personal Lines, Commercial Lines, and Property. The Personal Lines segment writes insurance for personal autos and recreational vehicles (RV). This segment's products include personal auto insurance; and special lines products, including insurance for motorcycles, ATVs, RVs, watercrafts, snowmobiles, and related products. The Commercial Lines segment provides auto-related primary liability and physical damage insurance, and business-related general liability and property insurance for autos, vans, pick-up trucks, and dump trucks used by small businesses; tractors, trailers, and straight trucks primarily used by regional general freight and expeditor-type businesses, and long-haul operators; dump trucks, log trucks, and garbage trucks used by dirt, sand and gravel, logging, and coal-type businesses; and tow trucks and wreckers used in towing services and gas/service station businesses; as well as non-fleet and airport taxis, and black-car services. The Property segment writes residential property insurance for homes, condos, manufactured homes, and renters, as well as offers personal umbrella insurance, and primary and excess flood insurance. The company also offers policy issuance and claims adjusting services; and acts as an agent to place business owner's policies, general and professional liability, and workers' compensation insurance. In addition, it provides reinsurance services. The company sells its products through independent insurance agencies, as well as directly on Internet through mobile devices, and over the phone. The Progressive Corporation was founded in 1937 and is headquartered in Mayfield, Ohio."
PLD,Prologis,Real Estate,Industrial REITs,"San Francisco, California",7/17/2003,1983,"Prologis, Inc. is the global leader in logistics real estate with a focus on high-barrier, high-growth markets. As of December 31, 2020, the company owned or had investments in, on a wholly owned basis or through co-investment ventures, properties and development projects expected to total approximately 984 million square feet (91 million square meters) in 19 countries. Prologis leases modern logistics facilities to a diverse base of approximately 5,500 customers principally across two major categories: business-to-business and retail/online fulfillment."
PRU,Prudential Financial,Financials,Life & Health Insurance,"Newark, New Jersey",7/22/2002,1875,"Prudential Financial, Inc., together with its subsidiaries, provides insurance, investment management, and other financial products and services in the United States and internationally. It operates through eight segments: PGIM, Retirement, Group Insurance, Individual Annuities, Individual Life, Assurance IQ, International Businesses, and Closed Block. The company offers investment management services and solutions related to public fixed income, public equity, real estate debt and equity, private credit and other alternatives, and multi-asset class strategies to institutional and retail clients, as well as its general account. It provides a range of retirement investment, and income products and services to retirement plan sponsors in the public, private, and not-for-profit sectors; and group life, long-term and short-term group disability, and group corporate-, bank-, and trust-owned life insurance in the United States, primarily to institutional clients for use in connection with employee and membership benefits plans, as well as sells accidental death and dismemberment and other supplemental health solutions, and provides plan administration services in connection with its insurance coverages. The company develops and distributes individual variable and fixed annuity products, principally to the mass affluent and affluent markets; and individual variable, term, and universal life insurance products to the mass middle, mass affluent, and affluent markets in the United States. In addition, it provides third-party life, health, Medicare, property and casualty, and personal finance products to retail shoppers through its digital and independent agent channels. The company offers its products and services to individual and institutional customers through its proprietary and third-party distribution networks. Prudential Financial, Inc. was founded in 1875 and is headquartered in Newark, New Jersey."
PEG,Public Service Enterprise Group,Utilities,Electric Utilities,"Newark, New Jersey",3/4/1957,1903,"Public Service Enterprise Group Incorporated, through its subsidiaries, operates as an energy company primarily in the Northeastern and Mid-Atlantic United States. It operates through two segments, PSE&G and PSEG Power. The PSE&G segment transmits electricity; distributes electricity and gas to residential, commercial, and industrial customers, as well as invests in solar generation projects, and energy efficiency and related programs; and offers appliance services and repairs. As of December 31, 2020, it had electric transmission and distribution system of 25,000 circuit miles and 860,000  poles; 54 switching stations with an installed capacity of 38,353 megavolt-amperes (MVA), and 245 substations with an installed capacity of 8,647 MVA; four electric distribution headquarters and five electric sub-headquarters; and 18,000 miles of gas mains, 12 gas distribution headquarters, two sub-headquarters, and one meter shop, as well as 58 natural gas metering and regulating stations. The Power segment operates nuclear, gas, oil-fired, and renewable generation assets. It has total generating output was approximately 52,900 gigawatts hours; and owns and operates 467 MW direct current of photovoltaic solar generation facilities. Public Service Enterprise Group Incorporated was incorporated in 1985 and is based in Newark, New Jersey."
PTC,PTC,Information Technology,Application Software,"Boston, Massachusetts",4/20/2021,1985,"PTC Inc. operates as software and services company in the Americas, Europe, and the Asia Pacific. The company operates in two segments, Software Products and Professional Services. It offers ThingWorx, an IIoT platform that enables customers to address digital transformation of their operations, products, and services; ThingWorx Solution Central, a centralized portal in the cloud that allows users of ThingWorx to discover, deploy, and manage ThingWorx applications; and ThingWorx Kepware, which enables users to connect, manage, monitor, and control disparate devices and software applications. The company also provides Vuforia Studio, a cloud-based tool that enables industrial enterprises to author and publish augmented reality (AR) experiences; Vuforia Expert Capture that chronicles the real-time movements of a person wearing an AR headset; Vuforia Engine technology for application development; Vuforia Chalk, a collaboration and remote assistance solution; and Vuforia Spatial Toolbox technology to accelerate the development of spatial computing prototypes and use cases. In addition, it offers Onshape, a cloud-native multi-tenant platform that unites computer-aided design with data management, collaboration tools, and real-time analytics; Creo, a suite of product design software, which provides capabilities for design, real-time simulation, additive manufacturing, design flexibility, advanced assembly design, piping and cabling design, advanced surfacing, virtual prototyping, and other design functions; and Windchill, a product lifecycle management software. Further, the company provides Integrity, an application lifecycle management solution; Servigistics, service parts management solution; and consulting, implementation, training, cloud, and license and support services. The company was formerly known as Parametric Technology Corporation and changed its name to PTC Inc. in January 2013. PTC Inc. was founded in 1985 and is headquartered in Boston, Massachusetts."
PSA,Public Storage,Real Estate,Specialized REITs,"Glendale, California",8/19/2005,1972,"Public Storage, a member of the S&P 500 and FT Global 500, is a REIT that primarily acquires, develops, owns and operates self-storage facilities. At September 30, 2020, we had: (i) interests in 2,504 self-storage facilities located in 38 states with approximately 171 million net rentable square feet in the United States, (ii) an approximate 35% common equity interest in Shurgard Self Storage SA (Euronext Brussels:SHUR) which owned 239 self-storage facilities located in seven Western European nations with approximately 13 million net rentable square feet operated under the √Ç¬ìShurgard√Ç¬î brand and (iii) an approximate 42% common equity interest in PS Business Parks, Inc. (NYSE:PSB) which owned and operated approximately 28 million rentable square feet of commercial space at September 30, 2020. Our headquarters are located in Glendale, California."
PHM,PulteGroup,Consumer Discretionary,Homebuilding,"Atlanta, Georgia",4/30/1984,1956,"PulteGroup, Inc., through its subsidiaries, primarily engages in the homebuilding business in the United States. The company acquires and develops land primarily for residential purposes; and constructs housing on such land. It offers various home designs, including single-family detached, townhouses, condominiums, and duplexes under the Centex, Pulte Homes, Del Webb, DiVosta Homes, American West, and John Wieland Homes and Neighborhoods brand names. As of December 31, 2020, the company controlled 180,352 lots, of which 91,363 were owned and 88,989 were under land option agreements. It also arranges financing through the origination of mortgage loans primarily for homebuyers; sells the servicing rights for the originated loans; and provides title insurance policies, and examination and closing services to homebuyers. The company was formerly known as Pulte Homes, Inc. and changed its name to PulteGroup, Inc. in March 2010. PulteGroup, Inc. was founded in 1950 and is headquartered in Atlanta, Georgia."
QRVO,Qorvo,Information Technology,Semiconductors,"Greensboro, North Carolina",6/11/2015,2015,"Qorvo, Inc. develops and commercializes technologies and products for wireless and wired connectivity worldwide. The company operates in two segments, Mobile Products, and Infrastructure and Defense Products. The company offers integrated modules incorporating switches, power amplifiers, filters and duplexers, antenna tuners, RF power management integrated circuits, multimode/multi-band PAs and transmit modules, antenna-plexers, discrete filters and duplexers, discrete switches, and UWB system solutions, as well as envelope tracking power management solutions, antenna control solutions, and UWB system solutions supporting secure, low power, location, and communication services. It also provides integrated solutions that include switch-LNA modules, variable gain amplifiers, and integrated PA Doherty modules for massive multiple-input/multiple-output systems; RF products and compound semiconductor foundry services to defense primes and other global defense and aerospace customers; Wi-Fi customer premises equipment, including power amplifiers, switches, low noise amplifiers, and bulk acoustic wave filters; system-on-a-chip hardware, firmware, and application software for smart home applications; automotive RF connectivity products and metal oxide semiconductor based UWB chip and module system solutions; and power application controllers and programmable analog power ICs. The company sells its products directly to original equipment manufacturers and original design manufacturers, as well as through a network of sales representative firms and distributors. Qorvo, Inc. was founded in 1957 and is headquartered in Greensboro, North Carolina."
PWR,Quanta Services,Industrials,Construction & Engineering,"Houston, Texas",7/1/2009,1997,"Quanta Services, Inc. provides specialty contracting services worldwide. The Electric Power Infrastructure Solutions segment engages in the design, construction, upgrade, repair, and maintenance of electric power transmission and distribution infrastructure and substation facilities; energized installation, maintenance, and upgrade of electric power infrastructure; installation of smart grid technologies on electric power networks; and design, installation, maintenance, and repair of commercial and industrial wirings. This segment also offers other engineering and technical services; emergency restoration services; engineering and construction services for the switchyards and transmission infrastructures; engineering and construction services related to micro-grids and battery storage; design and construction solutions to wireline and wireless communications companies and cable multi-system operators; aviation services; and training for electric workers, and gas distribution and communications industries. The Underground Utility and Infrastructure Solutions segment provides design, engineering, construction, upgrade repair, and maintenance services to customers involved in the transportation, distribution, storage and processing of natural gas, oil and other products; pipeline protection, integrity testing, rehabilitation and replacement; catalyst replacement, high-pressure and critical-path turnaround, instrumentation and electrical, and piping, and fabrication and storage tank services; engineering and construction services for pipeline systems, storage systems, and compressor and pump stations; fabrication of pipeline support systems and related structures and facilities; trenching, directional boring, and mechanized welding services; and construction services for the offshore energy market, as well as designs, installs, and maintains fueling systems and water and sewer infrastructure. The company was incorporated in 1997 and is headquartered in Houston, Texas."
QCOM,Qualcomm,Information Technology,Semiconductors,"San Diego, California",7/22/1999,1985,"QUALCOMM Incorporated engages in the development and commercialization of foundational technologies and products are used in mobile devices and other wireless products, including network equipment, broadband gateway equipment, consumer electronic devices, and other connected devices worldwide. It operates through three segments: Qualcomm CDMA Technologies (QCT); Qualcomm Technology Licensing (QTL); and Qualcomm Strategic Initiatives (QSI). The QCT segment develops and supplies integrated circuits and system software based on 3G/4G/5G and other technologies for use in wireless voice and data communications, networking, application processing, multimedia, and global positioning system products. The QTL segment grants licenses or provides rights to use portions of its intellectual property portfolio, which include various patent rights useful in the manufacture and sale of wireless products comprising products implementing CDMA2000, WCDMA, CDMA TDD, LTE, and/or 5G standards and their derivatives. The QSI segment invests in early-stage companies in various industries, including artificial intelligence, automotive, digital healthcare, enterprise, IoT, mobile and networking and investment for supporting the design and introduction of new products and services for voice and data communications, and new industry segments. The company also provides development, and other services and related products to the United States government agencies and their contractors. QUALCOMM Incorporated was founded in 1985 and is headquartered in San Diego, California."
DGX,Quest Diagnostics,Health Care,Health Care Services,"Secaucus, New Jersey",12/12/2002,1967,"Quest Diagnostics Incorporated provides diagnostic testing, information, and services in the United States and internationally. The company develops and delivers diagnostic information services, such as routine testing, non-routine and advanced clinical testing, anatomic pathology testing, and other diagnostic information services. It offers diagnostic information services primarily under the Quest Diagnostics brand, as well as under the AmeriPath, Dermpath Diagnostics, ExamOne, and Quanum brands to patients, clinicians, hospitals, independent delivery networks, health plans, employers, direct contract entities, and accountable care organizations through a network of laboratories, patient service centers, phlebotomists in physician offices, call centers and mobile paramedics, nurses, and other health and wellness professionals. The company also provides risk assessment services for the life insurance industry; and healthcare organizations and clinicians robust information technology solutions. Quest Diagnostics Incorporated was founded in 1967 and is headquartered in Secaucus, New Jersey."
RL,Ralph Lauren Corporation,Consumer Discretionary,"Apparel, Accessories & Luxury Goods","New York City, New York",2/2/2007,1967,"Ralph Lauren Corporation designs, markets, and distributes lifestyle products in North America, Europe, Asia, and internationally. The company offers apparel, including a range of men's, women's, and children's clothing accessories, which comprise sandals, eyewear, watches, fashion and fine jewelry, scarves, hats, gloves, umbrellas, and belts, as well as leather goods, such as handbags, luggage, small leather goods, and belts; home products consisting of bedding and bath products, furniture, fabrics and wallpapers, lightings, tabletops, floorcoverings, and giftware; and fragrances. It sells apparel and accessories under the Ralph Lauren Collection, Ralph Lauren Purple Label, Polo Ralph Lauren, Double RL, Lauren Ralph Lauren, Polo Golf Ralph Lauren, Ralph Lauren Golf, RLX Ralph Lauren, Polo Ralph Lauren Children, Chaps, Club Monaco, and other brand names; women's fragrances under the Ralph Lauren Collection, Woman by Ralph Lauren, Romance Collection, Ralph Collection, and Big Pony Women's brand names; and men's fragrances under the Polo Blue, Safari, Purple Label, Polo Red, Polo Green, Polo Black, Polo Supreme, Polo Sport, and Big Pony Men's brand names. The company's restaurant concepts include The Polo Bar in New York City; RL Restaurant in Chicago; Ralph's in Paris; and Ralph's Coffee concept. Ralph Lauren Corporation sells its products to department stores, specialty stores, and golf and pro shops, as well as directly to consumers through its retail stores, concession-based shop-within-shops, and its digital commerce sites. The company directly operates 530 retail stores and 654 concession-based shop-within-shops; and operates 80 Ralph Lauren stores, 31 Ralph Lauren concession shops, and 139 Club Monaco stores and shops through licensing partners. Ralph Lauren Corporation was founded in 1967 and is based in New York, New York."
RJF,Raymond James,Financials,Investment Banking & Brokerage,"St. Petersburg, Florida",3/20/2017,1962,"Raymond James Financial, Inc., through its subsidiaries, engages in the underwriting, distribution, trading, and brokerage of equity and debt securities in the United States, Canada, and Europe. The Private Client Group  segment offers securities transaction services, including the sale of equities, mutual funds, fixed income products, and insurance and annuity products to retail clients; mutual funds; investment advisory and margin loan services; custodial, trading, research, and other support services; diversification strategies and alternative investment products; and borrowing and lending of securities to and from other broker-dealers, financial institutions, and other counterparties. The Capital Markets segment provides equity products to institutional clients; investment banking services, including public and private equity financing for corporate clients, merger and acquisition advisory services, and strategic and financial advisory services; and taxable and tax-exempt fixed income products, such as municipal, corporate, government agency and mortgage-backed bonds, and whole loans. This segment also offers public finance and debt underwriting services, interest rate derivatives, and tax credit funds; and publishes research on companies of various industries. The Asset Management segment offers asset management, portfolio management and related administrative services to retail and institutional clients; and administrative support services, such as record-keeping. The RJ Bank segment provides insured deposit accounts; commercial and industrial, commercial real estate (CRE) and CRE construction, tax-exempt, residential, securities-based, and other loans; and loan syndication.  The Other segment engages in the private equity activities, including various direct and third-party private equity investments; and private equity funds. The company was founded in 1962 and is headquartered in St. Petersburg, Florida."
RTX,Raytheon Technologies,Industrials,Aerospace & Defense,"Waltham, Massachusetts",3/4/1957,1922,"Raytheon Technologies Corporation, an aerospace and defense company, provides systems and services for the commercial, military, and government customers worldwide. It operates through four segments: Collins Aerospace Systems, Pratt & Whitney, Raytheon Intelligence & Space, and Raytheon Missiles & Defense. The Collins Aerospace Systems segment offers aerospace and defense products, and aftermarket service solutions for aircraft manufacturers and airlines, as well as regional, business, and general aviation; and for defense and commercial space operations. This segment also designs, produces, and supports cabin interior, communications and aviation systems, oxygen systems, food and beverage preparation, storage and galley systems, and lavatory and wastewater management systems; airborne intelligence, surveillance and reconnaissance systems, test and training range systems, crew escape systems, and simulation and training solutions; information management services; and aftermarket services that include spare parts, overhaul and repair, engineering and technical support, training and fleet management solutions, and information management services. The Pratt & Whitney segment supplies aircraft engines for commercial, military, business jet, and general aviation customers; and produces, sells, and services military and commercial auxiliary power units. The Raytheon Intelligence & Space segment develops and provides integrated sensor and communication systems for missions, training, and cyber and software solutions to intelligence, defense, federal, and commercial customers. The Raytheon Missiles & Defense segment designs, develops, produces, and sustains integrated air and missile defense systems; defensive and combat solutions; land- and sea-based radars; command, control, communications, and intelligence solutions; and naval and undersea sensor solutions for the U.S. and foreign government customers. The company is headquartered in Waltham, Massachusetts."
O,Realty Income,Real Estate,Retail REITs,"San Diego, California",4/7/2015,1969,"Realty Income, The Monthly Dividend Company, is an S&P 500 company dedicated to providing stockholders with dependable monthly income. The company is structured as a REIT, and its monthly dividends are supported by the cash flow from over 6,500 real estate properties owned under long-term lease agreements with our commercial clients. To date, the company has declared 608 consecutive common stock monthly dividends throughout its 52-year operating history and increased the dividend 109 times since Realty Income's public listing in 1994 (NYSE: O). The company is a member of the S&P 500 Dividend Aristocrats index. Additional information about the company can be obtained from the corporate website at www.realtyincome.com."
REG,Regency Centers,Real Estate,Retail REITs,"Jacksonville, Florida",3/2/2017,1963,"Regency Centers is the preeminent national owner, operator, and developer of shopping centers located in affluent and densely populated trade areas. Our portfolio includes thriving properties merchandised with highly productive grocers, restaurants, service providers, and best-in-class retailers that connect to their neighborhoods, communities, and customers. Operating as a fully integrated real estate company, Regency Centers is a qualified real estate investment trust (REIT) that is self-administered, self-managed, and an S&P 500 Index member."
REGN,Regeneron,Health Care,Biotechnology,"Tarrytown, New York",5/1/2013,1988,"Regeneron Pharmaceuticals, Inc. discovers, invents, develops, manufactures, and commercializes medicines for treating various medical conditions worldwide. The company's products include EYLEA injection to treat wet age-related macular degeneration and diabetic macular edema; myopic choroidal neovascularization; and diabetic retinopathy, as well as macular edema following retinal vein occlusion, including macular edema following central retinal vein occlusion and macular edema following branch retinal vein occlusion. It also provides Dupixent injection to treat atopic dermatitis in adults, and asthma in adults and adolescents; Praluent injection for heterozygous familial hypercholesterolemia or clinical atherosclerotic cardiovascular disease in adults; and Kevzara solution for subcutaneous injection for treating rheumatoid arthritis in adults. In addition, the company offers Libtayo injection to treat metastatic or locally advanced cutaneous squamous cell carcinoma; ARCALYST injection for cryopyrin-associated periodic syndromes, including familial cold auto-inflammatory syndrome and muckle-wells syndrome; and ZALTRAP injection for intravenous infusion to treat metastatic colorectal cancer. Further, it offers Inmazeb injection for infection caused by Zaire ebolavirus; and develops product candidates for treating patients with eye, allergic and inflammatory, cancer, cardiovascular and metabolic, pain, infectious, and other diseases. The company has collaboration and license agreements with Sanofi; Bayer; Teva Pharmaceutical Industries Ltd.; Mitsubishi Tanabe Pharma Corporation; Alnylam Pharmaceuticals, Inc.; Roche Pharmaceuticals; and Kiniksa Pharmaceuticals, Ltd., as well as has an agreement with the U.S. Department of Health and Human Services. It has collaborations with Zai Lab Limited; Intellia Therapeutics, Inc.; and Biomedical Advanced Research Development Authority. Regeneron Pharmaceuticals, Inc. was founded in 1988 and is headquartered in Tarrytown, New York."
RF,Regions Financial Corporation,Financials,Regional Banks,"Birmingham, Alabama",8/28/1998,1971,"Regions Financial Corporation, a financial holding company, provides banking and bank-related services to individual and corporate customers. It operates through three segments: Corporate Bank, Consumer Bank, and Wealth Management. The Corporate Bank segment offers commercial banking services, such as commercial and industrial, commercial real estate, and investor real estate lending; equipment lease financing; deposit products; and securities underwriting and placement, loan syndication and placement, foreign exchange, derivatives, merger and acquisition, and other advisory services. It serves corporate, middle market, and commercial real estate developers and investors. The Consumer Bank segment provides consumer banking products and services related to residential first mortgages, home equity lines and loans, branch small business and indirect loans, consumer credit cards, and other consumer loans, as well as deposits. The Wealth Management segment offers credit related products, and retirement and savings solutions; and trust and investment management, asset management, and estate planning services to individuals, businesses, governmental institutions, and non-profit entities. The company also provides investment and insurance products; low income housing tax credit corporate fund syndication services; and other specialty financing services. As of February 25, 2021, it operated 1,300 banking offices and 2,000 automated teller machines across the South, Midwest and Texas. Regions Financial Corporation was founded in 1970 and is headquartered in Birmingham, Alabama."
RSG,Republic Services,Industrials,Environmental & Facilities Services,"Phoenix, Arizona",12/5/2008,1998 (1981),"Republic Services, Inc., together with its subsidiaries, provides non-hazardous solid waste collection, transfer, disposal, recycling, and environmental services in the United States. The company serves small-container, large-container, and municipal and residential customers. The company's collection services include curbside collection of material for transport to transfer stations, landfills, or recycling processing centers; supply of recycling and waste containers; and renting of compactors. It is also involved in the processing and sale of old corrugated containers, old newsprint, aluminum, glass, and other materials; and provision of landfill and transfer services. In addition, the company offers disposal of non-hazardous solid and liquid material and in-plant services, such as transportation and logistics. As of December 31, 2020, the company operated through 345 collection operations, 220 transfer stations, 186 active landfills, 76 recycling processing centers, 9 salt water disposal wells, and 7 deep injection wells, as well as 6 treatment, recovery, and disposal facilities in 41 states. It also operated 75 landfill gas-to-energy and renewable energy projects and had 128 closed landfills. The company was incorporated in 1996 and is based in Phoenix, Arizona."
RMD,ResMed,Health Care,Health Care Equipment,"San Diego, California",7/26/2017,1989,"ResMed Inc. develops, manufactures, distributes, and markets medical devices and cloud-based software applications that diagnose, treat, and manage respiratory disorders comprising sleep apnea, chronic obstructive pulmonary disease, neuromuscular disease, and other chronic diseases. The company operates in two segments, Sleep and Respiratory Care, and Software as a Service. It offers various products and solutions for a range of respiratory disorders, including technologies to be applied in medical and consumer products, ventilation devices, diagnostic products, mask systems for use in the hospital and home, headgear and other accessories, dental devices, portable oxygen concentrators, and cloud-based software informatics solutions to manage patient outcomes, as well as provides customer and business processes. The company also provides U-Sleep, which enables automated patient coaching through a text, email, or interactive voice phone call; AirView that enables remote monitoring, over-the-air trouble shooting, and changing of device settings; and myAir, a patient engagement application that offers sleep data and a daily score based on their previous night's data, as well as connectivity module and propeller solutions. In addition, it provides business management software and services to out-of-hospital providers, home medical equipment, pharmacy, home infusion, orthotics, and prosthetics; and HEALTHCAREfirst and MatrixCare solutions. The company markets its products to sleep clinics, home healthcare dealers, patients, hospitals, physicians, and third-party payers through a network of distributors and direct sales force in approximately 140 countries. ResMed Inc. was founded in 1989 and is headquartered in San Diego, California."
RHI,Robert Half,Industrials,Human Resource & Employment Services,"Menlo Park, California",12/5/2000,1948,"Robert Half International Inc. provides staffing and risk consulting services in North America, South America, Europe, Asia, and Australia. The company operates through three segments: Temporary and Consultant Staffing, Permanent Placement Staffing, and Risk Consulting and Internal Audit Services. It places temporary services for accounting, finance, and bookkeeping; temporary and full-time office and administrative personnel consisting of executive and administrative assistants, receptionists, and customer service representatives; full-time accounting, financial, tax, and accounting operations personnel; and information technology contract consultants and full-time employees in the areas of platform systems integration to end-user technical and desktop support, including specialists in application development, networking, systems integration and deployment, database design and administration, and security and business continuity. The company also offers temporary and full-time employees in attorney, paralegal, legal administrative, and legal secretarial positions; and senior level project professionals in the accounting and finance fields for financial systems conversions, expansion into new markets, business process reengineering, business systems performance improvement, and post-merger financial consolidation. In addition, it is involved in serving professionals in the areas of interactive media, design, marketing, advertising, and public relations; and placing freelance and project consultants in various positions, such as creative directors, graphics designers, Web content developers, Web designers, media buyers, brand managers, and public relations specialists. Further, the company provides business and technology risk consulting, and internal audit services. It serves clients and employment candidates. Robert Half International Inc. was founded in 1948 and is headquartered in Menlo Park, California."
ROK,Rockwell Automation,Industrials,Electrical Components & Equipment,"Milwaukee, Wisconsin",,1903,"Rockwell Automation, Inc. provides industrial automation and digital transformation solutions. The company operates in two segments, Architecture & Software, and Control Products & Solutions. The Architecture & Software segment offers a portfolio of automation and information platforms, including hardware and software. Its products include programmable automation controllers; design, visualization, and simulation software; and human machine interface products, networking products, industrial computers, sensing devices, machine safety devices, motion control products, and independent cart technology products. This segment also offers manufacturing execution system and analytics software to enhance operational productivity and meet regulatory requirements. The Control Products & Solutions segment provides low and medium voltage electro-mechanical and electronic motor starters, AC/DC variable frequency drives, motor control and circuit protection devices, operator and signaling devices, termination and protection devices, relays and timers, and electrical control accessories. This segment also offers pre-configured line and load power solutions, packaged drives, motor control centers, and intelligent packaged power and engineered to order automation equipment solutions; and professional lifecycle services, such as safety, security, and digital transformation consulting, as well as automation and information project delivery capabilities, plant network, cloud, cybersecurity, asset management and predictive analytics, and remote, on-site, and managed support services. The company primarily serves a range of industries, which include the automotive, semiconductor, and warehousing and logistics; food and beverage, and life sciences; and oil and gas, metals, and chemicals through independent distributors and direct sales force worldwide. Rockwell Automation, Inc. was founded in 1903 and is headquartered in Milwaukee, Wisconsin."
ROL,"Rollins, Inc.",Industrials,Environmental & Facilities Services,"Atlanta, Georgia",10/1/2018,1948,"Rollins, Inc., through its subsidiaries, provides pest and termite control services to residential and commercial customers. It offers protection against termite damage, rodents, and insects to homes and businesses, including hotels, food service establishments, food manufacturers, retailers, and transportation companies. The company also provides pest management and sanitation services and products to the food and commodity industries; consulting services on border protection related to Australia's biosecurity program; and bird control and specialist services, as well as offers specialized services to mining, and oil and gas sectors. In addition, it offers mosquito control, wildlife, lawn care, insulation, and HVAC services. The company serves clients directly, as well as through franchisee operations in the United States, Canada, Australia, Europe, Asia, Central and South America, the Caribbean, the Middle East, and Africa. Rollins, Inc. was incorporated in 1948 and is headquartered in Atlanta, Georgia."
ROP,Roper Technologies,Information Technology,Electronic Equipment & Instruments,"Sarasota, Florida",12/23/2009,1981,"Roper Technologies, Inc. designs and develops software, and engineered products and solutions. The company offers management, campus solutions, laboratory information management, enterprise management, information solutions, transportation management, financial and compliance management, cloud-based financial analytics and performance management, and diagnostic and laboratory information system software; and software, services, and technologies for foodservice operations. It also provides cloud-based data, collaboration, and estimating automation software; electronic marketplace; visual effects and 3D content software; wireless sensor network and solutions; cloud-based software solutions; supply chain software; health care service and software; RFID card readers; data analytics and information; pharmacy software; and toll system and products, transaction and violation processing services, and intelligent traffic systems. In addition, the company offers precision rubber and polymer testing instruments, and data analysis software; ultrasound accessories; radiotherapy solutions; testing and analyzing plastic solutions; dispensers and metering pumps; control valves; precision weighing equipment; automated surgical scrub and linen dispensing equipment; water meters; optical and electromagnetic measurement systems; automated leak detection equipment; medical devices; products and services for water and gas utilities; and equipment and consumables. It also provides temperature control and emergency shutoff valves; turbomachinery control hardware, software, and services; specialized pumps; flow meter calibrators and controllers; vibration monitoring systems and controls; analytical instrument; drilling power section; pressure and level sensors; and non-destructive testing equipment. The company was formerly known as Roper Industries, Inc. and changed its name to Roper Technologies, Inc. in April 2015. The company was incorporated in 1981 and is based in Sarasota, Florida."
ROST,Ross Stores,Consumer Discretionary,Apparel Retail,"Dublin, California",12/21/2009,1982,"Ross Stores, Inc., together with its subsidiaries, operates off-price retail apparel and home fashion stores under the Ross Dress for Less and dd's DISCOUNTS brands. Its stores primarily offer apparel, accessories, footwear, and home fashions. The company's Ross Dress for Less stores sell its products at department and specialty stores primarily to middle income households; and dd's DISCOUNTS stores sell its products at department and discount stores regular prices to customers from households with moderate income. As of March 16, 2021, it operated 1,589 off-price apparel and home fashion stores in 40 states, the District of Columbia, and Guam. The company was incorporated in 1957 and is headquartered in Dublin, California."
RCL,Royal Caribbean Group,Consumer Discretionary,"Hotels, Resorts & Cruise Lines","Miami, Florida",12/5/2014,1997,"Royal Caribbean Group operates as a cruise company worldwide. The company operates cruises under the Royal Caribbean International, Celebrity Cruises, Azamara, and Silversea Cruises brands, which comprise a range of itineraries that call on approximately 1,000 destinations. As of December 31, 2020, it operated 61 ships with an aggregate capacity of approximately 137,930 berths. The company was founded in 1968 and is headquartered in Miami, Florida."
SPGI,S&P Global,Financials,Financial Exchanges & Data,"New York City, New York",3/4/1957,1917,"S&P Global Inc., together with its subsidiaries, provides ratings, benchmarks, analytics, and data to the capital and commodity markets worldwide. The company operates through four segments: S&P Global Ratings (Ratings), S&P Global Market Intelligence (Market Intelligence), S&P Global Platts (Platts), and S&P Dow Jones Indices (Indices). The Ratings segment offers credit ratings, research, and analytics to investors, corporations, governments, municipalities, commercial and investment banks, insurance companies, asset managers, and other debt issuers. The Market Intelligence segment provides multi-asset-class data, research, and analytical capabilities that integrate cross-asset analytics and desktop services to investment managers, investment banks, private equity firms, insurance companies, commercial banks, corporations, professional services firms, government agencies, and regulators. The Platts segment offers essential price data, analytics, and industry insights for the commodity and energy markets. It serves producers, traders, and intermediaries within the energy, petrochemicals, metals, and agriculture markets. The Indices segment provides index that maintains various valuation and index benchmarks for investment advisors, wealth managers, and institutional investors. The company also offers analytics, artificial intelligence, machine learning, and data visualization systems to Wall Street's premier global banks and investment institutions, as well as the National Security community; subscription and custom reports on bank deposits, loans, fees, and other product data to the financial services industry; and insights on global supply chains. The company was formerly known as McGraw Hill Financial, Inc. and changed its name to S&P Global Inc. in April 2016. S&P Global Inc. was founded in 1860 and is headquartered in New York, New York."
CRM,Salesforce,Information Technology,Application Software,"San Francisco, California",9/15/2008,1999,"salesforce.com, inc. develops enterprise cloud computing solutions with a focus on customer relationship management worldwide. The company offers Sales Cloud to store data, monitor leads and progress, forecast opportunities, and gain insights through analytics and relationship intelligence, as well as deliver quotes, contracts, and invoices. It also provides Service Cloud, which enables companies to deliver personalized customer service and support, as well as a field service solution that enables companies to connect agents, dispatchers, and mobile employees through a centralized platform, which helps to schedule and dispatch work, and track and manage jobs in real-time. In addition, the company offers Marketing Cloud to plan, personalize, and optimize one-to-one customer marketing interactions; and Commerce Cloud, which enables companies to enhance engagement, conversion, revenue, and loyalty from their customers. Further, it provides Customer 360 Platform that offers no-code to pro-code Platform-as-a-Service tools for building, securing, integrating, and managing the business apps; MuleSoft Anypoint Platform enables customers to connect any system, application, data, or device; Quip collaboration platform, which combines documents, spreadsheets, apps, and chat with live CRM data; and Tableau and Einstein Analytics, provides analytical technology to customers. Additionally, the company offers various solutions for financial services, healthcare and life sciences, manufacturing, consumer goods, government, and philanthropy. The company also provides professional services and education services, including instructor-led and online courses; and support and adoption programs. It provides its services through direct sales; and consulting firms, systems integrators, and other partners. Salesforce and Siemens has a strategic partnership. The company was founded in 1999 and is headquartered in San Francisco, California."
SBAC,SBA Communications,Real Estate,Specialized REITs,"Boca Raton, Florida",9/1/2017,1989,"SBA Communications Corporation is a first choice provider and leading owner and operator of wireless communications infrastructure in North, Central, and South America and South Africa. By √Ç¬ìBuilding Better Wireless,√Ç¬î SBA generates revenue from two primary businesses √Ç¬ñ site leasing and site development services. The primary focus of the Company is the leasing of antenna space on its multi-tenant communication sites to a variety of wireless service providers under long-term lease contracts. For more information please visit: www.sbasite.com."
SLB,Schlumberger,Energy,Oil & Gas Equipment & Services,"Cura?ao, Kingdom of the Netherlands",3/4/1957,1926,"Schlumberger Limited supplies technology for reservoir characterization, drilling, production, and processing to the oil and gas industry worldwide. It operates in four divisions: Digital & Integration, Reservoir Performance, Well Construction, and Production Systems. The company offers reservoir interpretation and data processing services; open and cased-hole, and slickline services; exploration and production pressure and flow-rate measurement services; tubing-conveyed perforating services; integrated production systems; software, consulting, information management, and IT infrastructure services; reservoir characterization, field development planning, and production enhancement consulting services; and petro technical data services and training solutions. It designs, manufactures, and markets roller cone and fixed cutter drill bits; supplies drilling fluid systems, fluid systems and specialty equipment, production technology solutions, and engineered managed pressure and underbalanced drilling solutions; and offers environmental services and products; provides drilling and measurement, land drilling rigs, and related support services; and supplies well planning and drilling, engineering, supervision, logistics, procurement, and contracting services, as well as drilling rig management services. In addition, the company offers well services; coiled tubing equipment; hydraulic fracturing, multistage completions, perforating, coiled tubing equipment, and services; well completion services and equipment; artificial lift production equipment and optimization services; and production management services. Further, it provides integrated subsea production systems; drilling equipment and services; onshore and offshore platform wellhead systems and processing solutions; and valve and process systems. The company was formerly known as Socie√Ç¬¥te√Ç¬¥ de Prospection E√Ç¬¥lectrique. Schlumberger Limited was founded in 1926 and is based in Houston, Texas."
STX,Seagate Technology,Information Technology,"Technology Hardware, Storage & Peripherals","Dublin, Ireland",7/2/2012,1979,"Seagate Technology plc provides data storage technology and solutions in Singapore, the United States, the Netherlands, and internationally. The company offers hard disk and solid state drives, including serial advanced technology attachment, serial attached SCSI, and non-volatile memory express products; solid state hybrid drives; and storage subsystems. Its products are used in enterprise servers and storage systems; and edge compute and non-compute applications. The company also provides enterprise data solutions portfolio comprising storage subsystems for enterprises, cloud service providers, and scale-out storage servers and original equipment manufacturers (OEMs). In addition, it offers external storage solutions under the Seagate Backup Plus and Expansion product lines, as well as under the LaCie and Maxtor brands in capacities up to 168TB. The company sells its products primarily to OEMs, distributors, and retailers. Seagate Technology plc was founded in 1978 and is based in Dublin, Ireland."
SEE,Sealed Air,Materials,Paper Packaging,"Charlotte, North Carolina",3/4/1957,1960,"Sealed Air Corporation provides food safety and security, and product protection solutions and equipment in North America, South America, Europe, the Middle East, Africa, and the Asia Pacific. It operates in two segments, Food and Protective. The Food segment offers integrated packaging materials and automation equipment solutions to provide food safety and shelf life extension, automate processes, and optimize total cost for perishable food processors in the fresh red meat, smoked and processed meats, poultry, seafood, plant-based, and dairy markets under the Cryovac, Cryovac Grip & Tear, Cryovac Darfresh, Cryovac Mirabella, Simple Steps, and Optidure brands. This segment sells its solutions directly to customers through its sales, marketing, and customer service personnel. The Protective segment provides foam, corrugated, molded pulp, and wood packaging solutions to protect goods in shipping for the e-commerce, consumer goods, pharmaceutical and medical devices, and industrial manufacturing markets under the Bubble Wrap, Autobag, Sealed Air, Instapak, Korrvu, Kevothermal, and TempGuard brands. This segment sells its solutions through supply distributors, as well as directly to fabricators, original equipment manufacturers, contract manufacturers, third-party logistics partners, e-commerce/fulfillment operations, and retail centers. Sealed Air Corporation was founded in 1960 and is headquartered in Charlotte, North Carolina."
SRE,Sempra Energy,Utilities,Multi-Utilities,"San Diego, California",2001?,1998,"Sempra Energy operates as an energy-services holding company in the United States and internationally. The company's San Diego Gas & Electric Company segment generates, transmits, and distributes electricity; and supplies natural gas. It offers electric services to approximately 3.7 million population and natural gas services to approximately 3.4 million population that covers 4,100 square miles. Its Southern California Gas Company segment owns and operates a natural gas distribution, transmission, and storage system that supplies natural gas to a population of approximately 22 million covering an area of 24,000 square miles. The company's Sempra Texas Utilities segment is involved in the regulated transmission and distribution of electricity serving 3.7 million homes and businesses, and operation of 139,000 miles of transmission and distribution lines. Its transmission system includes 18,127 circuit miles of transmission lines, 336 transmission stations, and 806 distribution substations; distribution system comprises 121,129 miles of overhead and underground lines; and 63 miles of electric transmission lines. Its Sempra Mexico segment develops, owns, operates, or holds interests in natural gas, electric, liquefied natural gas (LNG), liquid petroleum gas (LPG), ethane, and liquid fuels infrastructure; and purchases LNG, and purchases and sells natural gas. This segment operates natural-gas-fired, and wind and solar power generation facilities. Its assets/facilities consist of 1,850 miles of natural gas transmission pipelines, 15 compressor stations, and 139 miles of ethane pipelines; and 2,729 miles of natural gas distribution pipelines. The company's Sempra LNG segment develops and builds natural gas liquefaction export facilities; holds an interest in a facility for the export of LNG; owns and operates natural gas pipelines; and buys, sells, and transports natural gas. The company was founded in 1998 and is headquartered in San Diego, California."
NOW,ServiceNow,Information Technology,Systems Software,"Santa Clara, California",11/21/2019,2003,"ServiceNow, Inc. provides enterprise cloud computing solutions that defines, structures, consolidates, manages, and automates services for enterprises worldwide. It operates the Now platform that offers workflow automation, artificial intelligence, machine learning, performance analytics, electronic service catalogs and portals, configuration management systems, data benchmarking, encryption, and collaboration and development tools. The company also provides information technology (IT) service management applications; IT service management product suite for enterprise's employees, customers, and partners; IT business management product suite to manage IT priorities; IT operations management product that connects a customer's physical and cloud-based IT infrastructure; IT Asset Management to automate IT asset lifecycles; and enterprise development operations product for developers' toolchain. In addition, it offers security incident management, threat enrichment intelligence, vulnerability response management, and security incident intelligence sharing security operation products; governance, risk, and compliance product to create policies and controls; human resources, legal, and workplace service delivery products; safe workplace applications; customer service management product; and field service management applications. Further, it provides App Engine product; IntegrationHub enables application to extend workflows; and professional, training, and customer support services. It serves government, financial services, healthcare, telecommunications, manufacturing, IT services, technology, oil and gas, education, and consumer products. It sells its products through direct sales team and resale partners. The company was formerly known as Service-now.com and changed its name to ServiceNow, Inc. in May 2012. The company was incorporated in 2004 and is headquartered in Santa Clara, California."
SHW,Sherwin-Williams,Materials,Specialty Chemicals,"Cleveland, Ohio",6/30/1964,1866,"The Sherwin-Williams Company develops, manufactures, distributes, and sells paints, coatings, and related products to professional, industrial, commercial, and retail customers. It operates in three segments: The Americas Group, Consumer Brands Group, and Performance Coatings Group. The Americas Group segment offers architectural paints and coatings, and protective and marine products, as well as OEM product finishes and related products for architectural and industrial paint contractors, and do-it-yourself homeowners. The Consumer Brands Group segment provides branded and private-label architectural paints, stains, varnishes, industrial products, wood finishes products, wood preservatives, applicators, corrosion inhibitors, aerosols, caulks, and adhesives to retailers and distributors. The Performance Coatings Group segment develops and sells industrial coatings for wood finishing and general industrial applications, automotive refinish products, protective and marine coatings, coil coatings, packaging coatings, and performance-based resins and colorants. It serves retailers, dealers, jobbers, licensees, and other third-party distributors through its branches and direct sales staff, as well as through outside sales representatives. The company has operations primarily in North and South America, the Caribbean, Europe, Asia, and Australia. As of December 31, 2021, it operated 4,774 company-operated stores. The Sherwin-Williams Company was founded in 1866 and is headquartered in Cleveland, Ohio."
SPG,Simon Property Group,Real Estate,Retail REITs,"Indianapolis, Indiana",6/26/2002,2003,"Simon is a real estate investment trust engaged in the ownership of premier shopping, dining, entertainment and mixed-use destinations and an S&P 100 company (Simon Property Group, NYSE: SPG). Our properties across North America, Europe and Asia provide community gathering places for millions of people every day and generate billions in annual sales."
SWKS,Skyworks Solutions,Information Technology,Semiconductors,"Irvine, California",3/12/2015,2002,"Skyworks Solutions, Inc., together with its subsidiaries, designs, develops, manufactures, and markets proprietary semiconductor products, including intellectual property in the United States, China, South Korea, Taiwan, Europe, the Middle East, Africa, and rest of Asia-Pacific. Its product portfolio includes amplifiers, antenna tuners, attenuators, circulators/isolators, DC/DC converters, demodulators, detectors, diodes, wireless analog system on chip products, directional couplers, diversity receive modules, filters, front-end modules, hybrids, light emitting diode drivers, low noise amplifiers, mixers, modulators, optocouplers/optoisolators, phase locked loops, phase shifters, power dividers/combiners, receivers, switches, synthesizers, technical ceramics, voltage controlled oscillators/synthesizers, and voltage regulators. The company provides its products for use in the aerospace, automotive, broadband, cellular infrastructure, connected home, entertainment and gaming, industrial, medical, military, smartphone, tablet, and wearable markets. It sells its products through direct sales force, electronic component distributors, and independent sales representatives. The company was founded in 1962 and is headquartered in Irvine, California."
SJM,J.M. Smucker Company (The),Consumer Staples,Packaged Foods & Meats,"Orrville, Ohio",11/6/2008,1897,"The J. M. Smucker Company manufactures and markets food and beverage products worldwide. It operates in four segments: U.S. Retail Pet Foods, U.S. Retail Coffee, U.S. Retail Consumer Foods, and International and Away From Home. The company offers pet food and snacks; mainstream roast, ground, single serve, and premium coffee; peanut butter and specialty spreads; fruit spreads, shortening and oils, and frozen sandwiches and snacks; and foodservice hot beverage, foodservice portion control, and flour products, as well as dog and cat food, frozen handheld products, portion control products, juices and beverages, and baking mixes and ingredients. It provides its products under the Meow Mix, Kibbles √Ç¬ën Bits, 9Lives, Nature's Recipe, Milk-Bone, Pup-Peroni, Rachael Ray Nutrish, Natural Balance, Folgers, Caf√É¬© Bustelo, Dunkin' Donuts, 1850, Jif, Smucker's, Smucker's Uncrustables, Crisco, Robin Hood, and Five Roses brands. The company sells its products through direct sales and brokers to food retailers and wholesalers, club stores, discount and dollar stores, online retailers, pet specialty stores, natural foods stores and distributors, drug stores, military commissaries, and mass merchandisers; and through retail channels, and foodservice distributors and operators. The J. M. Smucker Company was founded in 1897 and is headquartered in Orrville, Ohio."
SNA,Snap-on,Industrials,Industrial Machinery,"Kenosha, Wisconsin",9/30/1982,1920,"Snap-on Incorporated manufactures and markets tools, equipment, diagnostics, and repair information and systems solutions for professional users worldwide. It operates through Commercial & Industrial Group, Snap-on Tools Group, Repair Systems & Information Group, and Financial Services segments. The company offers hand tools, including wrenches, sockets, ratchet wrenches, pliers, screwdrivers, punches and chisels, saws and cutting tools, pruning tools, torque measuring instruments, and other products; power tools, such as cordless, pneumatic, hydraulic, and corded tools; and tool storage products comprising tool chests, roll cabinets, and other products. It also provides handheld and PC-based diagnostic products, service and repair information products, diagnostic software solutions, electronic parts catalogs, business management systems and services, point-of-sale systems, integrated systems for vehicle service shops, original equipment manufacturer purchasing facilitation services, and warranty management systems and analytics. In addition, the company offers solutions for the service of vehicles and industrial equipment that include wheel alignment equipment, wheel balancers, tire changers, vehicle lifts, test lane equipment, collision repair equipment, vehicle air conditioning service equipment, brake service equipment, fluid exchange equipment, transmission troubleshooting equipment, safety testing equipment, battery chargers, and hoists. Further, it provides financing programs to facilitate the sales of its products and support its franchise business. The company serves the aviation and aerospace, agriculture, construction, government and military, mining, natural resources, power generation, and technical education industries, as well as vehicle dealerships and repair centers. Snap-on Incorporated was founded in 1920 and is based in Kenosha, Wisconsin."
SEDG,SolarEdge,Information Technology,Semiconductor Equipment,"Herzliya, Israel",12/20/2021,2006,"SolarEdge Technologies, Inc., together with its subsidiaries, designs, develops, and sells direct current (DC) optimized inverter systems for solar photovoltaic (PV) installations worldwide. It offers inverters, power optimizers, communication devices, and smart energy management solutions used in residential, commercial, and small utility-scale solar installations; and a cloud-based monitoring platform that collects and processes information from the power optimizers and inverters, as well as monitors and manages the solar PV system. The company also provides residential, commercial, and large scale photovoltaics, energy storage and backup, electric vehicle charging, and home energy management solutions, as well as grid services; and e-Mobility, automation machines, lithium-ion cells and battery packs, and uninterrupted power supply solutions, as well as virtual power plants, which helps to manage the load on the grid and grid stability. In addition, it offers pre-sales support, ongoing trainings, and technical support and after installation services. The company sells its products to the providers of solar PV systems; and solar installers and distributors, electrical equipment wholesalers, and PV module manufacturers, as well as engineering, procurement, and construction firms. SolarEdge Technologies, Inc. was founded in 2006 and is headquartered in Herzliya, Israel."
SO,Southern Company,Utilities,Electric Utilities,"Atlanta, Georgia",3/4/1957,1945,"The Southern Company, through its subsidiaries, engages in the generation, transmission, and distribution of electricity. It operates in four segments: Gas Distribution Operations, Gas Pipeline Investments, Wholesale Gas Services, and Gas Marketing Services. The company also constructs, acquires, owns, and manages power generation assets, including renewable energy and battery energy storage projects and sells electricity in the wholesale market; and distributes natural gas in Illinois, Georgia, Virginia, and Tennessee, as well as provides gas marketing services, wholesale gas services, and gas pipeline investments operations. It owns and/or operates 30 hydroelectric generating stations, 24 fossil fuel generating stations, 3 nuclear generating stations, 13 combined cycle/cogeneration stations, 44 solar facilities, 13 wind facilities, 1 fuel cell facility, and 1 battery storage facility; and constructs, operates, and maintains 75,924 miles of natural gas pipelines and 14 storage facilities with total capacity of 157 Bcf to provide natural gas to residential, commercial, and industrial customers. The company serves approximately 8.6 million electric and gas utility customers. It also provides products and services in the areas of energy efficiency, and utility infrastructure. In addition, the company offers digital wireless communications and fiber optics services. The Southern Company was incorporated in 1945 and is headquartered in Atlanta, Georgia."
LUV,Southwest Airlines,Industrials,Airlines,"Dallas, Texas",7/1/1994,1967,"Southwest Airlines Co. operates as a passenger airline company that provide scheduled air transportation services in the United States and near-international markets. As of December 31, 2020, the company operated a total fleet of 718 Boeing 737 aircrafts; and served 107 destinations in 40 states, the District of Columbia, and the Commonwealth of Puerto Rico, as well as ten near-international countries, including Mexico, Jamaica, the Bahamas, Aruba, the Dominican Republic, Costa Rica, Belize, Cuba, the Cayman Islands, and Turks and Caicos. Its services also cover destinations in Hilo on Hawaii; Cozumel, Mexico; Steamboat Springs, Colorado; Miami, Florida; Palm Springs, California; and Montrose (Telluride and Crested Butte), Colorado. In addition, the company provides inflight entertainment and connectivity services on Wi-Fi enabled aircrafts; and Rapid Rewards loyalty program that enables program members to earn points for dollars spent on Southwest base fares. In addition, the company provides a suite of digital platforms to support customers' travel needs, including Southwest.com, mobile website, and apps; and SWABIZ, an online booking tool. Further, it offers ancillary services, such as Southwest's EarlyBird Check-In, upgraded boarding, and transportation of pets and unaccompanied minors. The company was founded in 1967 and is headquartered in Dallas, Texas."
SWK,Stanley Black & Decker,Industrials,Industrial Machinery,"New Britain, Connecticut",9/30/1982,1843,"Stanley Black & Decker, Inc. engages in the tools and storage, industrial, and security businesses worldwide. Its Tools & Storage segment offers power tools and equipment, including professional products, such as professional grade corded and cordless electric power tools and equipment, and pneumatic tools and fasteners; and consumer products comprising corded and cordless electric power tools primarily under the BLACK+DECKER brand, as well as lawn and garden products and related accessories, and home products. This segment sells its products through retailers, distributors, and a direct sales force to professional end users, distributors, retail consumers, and industrial customers in various industries. The company's Industrial segment provides engineered fastening systems and products to customers in the automotive, manufacturing, electronics, construction, aerospace, and other industries; sells and rents custom pipe handling, joint welding, and coating equipment for use in the construction of large and small diameter pipelines, as well as provides pipeline inspection services; and sells hydraulic tools, attachments, and accessories. This segment also serves oil and natural gas pipeline industry and other industrial customers. Its Security segment designs, supplies, and installs commercial electronic security systems and provides electronic security services; offers healthcare solutions, which include asset tracking, infant protection, pediatric protection, patient protection, wander management, fall management, and emergency call products; and sells automatic doors to commercial customers. This segment serves consumers, retailers, educational, financial, and healthcare institutions, as well as commercial, governmental, and industrial customers. The company was formerly known as The Stanley Works and changed its name to Stanley Black & Decker, Inc. in March 2010. Stanley Black & Decker, Inc. was founded in 1843 and is headquartered in New Britain, Connecticut."
SBUX,Starbucks,Consumer Discretionary,Restaurants,"Seattle, Washington",6/7/2000,1971,"Starbucks Corporation, together with its subsidiaries, operates as a roaster, marketer, and retailer of specialty coffee worldwide. The company operates through three segments: Americas, International, and Channel Development. Its stores offer coffee and tea beverages, roasted whole bean and ground coffees, single-serve and ready-to-drink beverages, and iced tea; and various food products, such as pastries, breakfast sandwiches, and lunch items. The company also licenses its trademarks through licensed stores, and grocery and foodservice accounts. The company offers its products under the Starbucks, Teavana, Seattle's Best Coffee, Evolution Fresh, Ethos, Starbucks Reserve, and Princi brand names. As of October 29, 2020, it operated approximately 32,000 stores. Starbucks Corporation was founded in 1971 and is based in Seattle, Washington."
STT,State Street Corporation,Financials,Asset Management & Custody Banks,"Boston, Massachusetts",3/14/2003,1792,"State Street Corporation, through its subsidiaries, provides a range of financial products and services to institutional investors worldwide. It offers investment servicing products and services, including custody; product accounting; daily pricing and administration; master trust and master custody; depotbank; record-keeping; cash management; foreign exchange, brokerage, and other trading services; securities finance; deposit and short-term investment facilities; loans and lease financing; investment manager and alternative investment manager operations outsourcing; performance, risk, and compliance analytics; and financial data management to support institutional investors. The company also engages in the provision of portfolio management and risk analytics, as well as trading and post-trade settlement services with integrated compliance and managed data throughout. In addition, it provides investment management strategies and products, such as core and enhanced indexing, multi-asset strategies, active quantitative and fundamental active capabilities, and alternative investment strategies. Further, the company offers services and solutions, including environmental, social, and governance investing; defined benefit and defined contribution; and global fiduciary solutions, as well as exchange-traded fund under the SPDR ETF brand. The company provides its products and services to mutual funds, collective investment funds and other investment pools, corporate and public retirement plans, insurance companies, foundations, endowments, and investment managers. State Street Corporation was founded in 1792 and is headquartered in Boston, Massachusetts."
STLD,Steel Dynamics,Materials,Steel,"Fort Wayne, Indiana",12/22/2022,1993,"Steel Dynamics, Inc., together with its subsidiaries, operates as a steel producer and metal recycler in the United States. It operates through three segments: Steel Operations, Metals Recycling Operations, and Steel Fabrication Operations. The Steel Operations segment offers hot and cold roll, and coated steel products; structural flange beams and channel sections, flat bars, large unequal leg angles, reinforcing bars, as well as standard strength carbon, intermediate alloy hardness, and premium grade rail products; engineered special-bar-quality products; and merchant-bar-quality products, including channels, angles, flats, merchant rounds, and reinforcing steel bars; and other engineered round steel bars. This segment is also involved in the turning, polishing, straightening, chamfering, threading, precision saw-cutting, and heat treating of bar products; and cutting to length, straightening, hole punching, shot blasting, welding, galvanizing, and coating of specialty merchant bar products. Its products are used in construction, automotive, manufacturing, transportation, heavy and agriculture equipment, and pipe and tube industry sectors. This segment sells its products directly to end-users, steel fabricators, and service centers. The Metals Recycling Operations segment engages in the purchase, process, and resale of ferrous and nonferrous scrap metals into reusable forms and grades. Its ferrous products include heavy melting steel, busheling, bundled scrap, shredded scrap, steel turnings, and cast-iron products; and nonferrous products comprise aluminum, brass, copper, stainless steel, and other nonferrous metals. This segment also provides transportation logistics, marketing, brokerage, and scrap management services. The Steel Fabrication Operations segment produces steel building components, such as steel joists, girders, trusses, and steel deck products for non-residential steel fabricators. The company also exports its products. Steel Dynamics, Inc. was incorporated in 1993 and is headquartered in Fort Wayne, Indiana."
STE,Steris,Health Care,Health Care Equipment,"Dublin, Ireland",12/23/2019,1985,"STERIS plc provides infection prevention and other procedural products and services worldwide. It operates in four segments: Healthcare Products, Healthcare Specialty Services, Life Sciences, and Applied Sterilization Technologies. The Healthcare Products segment offers cleaning chemistries and sterility assurance products; accessories for gastrointestinal (GI) procedures, washers, sterilizers, and other pieces of capital equipment for the operation of a sterile processing department; and equipment used directly in the operating room, including surgical tables, lights, equipment management services, and connectivity solutions. It also provides capital equipment installation, maintenance, upgradation, repair, and troubleshooting services. This segment offers its products and services to acute care hospitals, ambulatory surgery centers, and GI clinics. The Healthcare Specialty Services segment provides solutions and managed services, such as instrument and endoscope repair and maintenance solutions; custom process improvement consulting services; and outsourced instrument sterile processing services to acute care hospitals and other healthcare settings. The Life Sciences segment offers formulated cleaning chemistries, barrier and sterility assurance products, steam and vaporized hydrogen peroxide sterilizers, and washer disinfectors. The Applied Sterilization Technologies segment provides contract sterilization and testing services for medical device and pharmaceutical manufacturers through a network of approximately 50 contract sterilization and laboratory facilities. The company was founded in 1985 and is based in Dublin, Ireland."
SYK,Stryker Corporation,Health Care,Health Care Equipment,"Kalamazoo, Michigan",12/12/2000,1941,"Stryker Corporation operates as a medical technology company. The company operates through three segments: Orthopaedics, MedSurg, and Neurotechnology and Spine. The Orthopaedics segment provides implants for use in hip and knee joint replacements, and trauma and extremities surgeries. The MedSurg segment offers surgical equipment and surgical navigation systems, endoscopic and communications systems, patient handling, emergency medical equipment and intensive care disposable products, reprocessed and remanufactured medical devices, and other medical device products that are used in various medical specialties. The Neurotechnology and Spine segment provides neurotechnology products, which include products used for minimally invasive endovascular techniques; products for brain and open skull based surgical procedures; orthobiologic and biosurgery products, such as synthetic bone grafts and vertebral augmentation products; and minimally invasive products for the treatment of acute ischemic and hemorrhagic stroke. This segment also offers spinal implant products comprising cervical, thoracolumbar, and interbody systems that are used in spinal injury, deformity, and degenerative therapies. The company sells its products to doctors, hospitals, and other healthcare facilities through company-owned subsidiaries and branches, as well as third-party dealers and distributors in approximately 75 countries. Stryker Corporation was founded in 1941 and is headquartered in Kalamazoo, Michigan."
SYF,Synchrony Financial,Financials,Consumer Finance,"Stamford, Connecticut",11/18/2015,2003,"Synchrony Financial operates as a consumer financial services company in the United States. It provides a range of specialized financing programs and consumer banking products to digital, retail, home, auto, travel, health, and pet industries. The company also offers private label credit cards, dual cards, general purpose co-branded credit cards, and small and medium-sized business credit products; and promotional financing for consumer purchases, such as private label credit cards, dual cards, and installment loans. In addition, it provides promotional financing to consumers for health, veterinary and personal care procedures, and services and products, such as dental, vision, audiology, and cosmetic; debt cancellation products; and deposit products, including certificates of deposit, individual retirement accounts, money market accounts, and savings accounts to retail and commercial customers, as well as accepts deposits through third-party securities brokerage firms. The company offers its credit products through programs established with a group of national and regional retailers, local merchants, manufacturers, buying groups, industry associations, and healthcare service providers; and deposit products through various channels, such as digital and print. Synchrony Financial was incorporated in 2003 and is headquartered in Stamford, Connecticut."
SNPS,Synopsys,Information Technology,Application Software,"Mountain View, California",3/16/2017,1986,"Synopsys, Inc. provides electronic design automation software products used to design and test integrated circuits. It offers Fusion Design Platform, a digital design implementation solution; Verification Continuum Platform that provides virtual prototyping, static and formal verification, simulation, emulation, field programmable gate array (FPGA)-based prototyping, and debug solutions; and FPGA design products that are programmed to perform specific functions. The company also provides intellectual property (IP) solutions for USB, PCI Express, DDR, Ethernet, SATA, MIPI, HDMI, and Bluetooth low energy applications; analog IP, including data converters and audio codecs; and system-on-chip (SoC) infrastructure IP, datapath and building block IP, and verification IP products, as well as mathematical and floating point components, and Arm AMBA interconnect fabric and peripherals. In addition, it offers logic libraries and embedded memories; configurable processor cores and application-specific instruction-set processor tools for embedded applications; IP subsystems for audio, sensor, and data fusion functionality; and security IP solutions. Further, the company provides Platform Architect solutions for SoC architecture analysis and optimization; virtual prototyping solutions; and HAPS FPGA-based prototyping systems, as well as a series of tools used in the design of optical systems and photonic devices. Additionally, it offers security testing, managed services, programs and professional services, and training that enable its customers to detect and remediate security vulnerabilities, and defects in the software development lifecycle; manufacturing solutions; and professional and other services. It has a collaboration with IBM Research's AI Hardware Center to advance the development of chip architectures and design methodologies critical to the next generation of AI chips. Synopsys, Inc. was founded in 1986 and is headquartered in Mountain View, California."
SYY,Sysco,Consumer Staples,Food Distributors,"Houston, Texas",12/31/1986,1969,"Sysco Corporation, through its subsidiaries, markets and distributes a range of food and related products primarily to the foodservice or food-away-from-home industry in the United States, Canada, the United Kingdom, France, and internationally. It operates through three segments: U.S. Foodservice Operations, International Foodservice Operations, SYGMA, and Other. The company distributes frozen foods, such as meats, seafood, fully prepared entrees, fruits, vegetables, and desserts; canned and dry foods; fresh meats and seafood; dairy products; beverage products; imported specialties; and fresh produce. It also supplies various non-food items, including paper products comprising disposable napkins, plates, and cups; tableware consisting of China and silverware; cookware, which include pots, pans, and utensils; restaurant and kitchen equipment and supplies; and cleaning supplies. The company serves restaurants, hospitals and nursing homes, schools and colleges, hotels and motels, industrial caterers, and other foodservice venues. As of June 27, 2020, it operated 326 distribution facilities. Sysco Corporation was founded in 1969 and is headquartered in Houston, Texas."
TMUS,T-Mobile US,Communication Services,Wireless Telecommunication Services,"Bellevue, Washington",7/15/2019,1994,"T-Mobile US, Inc., together with its subsidiaries, provides mobile communications services in the United States, Puerto Rico, and the United States Virgin Islands. The company offers voice, messaging, and data services to 102.1 million customers in the postpaid, prepaid, and wholesale markets. It also provides wireless devices, including smartphones, wearables, and tablets and other mobile communication devices, as well as wireless devices and accessories. In addition, the company offers services, devices, and accessories under the T-Mobile and Metro by T-Mobile brands through its owned and operated retail stores, app and customer care channels, and its websites. It also sells its devices to dealers and other third party distributors for resale through independent third-party retail outlets and various third-party websites. As of December 31, 2020, it operated approximately 108,000 macro towers and 69,000 small cell/distributed antenna system sites; and approximately 3,400 T-Mobile and Metro by T-Mobile retail locations, including stores and kiosks. The company was founded in 1994 and is headquartered in Bellevue, Washington."
TROW,T. Rowe Price,Financials,Asset Management & Custody Banks,"Baltimore, Maryland",,1937,"T. Rowe Price Group, Inc. is a publicly owned investment manager. The firm provides its services to individuals, institutional investors, retirement plans, financial intermediaries, and institutions. It launches and manages equity and fixed income mutual funds. The firm invests in the public equity and fixed income markets across the globe. It employs fundamental and quantitative analysis with a bottom-up approach. The firm utilizes in-house and external research to make its investments. It employs socially responsible investing with a focus on environmental, social, and governance issues. It makes investment in late-stage venture capital transactions and usually invests between $3 million and $5 million. The firm was previously known as T. Rowe Group, Inc. and T. Rowe Price Associates, Inc. T. Rowe Price Group, Inc. was founded in 1937 and is based in Baltimore, Maryland, with additional offices in Colorado Springs, Colorado; Owings Mills, Maryland; San Francisco, California; Tampa, Florida; Toronto, Ontario; Hellerup, Denmark; Amsterdam, The Netherlands; Luxembourg, Grand Duchy of Luxembourg; Zurich, Switzerland; Dubai, United Arab Emirates; London, United Kingdom; Sydney, New South Wales; Hong Kong; Tokyo, Japan; Singapore; Frankfurt, Germany, Madrid, Spain, Milan, Italy, Stockholm, Sweden, Melbourne, Australia, and Amsterdam, Netherlands."
TTWO,Take-Two Interactive,Communication Services,Interactive Home Entertainment,"New York City, New York",3/19/2018,1993,"two is a blank check company. The company was incorporated in 2021 and is based in San Francisco, California."
TPR,"Tapestry, Inc.",Consumer Discretionary,"Apparel, Accessories & Luxury Goods","New York City, New York",9/1/2004,2017,"Tapestry, Inc. provides luxury accessories and branded lifestyle products in the United States, Japan, Greater China, Other Asia, and internationally. The company operates through three segments: Coach, Kate Spade, and Stuart Weitzman. The company offers women's accessories, including handbags, such as wallets, money pieces, wristlets, and cosmetic cases; novelty accessories comprising address books, time management and travel accessories, sketchbooks, and portfolios; and key rings and charms. It also provides bag collections, including business cases, computer bags, messenger-style bags, backpacks, and totes; small leather goods, such as wallets, card cases, travel organizers, and belts; and footwear, watches, sunglasses, novelty accessories, and ready-to-wear for men. In addition, the company offers women's footwear; sunglasses; bracelets, necklaces, rings, and earrings; fragrances and watches; women's seasonal lifestyle apparel collections that include outerwear and ready-to-wear, and cold weather accessories, which comprise gloves, scarves, and hats. Further, it provides ready-to-wear and footwear items for kids; fashion bedding and tableware; and stationery and gifts. Additionally, the company licenses rights to market and distribute its eyewear, watches, fragrances, and tech accessories under the Coach brand; and fashion beddings, tableware, eyewear, watches, stationery and gifts, and tech accessories under the Kate Spade brand. It sells its products to consumers through a network of 958 Coach stores, 420 Kate Spade stores, and 131 Stuart Weitzman stores, including the Internet and concession shop-in-shops; and wholesale customers, as well as through independent third party distributors. The company was formerly known as Coach, Inc. and changed its name to Tapestry, Inc. in October 2017. Tapestry, Inc. was founded in 1941 and is headquartered in New York, New York."
TRGP,Targa Resources,Energy,Oil & Gas Storage & Transportation,"Houston, Texas",10/12/2022,2005,"Targa Resources Corp., together with its subsidiary, Targa Resources Partners LP, owns, operates, acquires, and develops a portfolio of midstream energy assets in North America. It operates in two segments, Gathering and Processing, and Logistics and Transportation. The company engages in gathering, compressing, treating, processing, transporting, and selling natural gas; storing, fractionating, treating, transporting, and selling natural gas liquids (NGL) and NGL products, including services to liquefied petroleum gas exporters; and gathering, purchasing, storing, terminaling, and selling crude oil. It is also involved in the purchase and resale of NGL products; and wholesale of propane, as well as provision of related logistics services to multi-state retailers, independent retailers, and other end-users. In addition, the company offers NGL balancing services; and transportation services to refineries and petrochemical companies in the Gulf Coast area, as well as purchases, markets, and resells natural gas. It operates approximately 28,700 miles of natural gas pipelines, including 42 owned and operated processing plants; and owns or operates a total of 34 storage wells with a gross storage capacity of approximately 75 million barrels. As of December 31, 2020, the company leased and managed approximately 694 railcars; 124 transport tractors; and 2 company-owned pressurized NGL barges. Targa Resources Corp. was incorporated in 2005 and is headquartered in Houston, Texas."
TGT,Target Corporation,Consumer Discretionary,General Merchandise Stores,"Minneapolis, Minnesota",12/31/1976,1902,"Target Corporation operates as a general merchandise retailer in the United States. The company offers food assortments, including perishables, dry grocery, dairy, and frozen items; apparel, accessories, home d√É¬©cor products, electronics, toys, seasonal offerings, food, and other merchandise; and beauty and household essentials. It also provides in-store amenities, such as Target Caf√É¬©, Target Optical, Starbucks, and other food service offerings. The company sells its products through its stores; and digital channels, including Target.com. As of January 30, 2021, the company operated approximately 1,897 stores. Target Corporation was founded in 1902 and is headquartered in Minneapolis, Minnesota."
TEL,TE Connectivity,Information Technology,Electronic Manufacturing Services,"Schaffhausen, Switzerland",10/17/2011,2007,"TE Connectivity Ltd., together with its subsidiaries, manufactures and sells connectivity and sensor solutions in Europe, the Middle East, Africa, the Asia√Ç¬ñPacific, and the Americas. The company operates through three segments: Transportation Solutions, Industrial Solutions, and Communications Solutions. The Transportation Solutions segment provides terminals and connector systems and components, sensors, antennas, relays, application tooling, and wire and heat shrink tubing products for use in the automotive, commercial transportation, and sensor markets. The Industrial Solutions segment offers terminals and connector systems and components; and heat shrink tubing, interventional medical components, relays, and wires and cables for aerospace, defense, oil and gas, industrial equipment, medical, and energy markets. The Communications Solutions segment supplies electronic components, such as terminals and connector systems and components, relays, heat shrink tubing, and antennas for the data and devices, and appliances markets. TE Connectivity Ltd. sells its products to approximately 140 countries primarily through direct selling to manufacturers, as well as through third-party distributors. The company was formerly known as Tyco Electronics Ltd. and changed its name to TE Connectivity Ltd. in March 2011. TE Connectivity Ltd. was incorporated in 2000 and is based in Schaffhausen, Switzerland."
TDY,Teledyne Technologies,Information Technology,Electronic Equipment & Instruments,"Thousand Oaks, California",6/22/2020,1960,"Teledyne Technologies Incorporated provides instrumentation, digital imaging, aerospace and defense electronics, and engineered systems in the United States, the United Kingdom, Canada, Denmark, France, the Netherlands, and internationally. The company's Instrumentation segment offers monitoring and control instruments for marine, environmental, industrial, and other applications, as well as electronic test and measurement equipment; and power and communications connectivity devices for distributed instrumentation systems and sensor networks deployed in mission critical and harsh environments. Its Digital Imaging segment provides image sensors and digital cameras for use in industrial, scientific, academic research, and medical applications; and hardware and software for image processing and automatic data collection in industrial, academic research, and medical applications, as well as manufacturing services for micro electro-mechanical systems. This segment also offers light detection and ranging systems; focal plane arrays, sensors, and subsystems; and geospatial software products. The company's Aerospace and Defense Electronics segment provides electronic components and subsystems, as well as communications products, such as defense electronics; environment interconnects; data acquisition and communications equipment for aircraft; components and subsystems for wireless and satellite communications; and general aviation batteries. Its Engineered Systems segment offers systems engineering and integration, technology development, and manufacturing solutions for defense, space, environmental, and energy applications; and designs and manufactures electrochemical energy systems and electronics for military applications. The company markets and sells its products and services through sales forces, third-party distributors, and commissioned sales representatives. Teledyne Technologies Incorporated was founded in 1960 and is headquartered in Thousand Oaks, California."
TFX,Teleflex,Health Care,Health Care Equipment,"Wayne, Pennsylvania",1/18/2019,1943,"Teleflex Incorporated designs, develops, manufactures, and supplies single-use medical devices for common diagnostic and therapeutic procedures in critical care and surgical applications worldwide. It provides vascular access products that comprise Arrow branded catheters, catheter navigation and tip positioning systems, and intraosseous access systems for the administration of intravenous therapies, the measurement of blood pressure, and the withdrawal of blood samples through a single puncture site. The company also offers interventional products, which consists of various coronary catheters, structural heart therapies, and peripheral intervention and cardiac assist products that are used by interventional cardiologists and radiologists, and vascular surgeons; and Arrow branded catheters, Guideline and Trapliner catheters, the Manta Vascular Closure, and Arrow Oncontrol devices. It provides anesthesia products, such as airway and pain management products to support hospital, emergency medicine, and military channels; and surgical products, including metal and polymer ligation clips, and fascial closure surgical systems that are used in laparoscopic surgical procedures, percutaneous surgical systems, and other surgical instruments. The company also offers interventional urology product comprises the UroLift System, an invasive technology for treating lower urinary tract symptoms due to benign prostatic hyperplasia; and respiratory products, including oxygen and aerosol therapies, spirometry, and ventilation management products for use in various care settings. It provides urology products, such as catheters, urine collectors, and catheterization accessories and products for operative endourology; and bladder management services. The company serves hospitals and healthcare providers, medical device manufacturers, and home care markets. The company was incorporated in 1943 and is headquartered in Wayne, Pennsylvania."
TER,Teradyne,Information Technology,Semiconductor Equipment,"North Reading, Massachusetts",9/21/2020,1960,"Teradyne, Inc. designs, develops, manufactures, sells, and supports automatic test equipment worldwide. The company operates through Semiconductor Test, System Test, Industrial Automation, and Wireless Test segments. The Semiconductor Test segment offers products and services for wafer level and device package testing in automotive, industrial, communications, consumer, smartphones, computer and electronic game, and other applications. This segment also provides FLEX test platform systems; J750 test system to address the volume semiconductor devices; Magnum platform that tests memory devices, such as flash memory and DRAM; and ETS platform for semiconductor manufacturers, and assembly and test subcontractors in the analog/mixed signal markets. It serves integrated device manufacturers that integrate the fabrication of silicon wafers into their business; fabless companies that outsource the manufacturing of silicon wafers; foundries; and semiconductor assembly and test providers. The System Test segment offers defense/aerospace test instrumentation and systems; storage test systems; and circuit-board test and inspection systems. The Industrial Automation segment provides collaborative robotic arms, autonomous mobile robots, and advanced robotic control software for manufacturing, logistics, and light industrial customers. The Wireless Test segment provides test solutions for use in the development and manufacture of wireless devices and modules, smart phones, tablets, notebooks, laptops, peripherals, and Internet-of-Things devices under the LitePoint brand name. This segment also offers IQxel products for Wi-Fi and other standards; IQxstream solution for testing GSM, EDGE, CDMA2000, TD-SCDMA, WCDMA, HSPA+, LTE-FDD, TD_LTE, LTE-A, and 5G technologies; IQcell, a multi-device cellular signaling test solution; IQgig test solution; and turnkey test software for wireless chipsets. The company was incorporated in 1960 and is headquartered in North Reading, Massachusetts."
TSLA,"Tesla, Inc.",Consumer Discretionary,Automobile Manufacturers,"Austin, Texas",12/21/2020,2003,"Tesla, Inc. designs, develops, manufactures, leases, and sells electric vehicles, and energy generation and storage systems in the United States, China, and internationally. The company operates in two segments, Automotive, and Energy Generation and Storage. The Automotive segment offers electric vehicles, as well as sells automotive regulatory credits. It provides sedans and sport utility vehicles through direct and used vehicle sales, a network of Tesla Superchargers, and in-app upgrades; and purchase financing and leasing services. This segment is also involved in the provision of non-warranty after-sales vehicle services, sale of used vehicles, retail merchandise, and vehicle insurance, as well as sale of products through its subsidiaries to third party customers; services for electric vehicles through its company-owned service locations, and Tesla mobile service technicians; and vehicle limited warranties and extended service plans. The Energy Generation and Storage segment engages in the design, manufacture, installation, sale, and leasing of solar energy generation and energy storage products, and related services to residential, commercial, and industrial customers and utilities through its website, stores, and galleries, as well as through a network of channel partners. This segment also offers service and repairs to its energy product customers, including under warranty; and various financing options to its solar customers. The company was formerly known as Tesla Motors, Inc. and changed its name to Tesla, Inc. in February 2017. Tesla, Inc. was founded in 2003 and is headquartered in Palo Alto, California."
TXN,Texas Instruments,Information Technology,Semiconductors,"Dallas, Texas",,1930,"Texas Instruments Incorporated designs, manufactures, and sells semiconductors to electronics designers and manufacturers worldwide. It operates in two segments, Analog and Embedded Processing. The Analog segment offers power products to manage power requirements in various levels using battery management solutions, DC/DC switching regulators, AC/DC and isolated controllers and converters, power switches, linear regulators, voltage supervisors, voltage references, and lighting products. This segment also provides signal chain products that sense, condition, and measure signals to allow information to be transferred or converted for further processing and control for use in end markets, including amplifiers, data converters, interface products, motor drives, clocks, and sensing products.; and high volume products comprising integrated analog and standard products, which are primarily for sale into personal electronics, industrial, and automotive markets. The Embedded Processing segment offers connected microcontrollers, such as microcontrollers, microcontrollers with integrated wireless capabilities, and stand-alone wireless connectivity solutions that are used in electronic equipment; digital signal processors for mathematical computations; and applications processors for specific computing activity. This segment offers products for use in various markets, such as industrial, automotive, Personal electronics, communications equipment, enterprise systems, and calculators and other. The company also provides DLP products primarily for use in projectors to create high-definition images; calculators; and application-specific integrated circuits. Texas Instruments Incorporated markets and sells its semiconductor products through direct sales and distributors, as well as through its website. The company was founded in 1930 and is headquartered in Dallas, Texas."
TXT,Textron,Industrials,Aerospace & Defense,"Providence, Rhode Island",12/31/1978,1923,"Textron Inc. operates in the aircraft, defense, industrial, and finance businesses worldwide. The company's Textron Aviation segment manufactures, sells, and services business jets, turboprop and piston engine aircraft, and military trainer and defense aircraft; and commercial parts, as well as offers maintenance, inspection, and repair services. Its Bell segment supplies military and commercial helicopters, tiltrotor aircraft, and related spare parts and services. The company's Textron Systems segment offers unmanned aircraft systems, unmanned surface systems, mission command hardware and solutions, and customer support and logistics services; simulation, training, and other defense and aviation mission support products and services; airborne and ground-based sensors and surveillance systems, and protection systems; precision guided weapons systems; marine craft, armored vehicles, and specialty vehicles used for fire and rescue applications; test equipment, electronic warfare test, and training and intelligence software solutions; and piston aircraft engines, as well as designs, develops, manufactures, installs, and maintains full flight simulators. Its Industrial segment offers blow-molded plastic fuel systems, including conventional plastic fuel tanks and pressurized fuel tanks for hybrid vehicle applications, clear-vision systems, and plastic tanks for catalytic reduction systems primarily to automobile OEMs; and golf cars, off-road utility vehicles, recreational side-by-side and all-terrain vehicles, snowmobiles, light transportation vehicles, aviation ground support equipment, professional turf-maintenance equipment, and turf-care vehicles to golf courses and resorts, government agencies and municipalities, consumers, outdoor enthusiasts, and commercial and industrial users. The company's Finance segment provides financing to purchase new and pre-owned aircraft and helicopters. Textron Inc. was founded in 1923 and is headquartered in Providence, Rhode Island."
TMO,Thermo Fisher Scientific,Health Care,Life Sciences Tools & Services,"Waltham, Massachusetts",8/3/2004,2006 (1902),"Thermo Fisher Scientific Inc. offers life sciences solutions, analytical instruments, specialty diagnostics, and laboratory products and service worldwide. The company's Life Sciences Solutions segment offers reagents, instruments, and consumables for biological and medical research, discovery, and production of drugs and vaccines, as well as diagnosis of infections and diseases to pharmaceutical, biotechnology, agricultural, clinical, healthcare, academic, and government markets. Its Analytical Instruments segment provides instruments, consumables, software, and services for use in laboratory, on production line, and in field for pharmaceutical, biotechnology, academic, government, environmental, and other research and industrial markets, as well as clinical laboratories. The company's Specialty Diagnostics segment offers liquid, ready-to-use, and lyophilized immunodiagnostic reagent kits, as well as calibrators, controls, and calibration verification fluids; ImmunoCAP for allergy and asthma tests, and EliA for autoimmunity tests; dehydrated and prepared culture media, collection and transport systems, instrumentation, and consumables; human leukocyte antigen typing and testing for organ transplant market; and healthcare products. Its Laboratory Products and Services segment provides laboratory refrigerators and freezers, ultralow-temperature freezers, and cryopreservation storage tanks; temperature control, sample preparation and preservation, centrifugation, and biological safety cabinet products; water analysis instruments; laboratory plastics products; laboratory chemicals; and pharma services. The company offers products and services through a direct sales force, customer-service professionals, electronic commerce, third-party distributors, and catalogs under the Thermo Scientific, Applied Biosystems, Invitrogen, Fisher Scientific, Unity Lab Services, and Patheon brands. The company was incorporated in 1956 and is based in Waltham, Massachusetts."
TJX,TJX Companies,Consumer Discretionary,Apparel Retail,"Framingham, Massachusetts",9/30/1985,1987,"The TJX Companies, Inc., together with its subsidiaries, operates as an off-price apparel and home fashions retailer. It operates through four segments: Marmaxx, HomeGoods, TJX Canada, and TJX International. The company sells family apparel, including footwear and accessories; home fashions, such as home basics, furniture, rugs, lighting products, giftware, soft home products, decorative accessories, tabletop, and cookware, as well as expanded pet, kids, and gourmet food departments; fine jewelry and accessories; and other merchandise. As of March 30, 2021, it operated 1,271 T.J. Maxx, 1,131 Marshalls, 821 HomeGoods, 48 Sierra, and 34 Homesense stores, as well as tjmaxx.com, marshalls.com, and sierra.com in the United States; 280 Winners, 143 HomeSense, and 102 Marshalls stores in Canada; 602 T.K. Maxx and 78 Homesense stores, as well as tkmaxx.com in Europe; and 62 T.K. Maxx stores in Australia. The company was founded in 1956 and is headquartered in Framingham, Massachusetts."
TSCO,Tractor Supply,Consumer Discretionary,Specialty Stores,"Brentwood, Tennessee",1/24/2014,1938,"Tractor Supply Company operates as a rural lifestyle retailer in the United States. The company offers a selection of merchandise, including equine, livestock, pet, and small animal products necessary for their health, care, growth, and containment; hardware, truck, towing, and tool products; seasonal products, such as heating products, lawn and garden items, power equipment, gifts, and toys; work/recreational clothing and footwear; and maintenance products for agricultural and rural use. It provides its products under the 4health, Producer's Pride, American Farmworks, Red Shed, Bit & Bridle, Redstone, Blue Mountain, Retriever, C.E. Schmidt, Ridgecut, Countyline, Royal Wing, Dumor, Strive, Groundwork, Traveller, Huskee, Treeline, JobSmart, TSC Tractor Supply Co, Paws & Claws, and Untamed brands. As of December 26, 2020, it operated 1,923 Tractor Supply and Del's retail stores in 49 states, as well as 182 Petsense stores in 25 states. The company operates its retail stores under the Tractor Supply Company, Del's Feed & Farm Supply, and Petsense names. It also operates websites under the TractorSupply.com and Petsense.com names. The company sells its products to recreational farmers, ranchers, and others, as well as tradesmen and small businesses. The company was founded in 1938 and is based in Brentwood, Tennessee."
TT,Trane Technologies,Industrials,Building Products,"Dublin, Ireland",11/17/2010,1871,"Trane Technologies plc, together with its subsidiaries, designs, manufactures, sells, and services climate control products for heating, ventilation, air conditioning, and transport solutions. It offers air conditioners, exchangers, and handlers; airside and terminal devices; auxiliary power units; chillers; coils and condensers; gensets; furnaces; heat pumps; home automation products; humidifiers; hybrid and non-diesel transport refrigeration, and ice energy storage solutions; indoor air quality assessments and related products; large and light commercial unitary products; motor replacements; refrigerant reclamation products; thermostats/controls; transport heater products; variable refrigerant flow products; and water source heat pumps. The company also provides building management, control, ductless, geothermal, package heating and cooling, temporary heating and cooling, and unitary systems; bus, rail, and multi-pipe heating, ventilation, and air conditioning systems; and container, cryogenic, diesel-powered, electric-powered trailer and truck, hybrid-powered trailer, industrial, rail, self-powered truck, trailer, and vehicle-powered truck refrigeration systems, as well as aftermarket and OEM parts and supplies. In addition, it offers energy and facility management, installation and performance contracting, repair and maintenance, and rental services. Trane Technologies plc markets and sells its products under the Trane, Thermo King, and American Standard brands through sales offices, distributors, and dealers in the United States; and through sales and service companies with a supporting chain of distributors worldwide. The company was formerly known as Ingersoll-Rand Plc and changed its name to Trane Technologies plc in March 2020. Trane Technologies plc was founded in 1885 and is headquartered in Swords, Ireland."
TDG,TransDigm Group,Industrials,Aerospace & Defense,"Cleveland, Ohio",6/3/2016,1993,"TransDigm Group Incorporated designs, produces, and supplies aircraft components in the United States and internationally. Its Power & Control segment offers mechanical/electro-mechanical actuators and controls, ignition systems and engine technology, specialized pumps and valves, power conditioning devices, specialized AC/DC electric motors and generators, batteries and chargers, databus and power controls, sensor products, switches and relay panels, hoists, winches and lifting devices, and cargo loading and handling systems. This segment serves engine and power system and subsystem suppliers, airlines, third party maintenance suppliers, military buying agencies, and repair depots. The company's Airframe segment provides engineered latching and locking devices, engineered rods, engineered connectors and elastomer sealing solutions, cockpit security components and systems, cockpit displays, aircraft audio systems, lavatory components, seat belts and safety restraints, engineered and customized interior surfaces and related components, thermal protection and insulation products, lighting and control technology, and parachutes. This segment serves airframe manufacturers, cabin system and subsystem suppliers, airlines, third party maintenance suppliers, military buying agencies, and repair depots. Its Non-aviation segment offers headsets for high-noise, medium-noise, and dismounted applications; seat belts and safety restraints for ground transportation applications; hydraulic/electromechanical actuators and fuel valves for land based gas turbines; refueling systems for heavy equipment used in mining, construction, and other industries; and turbine controls for the energy and oil and gas markets. This segment serves off-road vehicle and subsystem suppliers, child restraint system suppliers, and satellite and space system suppliers; and manufacturers of heavy equipment. TransDigm Group Incorporated was founded in 1993 and is based in Cleveland, Ohio."
TRV,Travelers Companies (The),Financials,Property & Casualty Insurance,"New York City, New York",8/21/2002,1853,"The Travelers Companies, Inc., through its subsidiaries, provides a range of commercial and personal property, and casualty insurance products and services to businesses, government units, associations, and individuals in the United states and internationally. The company operates through three segments: Business Insurance, Bond & Specialty Insurance, and Personal Insurance. The Business Insurance segment offers workers' compensation, commercial automobile and property, general liability, commercial multi-peril, employers' liability, public and product liability, professional indemnity, marine, aviation, onshore and offshore energy, construction, terrorism, personal accident, and kidnap and ransom insurance products. This segment operates through select accounts, which serve small businesses; commercial accounts that serve mid-sized businesses; national accounts, which serve large companies; and national property and other that serve large and mid-sized customers, commercial trucking industry, and agricultural businesses, as well as markets and distributes its products through brokers, wholesale agents, program managers, and specialized retail agents. The Bond & Specialty Insurance segment provides surety, fidelity, management and professional liability, and other property and casualty insurance products through independent agencies and brokers. The Personal Insurance segment offers property and casualty insurance covering personal risks, primarily automobile and homeowners insurance to individuals through independent agencies and brokers. The Travelers Companies, Inc. was founded in 1853 and is based in New York, New York."
TRMB,Trimble Inc.,Information Technology,Electronic Equipment & Instruments,"Westminster, Colorado",1/21/2021,1978,"Trimble Inc. provides technology solutions that enable professionals and field mobile workers to enhance or transform their work processes worldwide. It operates through four segments: Buildings and Infrastructure, Geospatial, Resources and Utilities, and Transportation. The Buildings and Infrastructure segment offers field and office software for route selection and design; systems to guide and control construction equipment; systems to monitor, track, and manage assets, equipment, and workers; software to share and communicate data; program management solutions for construction owners; 3D conceptual design and modeling software; building information modeling software; integrated site layout and measurement systems; cost estimating, scheduling, and project controls solutions; and applications for sub-contractors and trades. The Geospatial segment provides surveying and geospatial products, and geographic information systems. The Resources and Utilities segment offers precision agriculture products and services, such as guidance and positioning systems, automated and variable-rate application and technology systems, and information management solutions. This segment also provides manual and automated navigation guidance for tractors and other farm equipment; solutions to automate application of pesticide and seeding; water solutions; and agricultural software. The Transportation segment offers solutions for long haul trucking and freight shipper markets; mobility solutions, including route management, safety and compliance, end-to-end vehicle management, video intelligence, and supply chain communications; and fleet and transportation management systems, analytics, routing, mapping, reporting, and predictive modeling solution under Trimble brand name. The company was formerly known as Trimble Navigation Limited and changed its name to Trimble Inc. in October 2016. Trimble Inc. was founded in 1978 and is headquartered in Sunnyvale, California."
TFC,Truist,Financials,Regional Banks,"Charlotte, North Carolina",12/4/1997,1872,"Truist Financial Corporation, a holding company, provides banking and trust services in the Southeastern and Mid-Atlantic United States. The company operates through three segments: Consumer Banking and Wealth, Corporate and Commercial Banking, and Insurance Holdings. Its deposit products include noninterest-bearing checking, interest-bearing checking, savings, and money market deposit accounts, as well as certificates of deposit and individual retirement accounts. The company also provides funding; asset management; automobile lending; bankcard lending; consumer finance; home equity and mortgage lending; insurance, such as property and casualty, life, health, employee benefits, workers compensation and professional liability, surety coverage, title, and other insurance products; investment brokerage; mobile/online banking; and payment, lease financing, small business lending, and wealth management/private banking services. In addition, it offers association, capital market, institutional trust, insurance premium and commercial finance, international banking, leasing, merchant, commercial deposit and treasury, government finance, commercial middle market lending, small business and student lending, floor plan and commercial mortgage lending, mortgage warehouse lending, private equity investment, real estate lending, and supply chain financing services. Further, the company provides corporate and investment banking, retail and wholesale brokerage, securities underwriting, and investment advisory services. As of December 31, 2020, the company operated through 2,781 banking offices. The company was formerly known as BB&T Corporation and changed its name to Truist Financial Corporation in December 2019. Truist Financial Corporation was founded in 1872 and is headquartered in Charlotte, North Carolina."
TYL,Tyler Technologies,Information Technology,Application Software,"Plano, Texas",6/22/2020,1966,"Tyler Technologies, Inc. provides integrated information management solutions and services for the public sector in the United States and internationally. The company operates in two segments, Enterprise Software, and Appraisal and Tax. It offers financial management solutions, including modular fund accounting systems for government agencies or not-for-profit entities; utility billing systems for the billing and collection of metered and non-metered services; products to automate city and county functions, such as municipal courts, parking tickets, equipment and project costing, animal and business licenses, permits and inspections, code enforcement, citizen complaint tracking, ambulance billing, fleet maintenance, and cemetery records management; and student information and transportation solutions for K-12 schools. The company also provides a suite of judicial solutions comprising court case management, court and law enforcement, prosecutor, and supervision systems to handle multi-jurisdictional county or statewide implementations, and single county systems; public safety software solutions; systems and software to automate the appraisal and assessment of real and personal property, as well as tax applications for agencies that bill and collect taxes; planning, regulatory, and maintenance software solutions for public sector agencies; software applications to enhance and automate operations involving records and document management; and data and insights solutions. In addition, it offers software as a service arrangements and electronic document filing solutions for courts and law offices; software and hardware installation, data conversion, training, product modification, and maintenance and support services; and property appraisal outsourcing services for taxing jurisdictions. Tyler Technologies, Inc. has a strategic collaboration agreement with Amazon Web Services for cloud hosting services. The company was founded in 1966 and is headquartered in Plano, Texas."
TSN,Tyson Foods,Consumer Staples,Packaged Foods & Meats,"Springdale, Arkansas",8/10/2005,1935,"Tyson Foods, Inc., together with its subsidiaries, operates as a food company worldwide. It operates through four segments: Beef, Pork, Chicken, and Prepared Foods. The company processes live fed cattle and live market hogs; fabricates dressed beef and pork carcasses into primal and sub-primal meat cuts, as well as case ready beef and pork, and fully-cooked meats; raises and processes chickens into fresh, frozen, and value-added chicken products; and supplies poultry breeding stock; sells specialty products , such as hides and meats. It also manufactures and markets frozen and refrigerated food products, including ready-to-eat sandwiches, flame-grilled hamburgers, Philly steaks, pepperoni, bacon, breakfast sausage, turkey, lunchmeat, hot dogs, flour and corn tortilla products, appetizers, snacks, prepared meals, ethnic foods, side dishes, meat dishes, breadsticks, and processed meats under the Jimmy Dean, Hillshire Farm, Ball Park, Wright, State Fair, Aidells, and Gallo Salame brands. The company also offers its products under Tyson and ibp brands. It sells its products through its sales staff to grocery retailers, grocery wholesalers, meat distributors, warehouse club stores, military commissaries, industrial food processing companies, chain restaurants or their distributors, live markets, international export companies, and domestic distributors who serve restaurants and foodservice operations, such as plant and school cafeterias, convenience stores, hospitals, and other vendors, as well as through independent brokers and trading companies. The company was founded in 1935 and is headquartered in Springdale, Arkansas."
USB,U.S. Bank,Financials,Diversified Banks,"Minneapolis, Minnesota",,1968,"U.S. Bancorp, a financial services holding company, provides various financial services in the United States. It operates in Corporate and Commercial Banking, Consumer and Business Banking, Wealth Management and Investment Services, Payment Services, and Treasury and Corporate Support segments. The company offers depository services, including checking accounts, savings accounts, and time certificate contracts; lending services, such as traditional credit products; and credit card services, lease financing and import/export trade, asset-backed lending, agricultural finance, and other products. It also provides ancillary services comprising capital markets, treasury management, and receivable lock-box collection services to corporate customers; and a range of asset management and fiduciary services for individuals, estates, foundations, business corporations, and charitable organizations. In addition, the company offers investment and insurance products to its customers principally within its markets, as well as fund administration services to a range of mutual and other funds. Further, it provides corporate and purchasing card, and corporate trust services; and merchant processing services, as well as cash and investment management, ATM processing, mortgage banking, and brokerage and leasing services. As of December 31, 2020, the company provided its products and services through a network of 2,434 banking offices principally operating in the Midwest and West regions of the United States, as well as through online services and over mobile devices; and operated a network of 4,232 ATMs. The company was founded in 1863 and is headquartered in Minneapolis, Minnesota."
UDR,"UDR, Inc.",Real Estate,Residential REITs,"Highlands Ranch, Colorado",3/7/2016,1972,"UDR, Inc. (NYSE: UDR), an S&P 500 company, is a leading multifamily real estate investment trust with a demonstrated performance history of delivering superior and dependable returns by successfully managing, buying, selling, developing and redeveloping attractive real estate communities in targeted U.S. markets. As of September 30, 2020, UDR owned or had an ownership position in 51,649 apartment homes including 1,031 homes under development. For over 48 years, UDR has delivered long-term value to shareholders, the best standard of service to Residents and the highest quality experience for Associates."
ULTA,Ulta Beauty,Consumer Discretionary,Specialty Stores,"Bolingbrook, Illinois",4/18/2016,1990,"Ulta Beauty, Inc. operates as a retailer of beauty products in the United States. The company's stores offer cosmetics, fragrances, skincare and haircare products, bath and body products, and salon styling tools; professional hair products; salon services, including hair, skin, makeup, and brow services; and others, including nail products and accessories. It also provides its private label products, such as the Ulta Beauty Collection branded cosmetics, skincare, and bath products, as well as Ulta Beauty branded products; and the Ulta Beauty branded gifts. As of January 30, 2021, the company operated 1,264 retail stores across 50 states. It also distributes its products through its Website, ulta.com; and mobile applications. The company was formerly known as Ulta Salon, Cosmetics & Fragrance, Inc. and changed its name to Ulta Beauty, Inc. in January 2017. Ulta Beauty, Inc. was founded in 1990 and is based in Bolingbrook, Illinois."
UNP,Union Pacific Corporation,Industrials,Railroads,"Omaha, Nebraska",3/4/1957,1862,"Union Pacific Corporation, through its subsidiary, Union Pacific Railroad Company, engages in the railroad business in the United States. The company offers transportation services for grain and grain products, fertilizers, food and refrigerated products, and coal and renewables to grain processors, animal feeders, ethanol producers, and other agricultural users; coal and sand, petroleum, and liquid petroleum gases; and construction products, industrial chemicals, plastics, forest products, specialized products, metals and ores, and soda ash, as well as finished automobiles, automotive parts, and merchandise in intermodal containers. As of December 31, 2020, its rail network included 32,313 route miles connecting Pacific Coast and Gulf Coast ports with the Midwest and Eastern United States gateways. The company was founded in 1862 and is headquartered in Omaha, Nebraska."
UAL,United Airlines Holdings,Industrials,Airlines,"Chicago, Illinois",9/3/2015,1967,"United Airlines Holdings, Inc., through its subsidiaries, provides air transportation services in North America, Asia, Europe, Africa, the Pacific, the Middle East, and Latin America. The company transports people and cargo through its mainline and regional fleets. It also sells fuel; and offers catering, ground handling, and maintenance services for third parties. The company was formerly known as United Continental Holdings, Inc. and changed its name to United Airlines Holdings, Inc. in June 2019. United Airlines Holdings, Inc. is headquartered in Chicago, Illinois."
UPS,United Parcel Service,Industrials,Air Freight & Logistics,"Sandy Springs, Georgia",7/22/2002,1907,"United Parcel Service, Inc. provides letter and package delivery, transportation, logistics, and financial services. It operates through three segments: U.S. Domestic Package, International Package, and Supply Chain & Freight. The U.S. Domestic Package segment offers time-definite delivery of letters, documents, small packages, and palletized freight through air and ground services in the United States. The International Package segment provides guaranteed day and time-definite international shipping services in Europe, the Asia Pacific, Canada and Latin America, the Indian sub-continent, the Middle East, and Africa. This segment offers guaranteed time-definite express options. The Supply Chain & Freight segment provides international air and ocean freight forwarding, customs brokerage, distribution and post-sales, and mail and consulting services in approximately 200 countries and territories; and less-than-truckload and truckload services to customers in North America. This segment also offers truckload brokerage services; supply chain solutions to the healthcare and life sciences industry; shipping, visibility, and billing technologies; and financial and insurance services. The company operates a fleet of approximately 127,000 package cars, vans, tractors, and motorcycles; and owns 58,000 containers that are used to transport cargo in its aircraft. United Parcel Service, Inc. was founded in 1907 and is headquartered in Atlanta, Georgia."
URI,United Rentals,Industrials,Trading Companies & Distributors,"Stamford, Connecticut",9/20/2014,1997,"United Rentals, Inc., through its subsidiaries, operates as an equipment rental company. It operates in two segments, General Rentals; and Trench, Power and Fluid Solutions. The General Rentals segment rents general construction and industrial equipment, including backhoes, skid-steer loaders, forklifts, earthmoving equipment, and material handling equipment; aerial work platforms, such as boom lifts and scissor lifts; and general tools and light equipment comprising pressure washers, water pumps, and power tools. It serves construction and industrial companies, manufacturers, utilities, municipalities, homeowners, and government entities. The Trench, Power and Fluid Solutions segment rents specialty construction products that include trench safety equipment, which comprise trench shields, aluminum hydraulic shoring systems, slide rails, crossing plates, construction lasers, and line testing equipment for underground work; and power, as well as heating, ventilating, and air conditioning equipment, including portable diesel generators, electrical distribution equipment, and temperature control equipment. It is also involved in the rental of fluid solutions equipment primarily used for fluid containment, transfer, and treatment. This segment serves construction companies involved in infrastructure projects, and municipalities and industrial companies. The company also sells aerial lifts, reach forklifts, telehandlers, compressors, and generators; construction consumables, tools, small equipment, and safety supplies; and parts for equipment that is owned by its customers, as well as provides repair and maintenance services. United Rentals, Inc. sells its used equipment through its sales force, brokers, and Website, as well as at auctions and directly to manufacturers. As of January 1, 2021, the company operated a network of 1,165 rental locations, including 1,018 of these locations are in the United States, 136 are in Canada, and 11 are in Europe. United Rentals, Inc. was founded in 1997 and is headquartered in Stamford, Connecticut."
UNH,UnitedHealth Group,Health Care,Managed Health Care,"Minnetonka, Minnesota",7/1/1994,1977,"UnitedHealth Group Incorporated operates as a diversified health care company in the United States. It operates through four segments: UnitedHealthcare, OptumHealth, OptumInsight, and OptumRx. The UnitedHealthcare segment offers consumer-oriented health benefit plans and services for national employers, public sector employers, mid-sized employers, small businesses, and individuals; health and well-being services to individuals age 50 and older, addressing their needs for preventive and acute health care services, as well as services dealing with chronic disease and other specialized issues for older individuals; Medicaid plans, children's health insurance program, and health care programs; medical and dental benefits; and hospital and clinical services. The OptumHealth segment provides access to networks of care provider specialists, health management services, care delivery, consumer engagement, and financial services. This segment serves individuals directly through care delivery systems, employers, payers, and government entities. The OptumInsight segment offers software and information products, advisory consulting arrangements, and managed services outsourcing contracts to hospital systems, physicians, health plans, governments, life sciences companies, and other organizations. The OptumRx segment provides pharmacy care services and programs, including retail network contracting, home delivery, specialty and compounding pharmacy, and purchasing and clinical, as well as develops programs in areas, such as step therapy, formulary management, drug adherence, and disease/drug therapy management. UnitedHealth Group Incorporated has partnership with the University of California, San Francisco to expand the mental health workforce in California. UnitedHealth Group Incorporated was incorporated in 1977 and is based in Minnetonka, Minnesota."
UHS,Universal Health Services,Health Care,Health Care Facilities,"King of Prussia, Pennsylvania",9/20/2014,1979,"Universal Health Services, Inc., through its subsidiaries, owns and operates acute care hospitals, and outpatient and behavioral health care facilities. The company operates through Acute Care Hospital Services and Behavioral Health Care Services segments. Its hospitals offer general and specialty surgery, internal medicine, obstetrics, emergency room care, radiology, oncology, diagnostic care, coronary care, pediatric services, pharmacy services, and/or behavioral health services. As of February 25, 2021, it owned and/or operated 360 inpatient facilities, and 39 outpatient and other facilities located in 38 states; Washington, D.C.; the United Kingdom; and Puerto Rico. The company also provides commercial health insurance services. Universal Health Services, Inc. founded in 1978 and is headquartered in King of Prussia, Pennsylvania."
VLO,Valero Energy,Energy,Oil & Gas Refining & Marketing,"San Antonio, Texas",12/20/2002,1980,"Valero Energy Corporation manufactures, markets, and sells transportation fuels and petrochemical products in the United States, Canada, the United Kingdom, Ireland, and internationally. It operates through three segments: Refining, Renewable Diesel, and Ethanol. The company is involved in oil and gas refining, marketing, and bulk selling activities. It produces conventional, premium, and reformulated gasolines; gasoline meeting the specifications of the California Air Resources Board (CARB); diesel fuels, low-sulfur and ultra-low-sulfur diesel fuels; CARB diesel; other distillates; jet fuels; blendstocks; lube oils and natural gas liquids; and asphalts, petrochemicals, lubricants, and other refined petroleum products. As of December 31, 2020, the company owned 15 petroleum refineries with a combined throughput capacity of approximately 3.2 million barrels per day. It sells its refined products through wholesale rack and bulk markets; and through approximately 7,000 outlets under the Valero, Beacon, Diamond Shamrock, Shamrock, Ultramar, and Texaco brands. The company also produces and sells ethanol, dry distiller grains, syrup, and inedible corn oil primarily to refiners and gasoline blenders, as well as to animal feed customers. It owns and operates 13 ethanol plants with a combined ethanol production capacity of approximately 1.69 billion gallons per year. In addition, the company owns and operates crude oil and refined petroleum products pipelines, terminals, tanks, marine docks, truck rack bays, and other logistics assets. Further, it owns and operates a plant that processes animal fats, used cooking oils, and other vegetable oils into renewable diesel. The company was formerly known as Valero Refining and Marketing Company and changed its name to Valero Energy Corporation in August 1997. Valero Energy Corporation was founded in 1980 and is headquartered in San Antonio, Texas."
VTR,Ventas,Real Estate,Health Care REITs,"Chicago, Illinois",3/4/2009,1998,"Ventas, an S&P 500 company, operates at the intersection of two powerful and dynamic industries √Ç¬ñ healthcare and real estate. As one of the world's foremost Real Estate Investment Trusts (REIT), we use the power of capital to unlock the value of real estate, partnering with leading care providers, developers, research and medical institutions, innovators and healthcare organizations whose success is buoyed by the demographic tailwind of an aging population. For more than twenty years, Ventas has followed a successful strategy that endures: combining a high-quality diversified portfolio of properties and capital sources to manage through cycles, working with industry leading partners, and a collaborative and experienced team focused on producing consistent growing cash flows and superior returns on a strong balance sheet, ultimately rewarding Ventas shareholders. As of September 30, 2020, Ventas owned or managed through unconsolidated joint ventures approximately 1,200 properties."
VRSN,Verisign,Information Technology,Internet Services & Infrastructure,"Dulles, Virginia",2/1/2006,1995,"VeriSign, Inc., together with its subsidiaries, provides domain name registry services and internet infrastructure that enables internet navigation for various recognized domain names worldwide. It enables the security, stability, and resiliency of internet infrastructure and services, including providing root zone maintainer services, operating two of the 13 internet root servers; and offering registration services and authoritative resolution for the .com and .net domains, which support global e-commerce. VeriSign, Inc. was incorporated in 1995 and is headquartered in Reston, Virginia."
VRSK,Verisk,Industrials,Research & Consulting Services,"Jersey City, New Jersey",10/8/2015,1971,"Verisk Analytics, Inc. provides data analytics solutions in the United States and internationally. It provides predictive analytics and decision support solutions to customers in rating, underwriting, claims, catastrophe and weather risk, global risk analytics, natural resources intelligence, economic forecasting, commercial banking and finance, and various other fields. The company operates through three segments: Insurance, Energy and Specialized Markets, and Financial Services. The Insurance segment focuses on the prediction of loss, selection and pricing of risk, and compliance with their reporting requirements for property and casualty customers. It also develops machine learned and artificially intelligent models to forecast scenarios and produce standard and customized analytics that help its customers to manage their businesses, including detecting fraud before and after a loss event, and quantifying losses. The Energy and Specialized Markets segment provides data analytics for the natural resources value chain, including energy, chemicals, metals, mining, power, and renewables sectors; research and consulting services focusing on exploration strategies and screening, asset development and acquisition, commodity markets, and corporate analysis; and consultancy services in the areas of business environment, business improvement, business strategies, commercial advisory, and transaction support, as well as analysis and advice on assets, companies, governments, and markets. The Financial Services segment offers benchmarking, decisioning algorithms, business intelligence, and customized analytic services to financial institutions, payment networks and processors, alternative lenders, regulators, and merchants. The company was founded in 1971 and is headquartered in Jersey City, New Jersey."
VZ,Verizon,Communication Services,Integrated Telecommunication Services,"New York City, New York",11/30/1983,1983 (1877),"Verizon Communications Inc. offers communications, technology, information, and entertainment products and services to consumers, businesses, and governmental entities worldwide. Its Consumer segment provides postpaid and prepaid service plans; internet access on notebook computers and tablets; wireless equipment, including smartphones and other handsets; and wireless-enabled internet devices, such as tablets, and other wireless-enabled connected devices, such as smart watches. It also provides residential fixed connectivity solutions, including internet, video, and voice services; and sells network access to mobile virtual network operators. As of December 31, 2020, it had approximately 94 million wireless retail connections, 7 million broadband connections, and 4 million Fios video connections. The company's Business segment provides network connectivity products, including private networking, private cloud connectivity, virtual and software defined networking, and internet access services; and internet protocol-based voice and video services, unified communications and collaboration tools, and customer contact center solutions. This segment also offers a suite of management and data security services; domestic and global voice and data solutions, including voice calling, messaging services, conferencing, contact center solutions, and private line and data access networks; customer premises equipment; installation, maintenance, and site services; and Internet of Things products and services. As of December 31, 2020, it had approximately 27 million wireless retail postpaid connections and 482 thousand broadband connections. The company was formerly known as Bell Atlantic Corporation and changed its name to Verizon Communications Inc. in June 2000. Verizon Communications Inc. was incorporated in 1983 and is headquartered in New York, New York."
VRTX,Vertex Pharmaceuticals,Health Care,Biotechnology,"Cambridge, Massachusetts",9/23/2013,1989,"Vertex Pharmaceuticals Incorporated engages in developing and commercializing therapies for treating cystic fibrosis. The company markets SYMDEKO/SYMKEVI, ORKAMBI, and KALYDECO to treat patients with cystic fibrosis who have specific mutations in their cystic fibrosis transmembrane conductance regulator gene; and TRIKAFTA for the treatment of patients with CF 12 years of age or older who have at least one F508del mutation in the cystic fibrosis transmembrane conductance regulator, or CFTR, gene. Its pipeline includes Pipeline for Alpha-1 antitrypsin deficiency that is in Phase 2 clinical trial; VX-864, a second investigational small molecule corrector for the treatment of AAT deficiency, which is in Phase 1 clinical trial; and VX-147 that completed a Phase 1 clinical trial for the treatment of APOL1-mediated focal segmental glomerulosclerosis, or FSGS, and other serious kidney diseases. The company sells its products primarily to specialty pharmacy and specialty distributors in the United States, as well as specialty distributors and retail chains, and hospitals and clinics internationally. Vertex Pharmaceuticals Incorporated has collaborations with CRISPR Therapeutics AG; Arbor Biotechnologies, Inc.; Moderna, Inc.; Genomics plc; Merck KGaA; Darmstadt, Germany; X-Chem, Inc.; Janssen Pharmaceuticals, Inc.; Merck KGaA; Kymera Therapeutics; Ribometrix, Inc.; Molecular Templates, Inc.; and Affinia Therapeutics, as well as a strategic research collaboration and licensing agreement with Obsidian Therapeutics, Inc. for the discovery of novel therapies that regulate gene editing for the treatment of serious diseases. The company was founded in 1989 and is headquartered in Boston, Massachusetts."
VFC,VF Corporation,Consumer Discretionary,"Apparel, Accessories & Luxury Goods","Denver, Colorado",6/30/1979,1899,"V.F. Corporation engages in the design, production, procurement, marketing, and distribution of branded lifestyle apparel, footwear, and related products for men, women, and children in the Americas, Europe, and the Asia-Pacific. It operates through four segments: Outdoor, Active, and Work. The company offers outdoor, merino wool and other natural fibers-based, lifestyle, and casual apparel; equipment; accessories; outdoor lifestyle, performance-based, youth culture/action sports-inspired, and protective work footwear; handbags, luggage, backpacks, totes, and travel accessories; and work and work-inspired lifestyle apparel and footwear. It provides its products under the North Face, Timberland, Icebreaker, Smartwool, Altra, Vans, Kipling, Napapijri, Eastpak, JanSport, Eagle Creek, Dickies, Timberland PRO. The company sells its products primarily to specialty stores, department stores, national chains, and mass merchants, as well as sells through direct-to-consumer operations, including retail stores, concession retail stores, and e-commerce sites, and other digital platforms V.F. Corporation was founded in 1899 and is based in Greenwood Village, Colorado."
VTRS,Viatris,Health Care,Pharmaceuticals,"Pittsburgh, Pennsylvania",4/23/2004,1961,"Viatris Inc., a healthcare company, develops, licenses, manufactures, markets, and distributes brand and generic drugs, complex generics, biosimilars, and active pharmaceutical ingredients (APIs) worldwide. The company operates through Developed Markets, Greater China, JANZ, and Emerging Markets segments. It offers drugs in various therapeutic areas, including infectious diseases and non-communicable diseases; HIV/AIDS; and oncology, immunology, endocrinology, ophthalmology, and dermatology, as well as antibacterial, central nervous system agents, antihistamines/antiasthmatics, cardiovascular, antivirals, antidiabetics, antifungals, and proton pump inhibitor areas. The company provides medicines, such as Wixela, Inhub, ADVAIR DISKUS, glatiramer acetate injection, Copaxone, and over the counter products in the form of oral solid doses, injectables, complex dosage forms, and APIs to retail and pharmacy establishments, wholesalers and distributors, payers, insurers and governments, and institutions; and support services, such as diagnostic clinics, educational seminars, and digital tools to help patients better manage their health. It distributes its products through pharmaceutical wholesalers/distributors, pharmaceutical retailers, institutional pharmacies, mail-order and e-commerce pharmacies, and specialty pharmacies. The company sells its products under the Lyrica, Lipitor, Creon, Influvac, Wixela Inhub, and EpiPen auto-injector; Norvasc and Viagra; AMITIZA, Lipacreon, and Effexor; Trastuzumab injection; and Celebrex and anti-retrovirals names, as well as offers biosimilars franchises, including Fulphila, Ogivri, and Hulio. Viatris Inc. has collaboration and licensing agreements with Revance Therapeutics, Inc.; Momenta Pharmaceuticals, Inc.; Theravance Biopharma, Inc.; Biocon Ltd.; and Fujifilm Kyowa Kirin Biologics Co. Ltd. The company was founded in 1961 and is based in Canonsburg, Pennsylvania."
VICI,Vici Properties,Real Estate,Hotel & Resort REITs,"New York City, New York",6/8/2022,2017,"VICI Properties is an experiential real estate investment trust that owns one of the largest portfolios of market-leading gaming, hospitality and entertainment destinations, including the world-renowned Caesars Palace. VICI Properties' national, geographically diverse portfolio consists of 29 gaming facilities comprising over 48 million square feet and features approximately 19,200 hotel rooms and more than 200 restaurants, bars and nightclubs. Its properties are leased to industry leading gaming and hospitality operators, including Caesars Entertainment, Inc., Century Casinos Inc., Hard Rock International, JACK Entertainment and Penn National Gaming, Inc. VICI Properties also owns four championship golf courses and 34 acres of undeveloped land adjacent to the Las Vegas Strip. VICI Properties' strategy is to create the nation's highest quality and most productive experiential real estate portfolio."
V,Visa Inc.,Information Technology,Data Processing & Outsourced Services,"San Francisco, California",12/21/2009,1958,"Visa Inc. operates as a payments technology company worldwide. The company facilitates digital payments among consumers, merchants, financial institutions, businesses, strategic partners, and government entities. It operates VisaNet, a transaction processing network that enables authorization, clearing, and settlement of payment transactions. In addition, the company offers card products, platforms, and value-added services. It provides its services under the Visa, Visa Electron, Interlink, VPAY, and PLUS brands. The company was founded in 1958 and is headquartered in San Francisco, California."
VMC,Vulcan Materials Company,Materials,Construction Materials,"Birmingham, Alabama",6/30/1999,1909,"Vulcan Materials Company produces and supplies construction aggregate primarily in the United States. It operates through four segments: Aggregates, Asphalt, Concrete, and Calcium. The Aggregates segment provides crushed stones, sand and gravel, sand, and other aggregates; and related products and services that are applied in construction and maintenance of highways, streets, and other public works, as well as in the construction of housing and commercial, industrial, and other nonresidential facilities. The Asphalt Mix segment offers asphalt mix in Alabama, Arizona, California, New Mexico, Tennessee, and Texas, as well as engages in the asphalt construction paving activity in Alabama, Tennessee, and Texas. The Concrete segment provides ready-mixed concrete in Maryland, Texas and Virginia, and Washington D.C. The Calcium segment mines, produces, and sells calcium products for the animal feed, plastics, and water treatment industries. The company was formerly known as Virginia Holdco, Inc. and changed its name to Vulcan Materials Company. Vulcan Materials Company was founded in 1909 and is headquartered in Birmingham, Alabama."
WAB,Wabtec,Industrials,Construction Machinery & Heavy Trucks,"Pittsburgh, Pennsylvania",2/27/2019,1999 (1869),"Westinghouse Air Brake Technologies Corporation provides technology-based equipment, systems, and services for the freight rail and passenger transit vehicle industries worldwide. It operates through two segments, Freight and Transit. The Freight segment manufactures and services components for new and existing freight cars and locomotives; builds new commuter locomotives; rebuilds freight locomotives; supplies railway electronics, positive train control equipment, signal design, and engineering services; and provides related heat exchange and cooling systems. It serves publicly traded railroads; leasing companies; manufacturers of original equipment, including locomotives and freight cars; and utilities. The Transit segment manufactures and services components for new and existing passenger transit vehicles, such as regional trains, high speed trains, subway cars, light-rail vehicles, and buses; refurbishes subway cars; and provides heating, ventilation, and air conditioning equipment, as well as doors for buses and subways. It serves public transit authorities and municipalities, leasing companies, and manufacturers of subway cars and buses. The company also provides electronically controlled pneumatic braking products; railway electronics; freight car trucks; draft gears, couplers, and slack adjusters; air compressors and dryers; heat exchangers and cooling products; and track and switch products. In addition, it offers railway braking equipment and related components; friction products; new commuter and switcher locomotives; transit locomotive and car overhaul services; and freight locomotive overhaul and refurbishment services. Further, the company provides doors for buses and subway cars; platform screen doors; pantographs; window assemblies; couplers; accessibility lifts and ramps for buses and subway cars; and traction motors. Westinghouse Air Brake Technologies Corporation was founded in 1869 and is headquartered in Pittsburgh, Pennsylvania."
WBA,Walgreens Boots Alliance,Consumer Staples,Drug Retail,"Deerfield, Illinois",12/31/1979,2014,"Walgreens Boots Alliance, Inc. operates as a pharmacy-led health and beauty retail company. It operates through three segments: Retail Pharmacy USA, Retail Pharmacy International, and Pharmaceutical Wholesale. The Retail Pharmacy USA segment sells prescription drugs and an assortment of retail products, including health, wellness, beauty, personal care, consumable, and general merchandise products through its retail drugstores. It also provides specialty pharmacy services and mail services. As of August 31, 2020, this segment operated 9,021 retail stores under the Walgreens and Duane Reade brands in the United States; and six specialty pharmacies. The Retail Pharmacy International segment sells prescription drugs; and health and wellness, beauty, personal care, and other consumer products through its pharmacy-led health and beauty stores and optical practices, as well as through boots.com and an integrated mobile application. This segment operated 4,428 retail stores under the Boots, Benavides, and Ahumada in the United Kingdom, Thailand, Norway, the Republic of Ireland, the Netherlands, Mexico, and Chile; and 550 optical practices, including 165 on a franchise basis. The Pharmaceutical Wholesale segment engages in the wholesale and distribution of specialty and generic pharmaceuticals, health and beauty products, and home healthcare supplies and equipment, as well as provides related services to pharmacies and other healthcare providers. This segment operates in the United Kingdom, Germany, France, Turkey, Spain, the Netherlands, Egypt, Norway, Romania, the Czech Republic, and Lithuania. Walgreens Boots Alliance, Inc. was founded in 1901 and is based in Deerfield, Illinois."
WMT,Walmart,Consumer Staples,Hypermarkets & Super Centers,"Bentonville, Arkansas",8/31/1982,1962,"Walmart Inc. engages in the operation of retail, wholesale, and other units worldwide. The company operates through three segments: Walmart U.S., Walmart International, and Sam's Club. It operates supercenters, supermarkets, hypermarkets, warehouse clubs, cash and carry stores, and discount stores; membership-only warehouse clubs; ecommerce websites, such as walmart.com, walmart.com.mx, walmart.ca, flipkart.com, and samsclub.com; and mobile commerce applications. The company offers grocery products, including dry grocery, snacks, dairy, meat, produce, deli and bakery, frozen foods, and alcoholic and nonalcoholic beverages, as well as consumables, such as health and beauty aids, pet supplies, household chemicals, paper goods, and baby products; and health and wellness products covering pharmacy, over-the-counter drugs and other medical products, and optical and clinical services. It also provides gasoline stations and tobacco; home improvement, outdoor living, gardening, furniture, apparel, and jewelry, as well as tools and power equipment, housewares, toys, seasonal items, mattresses, and tire and battery centers; and consumer electronics and accessories, software, video games, office supplies, appliances, and third-party gift cards. In addition, the company offers fuel and financial services and related products, including money orders, prepaid cards, money transfers, and check cashing and bill payment. It operates approximately 11,400 stores and various e-commerce websites under 54 banners in 26 countries. The company was formerly known as Wal-Mart Stores, Inc. and changed its name to Walmart Inc. in February 2018. Walmart Inc. was founded in 1945 and is based in Bentonville, Arkansas."
WBD,Warner Bros. Discovery,Communication Services,Broadcasting,"New York City, New York",4/11/2022,2022,"Warner Bros. Discovery Inc. Series A Common Stock is a global media and entertainment company that creates and distributes content across various platforms, including film, television, and streaming. The company owns a portfolio of well-known brands and franchises. Warner Bros. Discovery is headquartered in New York, USA."
WM,Waste Management,Industrials,Environmental & Facilities Services,"Houston, Texas",,1968,"Waste Management, Inc., through its subsidiaries, provides waste management environmental services to residential, commercial, industrial, and municipal customers in North America. It offers collection services, including picking up and transporting waste and recyclable materials from where it was generated to a transfer station, material recovery facility (MRF), or disposal site; and owns, develops, and operates landfill gas-to-energy facilities in the United States, as well as owns and operates transfer stations. As of December 31, 2020, the company owned or operated 263 solid waste landfills; 5 secure hazardous waste landfills; 103 MRFs; and 348 transfer stations. It also provides materials processing and commodities recycling services; recycling brokerage services, such as managing the marketing of recyclable materials for third parties; and other strategic business solutions. In addition, the company offers construction and remediation services; services related with the disposal of fly ash, and residue generated from the combustion of coal and other fuel stocks; in-plant services comprising full-service waste management solutions and consulting services; and specialized disposal services for oil and gas exploration and production operations. The company was formerly known as USA Waste Services, Inc. and changed its name to Waste Management, Inc. in 1998. Waste Management, Inc. was incorporated in 1987 and is based in Houston, Texas."
WAT,Waters Corporation,Health Care,Health Care Distributors,"Milford, Massachusetts",1/2/2002,1958,"Waters Corporation, a specialty measurement company, provides analytical workflow solutions in Asia, the Americas, and Europe. It operates through two segments, Waters and TA. The company designs, manufactures, sells, and services high and ultra-performance liquid chromatography, as well as mass spectrometry (MS) technology systems and support products, including chromatography columns, other consumable products, and post-warranty service plans. It also designs, manufactures, sells, and services thermal analysis, rheometry, and calorimetry instruments; and develops and supplies software-based products that interface with its instruments, as well as other manufacturers' instruments. Its MS technology instruments are used in drug discovery and development comprising clinical trial testing, the analysis of proteins in disease processes, nutritional safety analysis, and environmental testing. The company's offers thermal analysis, rheometry, and calorimetry instruments for use in predicting the suitability and stability of fine chemicals, pharmaceuticals, water, polymers, metals, and viscous liquids for various industrial, consumer good, and healthcare products, as well as for life science research. Its products are used by pharmaceutical, biochemical, industrial, nutritional safety, environmental, academic, and governmental customers working in research and development, quality assurance, and other laboratory applications. The company has a collaboration with Genovis AB to develop and market biopharmaceutical characterization workflows based on the its BioAccord LC-MS System, Andrew+ pipetting robot and Genovis SmartEnzymes. Waters Corporation was founded in 1958 and is headquartered in Milford, Massachusetts."
WEC,WEC Energy Group,Utilities,Electric Utilities,"Milwaukee, Wisconsin",10/31/2008,1896,"WEC Energy Group, Inc., through its subsidiaries, provides regulated natural gas and electricity, and renewable and nonregulated renewable energy services in the United States. The company operates through six segments: Wisconsin, Illinois, Other States, Electric Transmission, Non-Utility Energy Infrastructure, and Corporate and Other. It generates and distributes electricity from coal, natural gas, oil, hydroelectric, wind, solar, and biomass sources; provides electric transmission services; offers retail natural gas distribution services; transports natural gas; and generates, distributes, and sells steam. As of December 31, 2020, it operated approximately 36,100 miles of overhead distribution lines and 34,900 miles of underground distribution cables, as well as 450 electric distribution substations and 507,900 line transformers; 50,300 miles of natural gas distribution mains; 1,100 miles of natural gas transmission mains; 2.3 million natural gas lateral services; 500 natural gas distribution and transmission gate stations; and 68.2 billion cubic feet of working gas capacities in underground natural gas storage fields. The company was formerly known as Wisconsin Energy Corporation and changed its name to WEC Energy Group, Inc. in June 2015. WEC Energy Group, Inc. was incorporated in 1981 and is headquartered in Milwaukee, Wisconsin."
WFC,Wells Fargo,Financials,Diversified Banks,"San Francisco, California",6/30/1976,1852,"Wells Fargo & Company (NYSE: WFC) is a leading financial services company that has approximately $1.9 trillion in assets and proudly serves one in three U.S. households and more than 10% of all middle market companies in the U.S. We provide a diversified set of banking, investment and mortgage products and services, as well as consumer and commercial finance, through our four reportable operating segments: Consumer Banking and Lending, Commercial Banking, Corporate and Investment Banking, and Wealth and Investment Management. Wells Fargo ranked No. 30 on Fortune's 2020 rankings of America's largest corporations. In the communities we serve, the company focuses its social impact on building a sustainable, inclusive future for all by supporting housing affordability, small business growth, financial health and a low-carbon economy."
WELL,Welltower,Real Estate,Health Care REITs,"Toledo, Ohio",1/30/2009,1970,"Welltower Inc. (NYSE:WELL), an S&P 500 company headquartered in Toledo, Ohio, is driving the transformation of health care infrastructure. The Company invests with leading seniors housing operators, post-acute providers and health systems to fund the real estate infrastructure needed to scale innovative care delivery models and improve people's wellness and overall health care experience. Welltower√Ç¬ô, a real estate investment trust (""REIT""), owns interests in properties concentrated in major, high-growth markets in the United States, Canada and the United Kingdom, consisting of seniors housing and post-acute communities and outpatient medical properties."
WST,West Pharmaceutical Services,Health Care,Health Care Supplies,"Exton, Pennsylvania",5/22/2020,1923,"West Pharmaceutical Services, Inc. designs and produces containment and delivery systems for injectable drugs and healthcare products in the Americas, Europe, the Middle East, Africa, and the Asia Pacific. The company operates in two segments, Proprietary Products and Contract-Manufactured Products. The Proprietary Products segment offers stoppers and seals for injectable packaging systems; syringe and cartridge components, including custom solutions for the needs of injectable drug applications, as well as administration systems that enhance the safe delivery of drugs through advanced reconstitution, mixing, and transfer technologies; and films, coatings, washing, and vision inspection and sterilization processes and services to enhance the quality of packaging components. It also provides drug containment solutions, including Crystal Zenith, a cyclic olefin polymer in the form of vials, syringes, and cartridges; and self-injection devices, as well as a range of integrated solutions, including analytical lab services, pre-approval primary packaging support and engineering development, regulatory expertise, and after-sales technical support. This segment serves biologic, generic, and pharmaceutical drug companies. The Contract-Manufactured Products segment is involved in the design, manufacture, and automated assembly of devices used in surgical, diagnostic, ophthalmic, injectable, and other drug delivery systems, as well as consumer products. It serves pharmaceutical, diagnostic, and medical device companies. The company distributes its products through its sales force and distribution network, as well as contract sales agents and regional distributors. West Pharmaceutical Services, Inc. was incorporated in 1923 and is headquartered in Exton, Pennsylvania."
WDC,Western Digital,Information Technology,"Technology Hardware, Storage & Peripherals","San Jose, California",7/1/2009,1970,"Western Digital Corporation develops, manufactures, and sells data storage devices and solutions. It offers client devices, including hard disk drives (HDDs) and solid state drives (SSDs) for computing devices, such as desktop and notebook personal computers (PCs), smart video systems, gaming consoles, and set top boxes; flash-based embedded storage products for mobile phones, tablets, notebook PCs, and other portable and wearable devices, as well as automotive, Internet of Things, industrial, and connected home applications; flash-based memory wafers; and embedded storage solutions and flash products. The company also provides data center devices and solutions comprising enterprise helium hard drives; enterprise SSDs consisting of flash-based SSDs and software solutions for use in enterprise servers, online transactions, data analysis, and other enterprise applications; data center solutions, including HDDs and drive configurations for use in data storage systems and tiered storage models; and data storage platforms and systems. In addition, it offers client solutions, such as external HDD storage products in mobile and desktop form; client SSDs; removable cards that are used in consumer devices comprising mobile phones, tablets, imaging systems, and still and action video cameras; universal serial bus flash drives for use in the computing and consumer markets; and wireless drive products used in-field back up of created content, as well as wireless streaming of high-definition movies, photos, music, and documents to tablets, smartphones, and PCs. The company sells its products under the G-Technology, SanDisk, and WD brands to original equipment manufacturers, distributors, resellers, and retailers. It operates in the United States, China, Hong Kong, Europe, the Middle East, Africa, rest of Asia, and internationally. Western Digital Corporation was founded in 1970 and is headquartered in San Jose, California."
WRK,WestRock,Materials,Paper Packaging,"Atlanta, Georgia",3/4/1957,2015,"WestRock Company manufactures and sells paper and packaging solutions in North America, South America, Europe, Asia, and Australia. The company operates through Corrugated Packaging and Consumer Packaging segments. The Corrugated Packaging segment produces containerboards, corrugated sheets, corrugated packaging, and preprinted linerboards for sale to consumer and industrial products manufacturers, and corrugated box manufacturers. It also provides structural and graphic design, engineering services and custom, and automated packaging machines; offers a machinery solution that creates pouches to replace single-use plastics, including bubble mailers; distributes corrugated packaging materials and other specialty packaging products, including stretch films, void fills, carton sealing tapes, and other specialty tapes; operates recycling facilities that collect, sort, grade, and bale recovered paper; and provides lithographic laminated packaging products, as well as contract packing services. The Consumer Packaging segment manufactures and sells folding cartons that are used to package food, paper, beverages, dairy products, tobacco, confectionery, health and beauty, other household consumer, and commercial and industrial products; and express mail packages for the overnight courier industry. It also offers inserts and labels, as well as rigid packaging and other printed packaging products, such as transaction cards, brochures, product literature, marketing materials, and grower tags and plant stakes for the horticultural market; and secondary packages and paperboard packaging for over-the-counter and prescription drugs. In addition, this segment manufactures and sells solid fiber and corrugated partitions, and die-cut paperboard components principally to glass container manufacturers, producers of beer, food, wine, spirits, cosmetics and pharmaceuticals, and the automotive industry. WestRock Company is based in Atlanta, Georgia."
WY,Weyerhaeuser,Real Estate,Specialized REITs,"Seattle, Washington",,1900,"RH, together with its subsidiaries, operates as a retailer in the home furnishings. It offers products in various categories, including furniture, lighting, textiles, bathware, d√É¬©cor, outdoor and garden, and child and teen furnishings. The company provides its products through its retail galleries; and Source Books, a series of catalogs, as well as online through rh.com, rhbabyandchild.com, rhteen.com, and rhmodern.com, as well as waterworks.com. As of January 30, 2021, it operated a total of 68 RH Galleries and 38 RH outlet stores in 31 states in the District of Columbia and Canada, as well as 14 Waterworks showrooms throughout the United States and the United Kingdom. The company was formerly known as Restoration Hardware Holdings, Inc. and changed its name to RH in January 2017. RH was incorporated in 2011 and is headquartered in Corte Madera, California."
WHR,Whirlpool Corporation,Consumer Discretionary,Household Appliances,"Benton Harbor, Michigan",,1911,"Pool Corporation distributes swimming pool supplies, equipment, and related leisure products in the United States and internationally. The company offers maintenance products, including chemicals, supplies, and pool accessories; repair and replacement parts for pool equipment, such as cleaners, filters, heaters, pumps, and lights; fiberglass pools, and hot tubs and packaged pool kits comprising walls, liners, braces, and coping for in-ground and above-ground pools; pool equipment and components for new pool construction and the remodeling of existing pools; and irrigation and related products consisting of irrigation system components, and professional lawn care equipment and supplies. It also provides building materials, such as concrete, plumbing and electrical components, functional and decorative pool surfaces, decking materials, tiles, hardscapes, and natural stones for use in pool installations and remodeling; and commercial products, such as heaters, safety equipment, and commercial pumps and filters. In addition, the company offers discretionary recreational and related outdoor living products that enhance consumers' use and enjoyment of outdoor living spaces, such as hot tubs, grills, and components for outdoor kitchens. It serves swimming pool remodelers and builders; specialty retailers that sell swimming pool supplies; swimming pool repair and service businesses; irrigation construction and landscape maintenance contractors; golf courses; and commercial customers that serve hotels, universities, and community recreational facilities. As of December 31, 2020, the company operated 398 sales centers in North America, Europe, and Australia. Pool Corporation was incorporated in 1993 and is headquartered in Covington, Louisiana."
WMB,Williams Companies,Energy,Oil & Gas Storage & Transportation,"Tulsa, Oklahoma",3/31/1975,1908,"The Williams Companies, Inc., together with its subsidiaries, operates as an energy infrastructure company primarily in the United States. It operates through Transmission & Gulf of Mexico, Northeast G&P, and West segments. The Transmission & Gulf of Mexico segment comprises Transco and Northwest natural gas pipelines; and natural gas gathering and processing, and crude oil production handling and transportation assets in the Gulf Coast region. The Northeast G&P segment engages in the midstream gathering, processing, and fractionation activities in the Marcellus Shale region primarily in Pennsylvania and New York, and the Utica Shale region of eastern Ohio. The West segment comprises gas gathering, processing, and treating operations in the Rocky Mountain region of Colorado and Wyoming, the Barnett Shale region of north-central Texas, the Eagle Ford Shale region of South Texas, the Haynesville Shale region of northwest Louisiana, and the Mid-Continent region, which includes the Anadarko, Arkoma, and Permian basins; and natural gas liquid (NGL) and natural gas marketing operations, as well as storage facilities. The company owns and operates 30,000 miles of pipelines, 34 processing facilities, 9 fractionation facilities, and approximately 23 million barrels of NGL storage capacity. The Williams Companies, Inc. was founded in 1908 and is headquartered in Tulsa, Oklahoma."
WTW,Willis Towers Watson,Financials,Insurance Brokers,"London, United Kingdom",1/5/2016,2016,"Willis Towers Watson Public Limited Company is a global advisory, broking, and solutions company. They help clients manage risk, optimize benefits, cultivate talent, and expand the power of capital to protect and strengthen institutions and individuals. The company is headquartered in London, United Kingdom."
GWW,W. W. Grainger,Industrials,Industrial Machinery,"Lake Forest, Illinois",6/30/1981,1927,"W.W. Grainger, Inc. distributes maintenance, repair, and operating (MRO) products and services in the United States, Canada, and internationally. The company provides material handling equipment, safety and security supplies, lighting and electrical products, power and hand tools, pumps and plumbing supplies, cleaning and maintenance supplies, and metalworking tools. It also offers inventory management and technical support services. The company provides its products through sales and service representatives, catalogs, and electronic and ecommerce channels. It serves small and mid-sized businesses, large corporations, government entities, and other institutions. W.W. Grainger, Inc. was founded in 1927 and is headquartered in Lake Forest, Illinois."
WYNN,Wynn Resorts,Consumer Discretionary,Casinos & Gaming,"Paradise, Nevada",11/14/2008,2002,"Wynn Resorts, Limited designs, develops, and operates integrated resorts. Its Wynn Palace segment operates 424,000 square feet of casino space with 323 table games, 1,066 slot machines, private gaming salons, and sky casinos; a luxury hotel tower with 1,706 guest rooms, suites, and villas, including a health club, spa, salon, and pool; 14 food and beverage outlets; 107,000 square feet of retail space; 37,000 square feet of meeting and convention space; and performance lake and floral art displays. Its Wynn Macau segment operates 252,000 square feet of casino space with 331 table games, 896 slot machines, private gaming salons, sky casinos, and a poker room; two luxury hotel towers with 1,010 guest rooms and suites that include two health clubs, two spas, a salon, and a pool; 12 food and beverage outlets; 59,000 square feet of retail space; 31,000 square feet of meeting and convention space; and Chinese zodiac-inspired ceiling attractions. Its Las Vegas Operations segment operates 194,000 square feet of casino space with 209 table games, 1,737 slot machines, private gaming salons, a sky casino, a poker room, and a race and sports book; two luxury hotel towers with 4,748 guest rooms, suites, and villas, including swimming pools, private cabanas, two full service spas and salons, and a wedding chapel; 31 food and beverage outlets; 513,000 square feet of meeting and convention space; 152,000 square feet of retail space; and two theaters, three nightclubs and a beach club. Its Encore Boston Harbor segment operates 208,000 square feet of casino space with 198 table games, 1,890 slot machines, gaming areas, and a poker room; a luxury hotel tower with 671 guest rooms and suites, including a spa and salon; 16 food and beverage outlets and a nightclub; 8,000 square feet of retail space; 71,000 square feet of meeting and convention space; and a waterfront park, floral displays, and water shuttle service. The company was founded in 2002 and is based in Las Vegas, Nevada."
XEL,Xcel Energy,Utilities,Multi-Utilities,"Minneapolis, Minnesota",3/4/1957,1909,"Xcel Energy Inc., through its subsidiaries, generates, purchases, transmits, distributes, and sells electricity. It operates through Regulated Electric Utility, Regulated Natural Gas Utility, and All Other segments. The company generates electricity through coal, nuclear, natural gas, hydroelectric, solar, biomass, oil, wood/refuse, and wind energy sources. It also purchases, transports, distributes, and sells natural gas to retail customers, as well as transports customer-owned natural gas. In addition, the company develops and leases natural gas pipelines, and storage and compression facilities; and invests in rental housing projects, as well as procures equipment for the construction of renewable generation facilities. It serves residential, commercial, and industrial customers in the portions of Colorado, Michigan, Minnesota, New Mexico, North Dakota, South Dakota, Texas, and Wisconsin. The company sells electricity to approximately 3.7 million customers; and natural gas to approximately 2.1 million customers. Xcel Energy Inc. was incorporated in 1909 and is headquartered in Minneapolis, Minnesota."
XYL,Xylem Inc.,Industrials,Industrial Machinery,"White Plains, New York",11/1/2011,2011,"Xylem Inc., together with its subsidiaries, engages in the design, manufacture, and servicing of engineered products and solutions for the water and wastewater applications in the United States, Europe, the Asia Pacific, and internationally. It operates in three segments: Water Infrastructure, Applied Water, and Measurement & Control Solutions. The Water Infrastructure segment offers various products, including water and wastewater pumps; controls and systems; filtration, disinfection, and biological treatment equipment; and mobile dewatering equipment under the Flygt, Godwin, Wedeco, Sanitaire, and Leopold names for the transportation and treatment of water. The Applied Water segment provides pumps, valves, heat exchangers, controls, and dispensing equipment systems under the Goulds Water Technology, Bell & Gossett, A-C Fire Pump, Standard Xchange, Lowara, Jabsco, and Flojet brand names for residential and commercial building services, and industrial water applications. The Measurement & Control Solutions segment provides smart metering, networked communications, and measurement and control technologies, as well as critical infrastructure technologies that allow customers to use their distribution networks for the delivery, monitoring, and control of critical resources, such as water, electricity, and natural gas. It also offers software and services, including cloud-based analytics, remote monitoring, data management and analytics, leak detection, condition assessment, asset management, and pressure monitoring solutions, as well as testing equipment and managed services. This segment sells its products under the BLU-X, Pure, Sensus, Smith Blair, WTW, and YSI brand names. The company markets and sells its products through a network of direct sales force, resellers, distributors, and value-added solution providers. Xylem Inc. is headquartered in Rye Brook, New York."
YUM,Yum! Brands,Consumer Discretionary,Restaurants,"Louisville, Kentucky",10/6/1997,1997,"YUM! Brands, Inc., together with its subsidiaries, develops, operates, and franchises quick service restaurants worldwide. It operates through four segments: the KFC Division, the Pizza Hut Division, the Taco Bell Division, and the Habit Burger Grill Division. The company operates restaurants under the KFC, Pizza Hut, Taco Bell, and The Habit Burger Grill brands, which specialize in chicken, pizza, made-to-order chargrilled burgers, sandwiches, Mexican-style food categories, and other food products. As of December 31, 2020, it had 25,000 KFC units; 17,639 Pizza Hut units; 7,427 Taco Bell units; and 287 The Habit Burger Grill units in approximately 150 countries and territories. The company was formerly known as TRICON Global Restaurants, Inc. and changed its name to YUM! Brands, Inc. in May 2002. YUM! Brands, Inc. was founded in 1997 and is headquartered in Louisville, Kentucky."
ZBRA,Zebra Technologies,Information Technology,Electronic Equipment & Instruments,"Lincolnshire, Illinois",12/23/2019,1969,"Zebra Technologies Corporation, together with its subsidiaries, provides enterprise asset intelligence solutions in the automatic identification and data capture solutions industry worldwide. It operates in two segments, Asset Intelligence & Tracking and Enterprise Visibility & Mobility. The company designs, manufactures, and sells printers, which produce labels, wristbands, tickets, receipts, and plastic cards; RFID printers and encoders; accessories and options for its printers, including vehicle mounts and battery chargers; stock and customized thermal labels, receipts, ribbons, plastic cards, and RFID tags for printers; and temperature-monitoring labels primarily used in vaccine distribution, as well as self-laminating wristbands for use in laser printers. It also provides a range of maintenance, technical support, repair, and managed and professional services; real-time location systems and services; and tags, sensors, exciters, middleware software, and application software, as well as physical inventory management solutions, and rugged tablets and enterprise-grade mobile computing products and accessories. In addition, the company offers barcode scanners, image capture devices, and RFID readers; and workforce management solutions, workflow execution and task management solutions, and prescriptive analytics solutions, as well as communications and collaboration solutions. The company serves retail and e-commerce, transportation and logistics, manufacturing, healthcare, hospitality, warehouse and distribution, energy and utilities, government, education, and banking enterprises. It sells its products, solutions, and services through distributors, value added resellers, independent software vendors, direct marketers, and original equipment manufacturers. The company was founded in 1969 and is headquartered in Lincolnshire, Illinois."
ZBH,Zimmer Biomet,Health Care,Health Care Equipment,"Warsaw, Indiana",8/7/2001,1927,"Zimmer Biomet Holdings, Inc., together with its subsidiaries, designs, manufactures, and markets musculoskeletal healthcare products and solutions in the Americas, Europe, the Middle East, Africa, and the Asia Pacific. The company provides orthopaedic reconstructive products, such as knee and hip replacement products; S.E.T. products, including sports medicine, biologics, foot and ankle, extremities, and trauma products; spine products comprising medical devices and surgical instruments; and face and skull reconstruction products, as well as products that fixate and stabilize the bones of the chest to facilitate healing or reconstruction after open heart surgery, trauma, or for deformities of the chest. It also offers dental products that include dental reconstructive implants, and dental prosthetic and regenerative products, as well as surgical, bone cement, and office-based technology products. The company's products and solutions are used to treat patients suffering from disorders of, or injuries to, bones, joints, or supporting soft tissues. It serves orthopedic surgeons, neurosurgeons, oral surgeons, dentists, hospitals, stocking distributors, healthcare dealers, and other specialists, as well as agents, healthcare purchasing organizations, or buying groups. The company was formerly known as Zimmer Holdings, Inc. and changed its name to Zimmer Biomet Holdings, Inc. in June 2015. Zimmer Biomet Holdings, Inc. was founded in 1927 and is headquartered in Warsaw, Indiana."
ZION,Zions Bancorporation,Financials,Regional Banks,"Salt Lake City, Utah",6/22/2001,1873,"Zions Bancorporation, National Association provides various banking and related services primarily in the states of Arizona, California, Colorado, Idaho, Nevada, New Mexico, Oregon, Texas, Utah, Washington, and Wyoming. The company offers corporate banking services; commercial banking, including a focus on small- and medium-sized businesses; commercial real estate banking services; municipal and public finance services; retail banking, including residential mortgages; trust services; wealth management and private client banking services; and capital markets products and services. As of December 31, 2020, it operated 422 branches, which included 273 owned and 149 leased. The company was formerly known as ZB, National Association and changed its name to Zions Bancorporation, National Association in September 2018. Zions Bancorporation, National Association was founded in 1873 and is headquartered in Salt Lake City, Utah."
ZTS,Zoetis,Health Care,Pharmaceuticals,"Parsippany, New Jersey",6/21/2013,1952,"TIS Inc. provides information technology (IT) services in Japan and internationally. The company operates through Service IT Business, BPO, Financial IT Services, Industrial IT Services, and Other segments. The Service IT Business segment provides knowledge-intensive IT services to create universalized and template-oriented solutions, such as default configuration and ERP for clients. The BPO segment offers business process outsourcing services, including marketing and sales services; and office and contract operations. The Financial IT Services segment offers value-added services for client's operations, expand use of IT, and IT-based support services for financial sector. The Industrial IT Business segment value-added services for client's operations, expand use of IT, and IT-based support services for non-financial sector. The Others segment provides leasing and other information systems. The company serves clients in the credit card, banking, insurance and other financial, manufacturing, distribution, service, public, and other sectors. The company was formerly known as IT Holdings Corporation and changed its name to TIS Inc. in July 2016. TIS Inc. was founded in 1971 and is headquartered in Tokyo, Japan."
